system:index,date,doy,month,rainfall_mm,year,.geo
20200101,2020-01-01,0,1,0.0,2020,"{""type"":""MultiPoint"",""coordinates"":[]}"
20200102,2020-01-02,1,1,0.0,2020,"{""type"":""MultiPoint"",""coordinates"":[]}"
20200103,2020-01-03,2,1,0.0,2020,"{""type"":""MultiPoint"",""coordinates"":[]}"
20200104,2020-01-04,3,1,0.0,2020,"{""type"":""MultiPoint"",""coordinates"":[]}"
20200105,2020-01-05,4,1,0.0,2020,"{""type"":""MultiPoint"",""coordinates"":[]}"
20200106,2020-01-06,5,1,0.0,2020,"{""type"":""MultiPoint"",""coordinates"":[]}"
20200107,2020-01-07,6,1,0.0,2020,"{""type"":""MultiPoint"",""coordinates"":[]}"
20200108,2020-01-08,7,1,0.0,2020,"{""type"":""MultiPoint"",""coordinates"":[]}"
20200109,2020-01-09,8,1,0.0,2020,"{""type"":""MultiPoint"",""coordinates"":[]}"
20200110,2020-01-10,9,1,0.0,2020,"{""type"":""MultiPoint"",""coordinates"":[]}"
20200111,2020-01-11,10,1,0.0,2020,"{""type"":""MultiPoint"",""coordinates"":[]}"
20200112,2020-01-12,11,1,0.0,2020,"{""type"":""MultiPoint"",""coordinates"":[]}"
20200113,2020-01-13,12,1,0.0,2020,"{""type"":""MultiPoint"",""coordinates"":[]}"
20200114,2020-01-14,13,1,0.0,2020,"{""type"":""MultiPoint"",""coordinates"":[]}"
20200115,2020-01-15,14,1,0.0,2020,"{""type"":""MultiPoint"",""coordinates"":[]}"
20200116,2020-01-16,15,1,0.0,2020,"{""type"":""MultiPoint"",""coordinates"":[]}"
20200117,2020-01-17,16,1,0.0,2020,"{""type"":""MultiPoint"",""coordinates"":[]}"
20200118,2020-01-18,17,1,0.0,2020,"{""type"":""MultiPoint"",""coordinates"":[]}"
20200119,2020-01-19,18,1,0.0,2020,"{""type"":""MultiPoint"",""coordinates"":[]}"
20200120,2020-01-20,19,1,0.0,2020,"{""type"":""MultiPoint"",""coordinates"":[]}"
20200121,2020-01-21,20,1,0.0,2020,"{""type"":""MultiPoint"",""coordinates"":[]}"
20200122,2020-01-22,21,1,0.0,2020,"{""type"":""MultiPoint"",""coordinates"":[]}"
20200123,2020-01-23,22,1,0.0,2020,"{""type"":""MultiPoint"",""coordinates"":[]}"
20200124,2020-01-24,23,1,0.0,2020,"{""type"":""MultiPoint"",""coordinates"":[]}"
20200125,2020-01-25,24,1,0.0,2020,"{""type"":""MultiPoint"",""coordinates"":[]}"
20200126,2020-01-26,25,1,0.0,2020,"{""type"":""MultiPoint"",""coordinates"":[]}"
20200127,2020-01-27,26,1,0.0,2020,"{""type"":""MultiPoint"",""coordinates"":[]}"
20200128,2020-01-28,27,1,0.0,2020,"{""type"":""MultiPoint"",""coordinates"":[]}"
20200129,2020-01-29,28,1,8.479946755134165E-9,2020,"{""type"":""MultiPoint"",""coordinates"":[]}"
20200130,2020-01-30,29,1,3.520402680927726E-9,2020,"{""type"":""MultiPoint"",""coordinates"":[]}"
20200131,2020-01-31,30,1,0.0,2020,"{""type"":""MultiPoint"",""coordinates"":[]}"
20200201,2020-02-01,31,2,0.0,2020,"{""type"":""MultiPoint"",""coordinates"":[]}"
20200202,2020-02-02,32,2,0.0,2020,"{""type"":""MultiPoint"",""coordinates"":[]}"
20200203,2020-02-03,33,2,0.0,2020,"{""type"":""MultiPoint"",""coordinates"":[]}"
20200204,2020-02-04,34,2,0.0,2020,"{""type"":""MultiPoint"",""coordinates"":[]}"
20200205,2020-02-05,35,2,0.0,2020,"{""type"":""MultiPoint"",""coordinates"":[]}"
20200206,2020-02-06,36,2,0.0,2020,"{""type"":""MultiPoint"",""coordinates"":[]}"
20200207,2020-02-07,37,2,0.0,2020,"{""type"":""MultiPoint"",""coordinates"":[]}"
20200208,2020-02-08,38,2,0.0,2020,"{""type"":""MultiPoint"",""coordinates"":[]}"
20200209,2020-02-09,39,2,0.0,2020,"{""type"":""MultiPoint"",""coordinates"":[]}"
20200210,2020-02-10,40,2,0.0,2020,"{""type"":""MultiPoint"",""coordinates"":[]}"
20200211,2020-02-11,41,2,0.0,2020,"{""type"":""MultiPoint"",""coordinates"":[]}"
20200212,2020-02-12,42,2,0.0,2020,"{""type"":""MultiPoint"",""coordinates"":[]}"
20200213,2020-02-13,43,2,0.0,2020,"{""type"":""MultiPoint"",""coordinates"":[]}"
20200214,2020-02-14,44,2,0.0,2020,"{""type"":""MultiPoint"",""coordinates"":[]}"
20200215,2020-02-15,45,2,0.0,2020,"{""type"":""MultiPoint"",""coordinates"":[]}"
20200216,2020-02-16,46,2,0.0,2020,"{""type"":""MultiPoint"",""coordinates"":[]}"
20200217,2020-02-17,47,2,0.0,2020,"{""type"":""MultiPoint"",""coordinates"":[]}"
20200218,2020-02-18,48,2,3.875501565795682E-5,2020,"{""type"":""MultiPoint"",""coordinates"":[]}"
20200219,2020-02-19,49,2,0.0,2020,"{""type"":""MultiPoint"",""coordinates"":[]}"
20200220,2020-02-20,50,2,0.0,2020,"{""type"":""MultiPoint"",""coordinates"":[]}"
20200221,2020-02-21,51,2,0.0,2020,"{""type"":""MultiPoint"",""coordinates"":[]}"
20200222,2020-02-22,52,2,0.0,2020,"{""type"":""MultiPoint"",""coordinates"":[]}"
20200223,2020-02-23,53,2,0.0,2020,"{""type"":""MultiPoint"",""coordinates"":[]}"
20200224,2020-02-24,54,2,0.0,2020,"{""type"":""MultiPoint"",""coordinates"":[]}"
20200225,2020-02-25,55,2,0.0,2020,"{""type"":""MultiPoint"",""coordinates"":[]}"
20200226,2020-02-26,56,2,0.0,2020,"{""type"":""MultiPoint"",""coordinates"":[]}"
20200227,2020-02-27,57,2,0.0,2020,"{""type"":""MultiPoint"",""coordinates"":[]}"
20200228,2020-02-28,58,2,0.0,2020,"{""type"":""MultiPoint"",""coordinates"":[]}"
20200229,2020-02-29,59,2,0.0,2020,"{""type"":""MultiPoint"",""coordinates"":[]}"
20200301,2020-03-01,60,3,0.0,2020,"{""type"":""MultiPoint"",""coordinates"":[]}"
20200302,2020-03-02,61,3,0.0,2020,"{""type"":""MultiPoint"",""coordinates"":[]}"
20200303,2020-03-03,62,3,0.0024803800760025176,2020,"{""type"":""MultiPoint"",""coordinates"":[]}"
20200304,2020-03-04,63,3,0.0,2020,"{""type"":""MultiPoint"",""coordinates"":[]}"
20200305,2020-03-05,64,3,0.0,2020,"{""type"":""MultiPoint"",""coordinates"":[]}"
20200306,2020-03-06,65,3,0.0,2020,"{""type"":""MultiPoint"",""coordinates"":[]}"
20200307,2020-03-07,66,3,0.0,2020,"{""type"":""MultiPoint"",""coordinates"":[]}"
20200308,2020-03-08,67,3,0.0,2020,"{""type"":""MultiPoint"",""coordinates"":[]}"
20200309,2020-03-09,68,3,0.0,2020,"{""type"":""MultiPoint"",""coordinates"":[]}"
20200310,2020-03-10,69,3,0.0,2020,"{""type"":""MultiPoint"",""coordinates"":[]}"
20200311,2020-03-11,70,3,0.0,2020,"{""type"":""MultiPoint"",""coordinates"":[]}"
20200312,2020-03-12,71,3,0.13494979958407569,2020,"{""type"":""MultiPoint"",""coordinates"":[]}"
20200313,2020-03-13,72,3,0.14497165764250552,2020,"{""type"":""MultiPoint"",""coordinates"":[]}"
20200314,2020-03-14,73,3,0.0,2020,"{""type"":""MultiPoint"",""coordinates"":[]}"
20200315,2020-03-15,74,3,0.0,2020,"{""type"":""MultiPoint"",""coordinates"":[]}"
20200316,2020-03-16,75,3,0.0,2020,"{""type"":""MultiPoint"",""coordinates"":[]}"
20200317,2020-03-17,76,3,0.0,2020,"{""type"":""MultiPoint"",""coordinates"":[]}"
20200318,2020-03-18,77,3,0.0,2020,"{""type"":""MultiPoint"",""coordinates"":[]}"
20200319,2020-03-19,78,3,0.0,2020,"{""type"":""MultiPoint"",""coordinates"":[]}"
20200320,2020-03-20,79,3,0.0,2020,"{""type"":""MultiPoint"",""coordinates"":[]}"
20200321,2020-03-21,80,3,0.0,2020,"{""type"":""MultiPoint"",""coordinates"":[]}"
20200322,2020-03-22,81,3,0.01781715020894485,2020,"{""type"":""MultiPoint"",""coordinates"":[]}"
20200323,2020-03-23,82,3,0.0,2020,"{""type"":""MultiPoint"",""coordinates"":[]}"
20200324,2020-03-24,83,3,0.0,2020,"{""type"":""MultiPoint"",""coordinates"":[]}"
20200325,2020-03-25,84,3,0.37201501499617257,2020,"{""type"":""MultiPoint"",""coordinates"":[]}"
20200326,2020-03-26,85,3,0.0,2020,"{""type"":""MultiPoint"",""coordinates"":[]}"
20200327,2020-03-27,86,3,0.0,2020,"{""type"":""MultiPoint"",""coordinates"":[]}"
20200328,2020-03-28,87,3,0.0,2020,"{""type"":""MultiPoint"",""coordinates"":[]}"
20200329,2020-03-29,88,3,0.0,2020,"{""type"":""MultiPoint"",""coordinates"":[]}"
20200330,2020-03-30,89,3,0.0,2020,"{""type"":""MultiPoint"",""coordinates"":[]}"
20200331,2020-03-31,90,3,0.0,2020,"{""type"":""MultiPoint"",""coordinates"":[]}"
20200401,2020-04-01,91,4,0.0,2020,"{""type"":""MultiPoint"",""coordinates"":[]}"
20200402,2020-04-02,92,4,0.5193863329255337,2020,"{""type"":""MultiPoint"",""coordinates"":[]}"
20200403,2020-04-03,93,4,0.0,2020,"{""type"":""MultiPoint"",""coordinates"":[]}"
20200404,2020-04-04,94,4,0.21907058930156204,2020,"{""type"":""MultiPoint"",""coordinates"":[]}"
20200405,2020-04-05,95,4,0.03728866246306653,2020,"{""type"":""MultiPoint"",""coordinates"":[]}"
20200406,2020-04-06,96,4,0.0,2020,"{""type"":""MultiPoint"",""coordinates"":[]}"
20200407,2020-04-07,97,4,0.0,2020,"{""type"":""MultiPoint"",""coordinates"":[]}"
20200408,2020-04-08,98,4,0.0034965617181192793,2020,"{""type"":""MultiPoint"",""coordinates"":[]}"
20200409,2020-04-09,99,4,0.28546452272597056,2020,"{""type"":""MultiPoint"",""coordinates"":[]}"
20200410,2020-04-10,100,4,0.0,2020,"{""type"":""MultiPoint"",""coordinates"":[]}"
20200411,2020-04-11,101,4,0.03809606623451269,2020,"{""type"":""MultiPoint"",""coordinates"":[]}"
20200412,2020-04-12,102,4,0.0,2020,"{""type"":""MultiPoint"",""coordinates"":[]}"
20200413,2020-04-13,103,4,0.0,2020,"{""type"":""MultiPoint"",""coordinates"":[]}"
20200414,2020-04-14,104,4,0.0,2020,"{""type"":""MultiPoint"",""coordinates"":[]}"
20200415,2020-04-15,105,4,0.0,2020,"{""type"":""MultiPoint"",""coordinates"":[]}"
20200416,2020-04-16,106,4,0.0,2020,"{""type"":""MultiPoint"",""coordinates"":[]}"
20200417,2020-04-17,107,4,0.0,2020,"{""type"":""MultiPoint"",""coordinates"":[]}"
20200418,2020-04-18,108,4,0.0,2020,"{""type"":""MultiPoint"",""coordinates"":[]}"
20200419,2020-04-19,109,4,0.0,2020,"{""type"":""MultiPoint"",""coordinates"":[]}"
20200420,2020-04-20,110,4,0.0,2020,"{""type"":""MultiPoint"",""coordinates"":[]}"
20200421,2020-04-21,111,4,0.0,2020,"{""type"":""MultiPoint"",""coordinates"":[]}"
20200422,2020-04-22,112,4,0.0,2020,"{""type"":""MultiPoint"",""coordinates"":[]}"
20200423,2020-04-23,113,4,0.0,2020,"{""type"":""MultiPoint"",""coordinates"":[]}"
20200424,2020-04-24,114,4,1.0688534812847916,2020,"{""type"":""MultiPoint"",""coordinates"":[]}"
20200425,2020-04-25,115,4,0.0,2020,"{""type"":""MultiPoint"",""coordinates"":[]}"
20200426,2020-04-26,116,4,0.0,2020,"{""type"":""MultiPoint"",""coordinates"":[]}"
20200427,2020-04-27,117,4,3.475121654243984,2020,"{""type"":""MultiPoint"",""coordinates"":[]}"
20200428,2020-04-28,118,4,1.5394200383967565,2020,"{""type"":""MultiPoint"",""coordinates"":[]}"
20200429,2020-04-29,119,4,0.0,2020,"{""type"":""MultiPoint"",""coordinates"":[]}"
20200430,2020-04-30,120,4,0.07295316309002418,2020,"{""type"":""MultiPoint"",""coordinates"":[]}"
20200501,2020-05-01,121,5,1.0811575504075563,2020,"{""type"":""MultiPoint"",""coordinates"":[]}"
20200502,2020-05-02,122,5,1.3506024446221103,2020,"{""type"":""MultiPoint"",""coordinates"":[]}"
20200503,2020-05-03,123,5,9.885138066458595,2020,"{""type"":""MultiPoint"",""coordinates"":[]}"
20200504,2020-05-04,124,5,0.0,2020,"{""type"":""MultiPoint"",""coordinates"":[]}"
20200505,2020-05-05,125,5,0.0,2020,"{""type"":""MultiPoint"",""coordinates"":[]}"
20200506,2020-05-06,126,5,0.0,2020,"{""type"":""MultiPoint"",""coordinates"":[]}"
20200507,2020-05-07,127,5,0.0,2020,"{""type"":""MultiPoint"",""coordinates"":[]}"
20200508,2020-05-08,128,5,0.0,2020,"{""type"":""MultiPoint"",""coordinates"":[]}"
20200509,2020-05-09,129,5,0.0,2020,"{""type"":""MultiPoint"",""coordinates"":[]}"
20200510,2020-05-10,130,5,0.0,2020,"{""type"":""MultiPoint"",""coordinates"":[]}"
20200511,2020-05-11,131,5,0.0,2020,"{""type"":""MultiPoint"",""coordinates"":[]}"
20200512,2020-05-12,132,5,0.0,2020,"{""type"":""MultiPoint"",""coordinates"":[]}"
20200513,2020-05-13,133,5,4.363573935650958,2020,"{""type"":""MultiPoint"",""coordinates"":[]}"
20200514,2020-05-14,134,5,0.1288698056023247,2020,"{""type"":""MultiPoint"",""coordinates"":[]}"
20200515,2020-05-15,135,5,0.0,2020,"{""type"":""MultiPoint"",""coordinates"":[]}"
20200516,2020-05-16,136,5,0.07876301293421274,2020,"{""type"":""MultiPoint"",""coordinates"":[]}"
20200517,2020-05-17,137,5,0.0,2020,"{""type"":""MultiPoint"",""coordinates"":[]}"
20200518,2020-05-18,138,5,0.0,2020,"{""type"":""MultiPoint"",""coordinates"":[]}"
20200519,2020-05-19,139,5,0.0012129084099210309,2020,"{""type"":""MultiPoint"",""coordinates"":[]}"
20200520,2020-05-20,140,5,1.6759040689062283,2020,"{""type"":""MultiPoint"",""coordinates"":[]}"
20200521,2020-05-21,141,5,4.709204853490028,2020,"{""type"":""MultiPoint"",""coordinates"":[]}"
20200522,2020-05-22,142,5,5.953817987750205E-7,2020,"{""type"":""MultiPoint"",""coordinates"":[]}"
20200523,2020-05-23,143,5,0.3138382650083965,2020,"{""type"":""MultiPoint"",""coordinates"":[]}"
20200524,2020-05-24,144,5,3.181107356586559,2020,"{""type"":""MultiPoint"",""coordinates"":[]}"
20200525,2020-05-25,145,5,1.3928354532205367,2020,"{""type"":""MultiPoint"",""coordinates"":[]}"
20200526,2020-05-26,146,5,2.8521180699239466,2020,"{""type"":""MultiPoint"",""coordinates"":[]}"
20200527,2020-05-27,147,5,1.6898313218897039,2020,"{""type"":""MultiPoint"",""coordinates"":[]}"
20200528,2020-05-28,148,5,0.0,2020,"{""type"":""MultiPoint"",""coordinates"":[]}"
20200529,2020-05-29,149,5,0.3053236572925207,2020,"{""type"":""MultiPoint"",""coordinates"":[]}"
20200530,2020-05-30,150,5,7.1888670325397275,2020,"{""type"":""MultiPoint"",""coordinates"":[]}"
20200531,2020-05-31,151,5,0.0,2020,"{""type"":""MultiPoint"",""coordinates"":[]}"
20200601,2020-06-01,152,6,0.4273854428162596,2020,"{""type"":""MultiPoint"",""coordinates"":[]}"
20200602,2020-06-02,153,6,1.8014818277661657E-6,2020,"{""type"":""MultiPoint"",""coordinates"":[]}"
20200603,2020-06-03,154,6,2.1197834976547236,2020,"{""type"":""MultiPoint"",""coordinates"":[]}"
20200604,2020-06-04,155,6,6.362373002332423,2020,"{""type"":""MultiPoint"",""coordinates"":[]}"
20200605,2020-06-05,156,6,10.69464382546376,2020,"{""type"":""MultiPoint"",""coordinates"":[]}"
20200606,2020-06-06,157,6,0.0,2020,"{""type"":""MultiPoint"",""coordinates"":[]}"
20200607,2020-06-07,158,6,6.643990097151673E-4,2020,"{""type"":""MultiPoint"",""coordinates"":[]}"
20200608,2020-06-08,159,6,13.04861561750086,2020,"{""type"":""MultiPoint"",""coordinates"":[]}"
20200609,2020-06-09,160,6,0.8637412807497087,2020,"{""type"":""MultiPoint"",""coordinates"":[]}"
20200610,2020-06-10,161,6,5.399325779485899,2020,"{""type"":""MultiPoint"",""coordinates"":[]}"
20200611,2020-06-11,162,6,8.707688869261746,2020,"{""type"":""MultiPoint"",""coordinates"":[]}"
20200612,2020-06-12,163,6,0.2988158476945314,2020,"{""type"":""MultiPoint"",""coordinates"":[]}"
20200613,2020-06-13,164,6,0.8203671132250335,2020,"{""type"":""MultiPoint"",""coordinates"":[]}"
20200614,2020-06-14,165,6,0.002593057505382182,2020,"{""type"":""MultiPoint"",""coordinates"":[]}"
20200615,2020-06-15,166,6,3.1038698150890127,2020,"{""type"":""MultiPoint"",""coordinates"":[]}"
20200616,2020-06-16,167,6,4.704266852920753,2020,"{""type"":""MultiPoint"",""coordinates"":[]}"
20200617,2020-06-17,168,6,11.386910040181657,2020,"{""type"":""MultiPoint"",""coordinates"":[]}"
20200618,2020-06-18,169,6,0.0,2020,"{""type"":""MultiPoint"",""coordinates"":[]}"
20200619,2020-06-19,170,6,5.426607042757633,2020,"{""type"":""MultiPoint"",""coordinates"":[]}"
20200620,2020-06-20,171,6,0.9878433013722597,2020,"{""type"":""MultiPoint"",""coordinates"":[]}"
20200621,2020-06-21,172,6,0.6688922824281635,2020,"{""type"":""MultiPoint"",""coordinates"":[]}"
20200622,2020-06-22,173,6,0.0,2020,"{""type"":""MultiPoint"",""coordinates"":[]}"
20200623,2020-06-23,174,6,0.0,2020,"{""type"":""MultiPoint"",""coordinates"":[]}"
20200624,2020-06-24,175,6,0.6194679192161295,2020,"{""type"":""MultiPoint"",""coordinates"":[]}"
20200625,2020-06-25,176,6,6.77486464225979,2020,"{""type"":""MultiPoint"",""coordinates"":[]}"
20200626,2020-06-26,177,6,0.0,2020,"{""type"":""MultiPoint"",""coordinates"":[]}"
20200627,2020-06-27,178,6,0.0,2020,"{""type"":""MultiPoint"",""coordinates"":[]}"
20200628,2020-06-28,179,6,2.3533211563289416,2020,"{""type"":""MultiPoint"",""coordinates"":[]}"
20200629,2020-06-29,180,6,17.402832157802145,2020,"{""type"":""MultiPoint"",""coordinates"":[]}"
20200630,2020-06-30,181,6,0.04112397899578576,2020,"{""type"":""MultiPoint"",""coordinates"":[]}"
20200701,2020-07-01,182,7,0.0,2020,"{""type"":""MultiPoint"",""coordinates"":[]}"
20200702,2020-07-02,183,7,0.040903293725216026,2020,"{""type"":""MultiPoint"",""coordinates"":[]}"
20200703,2020-07-03,184,7,8.06504911067439,2020,"{""type"":""MultiPoint"",""coordinates"":[]}"
20200704,2020-07-04,185,7,6.896876351104724,2020,"{""type"":""MultiPoint"",""coordinates"":[]}"
20200705,2020-07-05,186,7,4.129734098710595,2020,"{""type"":""MultiPoint"",""coordinates"":[]}"
20200706,2020-07-06,187,7,0.0,2020,"{""type"":""MultiPoint"",""coordinates"":[]}"
20200707,2020-07-07,188,7,14.720951852101482,2020,"{""type"":""MultiPoint"",""coordinates"":[]}"
20200708,2020-07-08,189,7,0.0,2020,"{""type"":""MultiPoint"",""coordinates"":[]}"
20200709,2020-07-09,190,7,7.932716319858024,2020,"{""type"":""MultiPoint"",""coordinates"":[]}"
20200710,2020-07-10,191,7,0.0,2020,"{""type"":""MultiPoint"",""coordinates"":[]}"
20200711,2020-07-11,192,7,5.285546161463105,2020,"{""type"":""MultiPoint"",""coordinates"":[]}"
20200712,2020-07-12,193,7,0.9308327027041503,2020,"{""type"":""MultiPoint"",""coordinates"":[]}"
20200713,2020-07-13,194,7,0.0,2020,"{""type"":""MultiPoint"",""coordinates"":[]}"
20200714,2020-07-14,195,7,9.542140670945606,2020,"{""type"":""MultiPoint"",""coordinates"":[]}"
20200715,2020-07-15,196,7,0.0,2020,"{""type"":""MultiPoint"",""coordinates"":[]}"
20200716,2020-07-16,197,7,0.8492295931508976,2020,"{""type"":""MultiPoint"",""coordinates"":[]}"
20200717,2020-07-17,198,7,3.084180114859046,2020,"{""type"":""MultiPoint"",""coordinates"":[]}"
20200718,2020-07-18,199,7,0.9806839981440815,2020,"{""type"":""MultiPoint"",""coordinates"":[]}"
20200719,2020-07-19,200,7,4.165027124807606,2020,"{""type"":""MultiPoint"",""coordinates"":[]}"
20200720,2020-07-20,201,7,12.445719565559457,2020,"{""type"":""MultiPoint"",""coordinates"":[]}"
20200721,2020-07-21,202,7,6.629648690555186,2020,"{""type"":""MultiPoint"",""coordinates"":[]}"
20200722,2020-07-22,203,7,0.0,2020,"{""type"":""MultiPoint"",""coordinates"":[]}"
20200723,2020-07-23,204,7,2.3848357848021795,2020,"{""type"":""MultiPoint"",""coordinates"":[]}"
20200724,2020-07-24,205,7,0.0,2020,"{""type"":""MultiPoint"",""coordinates"":[]}"
20200725,2020-07-25,206,7,1.3882938124539002,2020,"{""type"":""MultiPoint"",""coordinates"":[]}"
20200726,2020-07-26,207,7,18.65087418075504,2020,"{""type"":""MultiPoint"",""coordinates"":[]}"
20200727,2020-07-27,208,7,4.3794496788037,2020,"{""type"":""MultiPoint"",""coordinates"":[]}"
20200728,2020-07-28,209,7,10.252320195736566,2020,"{""type"":""MultiPoint"",""coordinates"":[]}"
20200729,2020-07-29,210,7,10.036498891029954,2020,"{""type"":""MultiPoint"",""coordinates"":[]}"
20200730,2020-07-30,211,7,9.316782281384132,2020,"{""type"":""MultiPoint"",""coordinates"":[]}"
20200731,2020-07-31,212,7,0.0,2020,"{""type"":""MultiPoint"",""coordinates"":[]}"
20200801,2020-08-01,213,8,11.03640507593984,2020,"{""type"":""MultiPoint"",""coordinates"":[]}"
20200802,2020-08-02,214,8,44.379991904606456,2020,"{""type"":""MultiPoint"",""coordinates"":[]}"
20200803,2020-08-03,215,8,0.8384748179503162,2020,"{""type"":""MultiPoint"",""coordinates"":[]}"
20200804,2020-08-04,216,8,0.0,2020,"{""type"":""MultiPoint"",""coordinates"":[]}"
20200805,2020-08-05,217,8,6.754389841642964,2020,"{""type"":""MultiPoint"",""coordinates"":[]}"
20200806,2020-08-06,218,8,13.212497935197831,2020,"{""type"":""MultiPoint"",""coordinates"":[]}"
20200807,2020-08-07,219,8,0.0,2020,"{""type"":""MultiPoint"",""coordinates"":[]}"
20200808,2020-08-08,220,8,0.0,2020,"{""type"":""MultiPoint"",""coordinates"":[]}"
20200809,2020-08-09,221,8,4.228868686508297,2020,"{""type"":""MultiPoint"",""coordinates"":[]}"
20200810,2020-08-10,222,8,3.1503768702926522,2020,"{""type"":""MultiPoint"",""coordinates"":[]}"
20200811,2020-08-11,223,8,2.0971423129464974,2020,"{""type"":""MultiPoint"",""coordinates"":[]}"
20200812,2020-08-12,224,8,10.878694657265115,2020,"{""type"":""MultiPoint"",""coordinates"":[]}"
20200813,2020-08-13,225,8,12.194825740397908,2020,"{""type"":""MultiPoint"",""coordinates"":[]}"
20200814,2020-08-14,226,8,0.0,2020,"{""type"":""MultiPoint"",""coordinates"":[]}"
20200815,2020-08-15,227,8,0.0,2020,"{""type"":""MultiPoint"",""coordinates"":[]}"
20200816,2020-08-16,228,8,16.017762737950378,2020,"{""type"":""MultiPoint"",""coordinates"":[]}"
20200817,2020-08-17,229,8,8.127512734251274,2020,"{""type"":""MultiPoint"",""coordinates"":[]}"
20200818,2020-08-18,230,8,8.904446787965442,2020,"{""type"":""MultiPoint"",""coordinates"":[]}"
20200819,2020-08-19,231,8,8.584573591315033,2020,"{""type"":""MultiPoint"",""coordinates"":[]}"
20200820,2020-08-20,232,8,20.006612685912437,2020,"{""type"":""MultiPoint"",""coordinates"":[]}"
20200821,2020-08-21,233,8,7.130472545034462,2020,"{""type"":""MultiPoint"",""coordinates"":[]}"
20200822,2020-08-22,234,8,16.413794453485483,2020,"{""type"":""MultiPoint"",""coordinates"":[]}"
20200823,2020-08-23,235,8,0.0,2020,"{""type"":""MultiPoint"",""coordinates"":[]}"
20200824,2020-08-24,236,8,0.0,2020,"{""type"":""MultiPoint"",""coordinates"":[]}"
20200825,2020-08-25,237,8,19.843910396158112,2020,"{""type"":""MultiPoint"",""coordinates"":[]}"
20200826,2020-08-26,238,8,5.545067246396084,2020,"{""type"":""MultiPoint"",""coordinates"":[]}"
20200827,2020-08-27,239,8,3.1094751040707433,2020,"{""type"":""MultiPoint"",""coordinates"":[]}"
20200828,2020-08-28,240,8,28.474744278644657,2020,"{""type"":""MultiPoint"",""coordinates"":[]}"
20200829,2020-08-29,241,8,41.23807239966904,2020,"{""type"":""MultiPoint"",""coordinates"":[]}"
20200830,2020-08-30,242,8,3.1294171402633344,2020,"{""type"":""MultiPoint"",""coordinates"":[]}"
20200831,2020-08-31,243,8,29.192136081144778,2020,"{""type"":""MultiPoint"",""coordinates"":[]}"
20200901,2020-09-01,244,9,9.361120202466271,2020,"{""type"":""MultiPoint"",""coordinates"":[]}"
20200902,2020-09-02,245,9,14.462773450366765,2020,"{""type"":""MultiPoint"",""coordinates"":[]}"
20200903,2020-09-03,246,9,21.66067561642395,2020,"{""type"":""MultiPoint"",""coordinates"":[]}"
20200904,2020-09-04,247,9,0.0,2020,"{""type"":""MultiPoint"",""coordinates"":[]}"
20200905,2020-09-05,248,9,9.175661483881003,2020,"{""type"":""MultiPoint"",""coordinates"":[]}"
20200906,2020-09-06,249,9,22.754345735386355,2020,"{""type"":""MultiPoint"",""coordinates"":[]}"
20200907,2020-09-07,250,9,1.8547585516264944,2020,"{""type"":""MultiPoint"",""coordinates"":[]}"
20200908,2020-09-08,251,9,5.451919043788958,2020,"{""type"":""MultiPoint"",""coordinates"":[]}"
20200909,2020-09-09,252,9,0.09131499974414556,2020,"{""type"":""MultiPoint"",""coordinates"":[]}"
20200910,2020-09-10,253,9,15.514696421918837,2020,"{""type"":""MultiPoint"",""coordinates"":[]}"
20200911,2020-09-11,254,9,7.060055578220102,2020,"{""type"":""MultiPoint"",""coordinates"":[]}"
20200912,2020-09-12,255,9,12.208064274779403,2020,"{""type"":""MultiPoint"",""coordinates"":[]}"
20200913,2020-09-13,256,9,3.8395111949449956,2020,"{""type"":""MultiPoint"",""coordinates"":[]}"
20200914,2020-09-14,257,9,17.182686359959323,2020,"{""type"":""MultiPoint"",""coordinates"":[]}"
20200915,2020-09-15,258,9,0.0,2020,"{""type"":""MultiPoint"",""coordinates"":[]}"
20200916,2020-09-16,259,9,11.341023759998693,2020,"{""type"":""MultiPoint"",""coordinates"":[]}"
20200917,2020-09-17,260,9,13.880388118791496,2020,"{""type"":""MultiPoint"",""coordinates"":[]}"
20200918,2020-09-18,261,9,6.621997457184304,2020,"{""type"":""MultiPoint"",""coordinates"":[]}"
20200919,2020-09-19,262,9,0.016111961727680417,2020,"{""type"":""MultiPoint"",""coordinates"":[]}"
20200920,2020-09-20,263,9,7.091767944423579,2020,"{""type"":""MultiPoint"",""coordinates"":[]}"
20200921,2020-09-21,264,9,6.8228191101189815,2020,"{""type"":""MultiPoint"",""coordinates"":[]}"
20200922,2020-09-22,265,9,0.0,2020,"{""type"":""MultiPoint"",""coordinates"":[]}"
20200923,2020-09-23,266,9,0.0,2020,"{""type"":""MultiPoint"",""coordinates"":[]}"
20200924,2020-09-24,267,9,0.5761425950357668,2020,"{""type"":""MultiPoint"",""coordinates"":[]}"
20200925,2020-09-25,268,9,4.767356607224073,2020,"{""type"":""MultiPoint"",""coordinates"":[]}"
20200926,2020-09-26,269,9,1.2934137674151471,2020,"{""type"":""MultiPoint"",""coordinates"":[]}"
20200927,2020-09-27,270,9,14.788098301455914,2020,"{""type"":""MultiPoint"",""coordinates"":[]}"
20200928,2020-09-28,271,9,17.228783450331584,2020,"{""type"":""MultiPoint"",""coordinates"":[]}"
20200929,2020-09-29,272,9,12.867525022793439,2020,"{""type"":""MultiPoint"",""coordinates"":[]}"
20200930,2020-09-30,273,9,0.0,2020,"{""type"":""MultiPoint"",""coordinates"":[]}"
20201001,2020-10-01,274,10,0.7748395844151842,2020,"{""type"":""MultiPoint"",""coordinates"":[]}"
20201002,2020-10-02,275,10,0.0,2020,"{""type"":""MultiPoint"",""coordinates"":[]}"
20201003,2020-10-03,276,10,11.627388626071433,2020,"{""type"":""MultiPoint"",""coordinates"":[]}"
20201004,2020-10-04,277,10,0.775148224608689,2020,"{""type"":""MultiPoint"",""coordinates"":[]}"
20201005,2020-10-05,278,10,0.0,2020,"{""type"":""MultiPoint"",""coordinates"":[]}"
20201006,2020-10-06,279,10,10.55576339790811,2020,"{""type"":""MultiPoint"",""coordinates"":[]}"
20201007,2020-10-07,280,10,0.0,2020,"{""type"":""MultiPoint"",""coordinates"":[]}"
20201008,2020-10-08,281,10,1.1193485943296921,2020,"{""type"":""MultiPoint"",""coordinates"":[]}"
20201009,2020-10-09,282,10,0.0,2020,"{""type"":""MultiPoint"",""coordinates"":[]}"
20201010,2020-10-10,283,10,0.0,2020,"{""type"":""MultiPoint"",""coordinates"":[]}"
20201011,2020-10-11,284,10,0.0,2020,"{""type"":""MultiPoint"",""coordinates"":[]}"
20201012,2020-10-12,285,10,0.0,2020,"{""type"":""MultiPoint"",""coordinates"":[]}"
20201013,2020-10-13,286,10,0.0,2020,"{""type"":""MultiPoint"",""coordinates"":[]}"
20201014,2020-10-14,287,10,7.586462620721757,2020,"{""type"":""MultiPoint"",""coordinates"":[]}"
20201015,2020-10-15,288,10,1.2133745765610482,2020,"{""type"":""MultiPoint"",""coordinates"":[]}"
20201016,2020-10-16,289,10,0.0,2020,"{""type"":""MultiPoint"",""coordinates"":[]}"
20201017,2020-10-17,290,10,0.0,2020,"{""type"":""MultiPoint"",""coordinates"":[]}"
20201018,2020-10-18,291,10,0.0,2020,"{""type"":""MultiPoint"",""coordinates"":[]}"
20201019,2020-10-19,292,10,0.0,2020,"{""type"":""MultiPoint"",""coordinates"":[]}"
20201020,2020-10-20,293,10,0.0,2020,"{""type"":""MultiPoint"",""coordinates"":[]}"
20201021,2020-10-21,294,10,0.01869495107670023,2020,"{""type"":""MultiPoint"",""coordinates"":[]}"
20201022,2020-10-22,295,10,0.0,2020,"{""type"":""MultiPoint"",""coordinates"":[]}"
20201023,2020-10-23,296,10,0.0,2020,"{""type"":""MultiPoint"",""coordinates"":[]}"
20201024,2020-10-24,297,10,0.0,2020,"{""type"":""MultiPoint"",""coordinates"":[]}"
20201025,2020-10-25,298,10,0.0,2020,"{""type"":""MultiPoint"",""coordinates"":[]}"
20201026,2020-10-26,299,10,0.07655281181452557,2020,"{""type"":""MultiPoint"",""coordinates"":[]}"
20201027,2020-10-27,300,10,0.5620393033389716,2020,"{""type"":""MultiPoint"",""coordinates"":[]}"
20201028,2020-10-28,301,10,0.008482926771656022,2020,"{""type"":""MultiPoint"",""coordinates"":[]}"
20201029,2020-10-29,302,10,0.0,2020,"{""type"":""MultiPoint"",""coordinates"":[]}"
20201030,2020-10-30,303,10,0.44207809873738363,2020,"{""type"":""MultiPoint"",""coordinates"":[]}"
20201031,2020-10-31,304,10,1.292000965296242,2020,"{""type"":""MultiPoint"",""coordinates"":[]}"
20201101,2020-11-01,305,11,0.0,2020,"{""type"":""MultiPoint"",""coordinates"":[]}"
20201102,2020-11-02,306,11,0.0822126805180251,2020,"{""type"":""MultiPoint"",""coordinates"":[]}"
20201103,2020-11-03,307,11,0.0,2020,"{""type"":""MultiPoint"",""coordinates"":[]}"
20201104,2020-11-04,308,11,0.0,2020,"{""type"":""MultiPoint"",""coordinates"":[]}"
20201105,2020-11-05,309,11,0.0,2020,"{""type"":""MultiPoint"",""coordinates"":[]}"
20201106,2020-11-06,310,11,0.0,2020,"{""type"":""MultiPoint"",""coordinates"":[]}"
20201107,2020-11-07,311,11,0.0,2020,"{""type"":""MultiPoint"",""coordinates"":[]}"
20201108,2020-11-08,312,11,0.0,2020,"{""type"":""MultiPoint"",""coordinates"":[]}"
20201109,2020-11-09,313,11,0.0,2020,"{""type"":""MultiPoint"",""coordinates"":[]}"
20201110,2020-11-10,314,11,0.0,2020,"{""type"":""MultiPoint"",""coordinates"":[]}"
20201111,2020-11-11,315,11,0.0,2020,"{""type"":""MultiPoint"",""coordinates"":[]}"
20201112,2020-11-12,316,11,0.0,2020,"{""type"":""MultiPoint"",""coordinates"":[]}"
20201113,2020-11-13,317,11,0.0,2020,"{""type"":""MultiPoint"",""coordinates"":[]}"
20201114,2020-11-14,318,11,0.0,2020,"{""type"":""MultiPoint"",""coordinates"":[]}"
20201115,2020-11-15,319,11,0.0,2020,"{""type"":""MultiPoint"",""coordinates"":[]}"
20201116,2020-11-16,320,11,0.0,2020,"{""type"":""MultiPoint"",""coordinates"":[]}"
20201117,2020-11-17,321,11,0.0,2020,"{""type"":""MultiPoint"",""coordinates"":[]}"
20201118,2020-11-18,322,11,0.0,2020,"{""type"":""MultiPoint"",""coordinates"":[]}"
20201119,2020-11-19,323,11,0.0,2020,"{""type"":""MultiPoint"",""coordinates"":[]}"
20201120,2020-11-20,324,11,0.0,2020,"{""type"":""MultiPoint"",""coordinates"":[]}"
20201121,2020-11-21,325,11,8.50977268196151E-5,2020,"{""type"":""MultiPoint"",""coordinates"":[]}"
20201122,2020-11-22,326,11,0.0,2020,"{""type"":""MultiPoint"",""coordinates"":[]}"
20201123,2020-11-23,327,11,0.0,2020,"{""type"":""MultiPoint"",""coordinates"":[]}"
20201124,2020-11-24,328,11,0.0,2020,"{""type"":""MultiPoint"",""coordinates"":[]}"
20201125,2020-11-25,329,11,0.0,2020,"{""type"":""MultiPoint"",""coordinates"":[]}"
20201126,2020-11-26,330,11,0.0,2020,"{""type"":""MultiPoint"",""coordinates"":[]}"
20201127,2020-11-27,331,11,0.0,2020,"{""type"":""MultiPoint"",""coordinates"":[]}"
20201128,2020-11-28,332,11,0.0,2020,"{""type"":""MultiPoint"",""coordinates"":[]}"
20201129,2020-11-29,333,11,0.0,2020,"{""type"":""MultiPoint"",""coordinates"":[]}"
20201130,2020-11-30,334,11,0.0,2020,"{""type"":""MultiPoint"",""coordinates"":[]}"
20201201,2020-12-01,335,12,0.0,2020,"{""type"":""MultiPoint"",""coordinates"":[]}"
20201202,2020-12-02,336,12,0.0,2020,"{""type"":""MultiPoint"",""coordinates"":[]}"
20201203,2020-12-03,337,12,0.0,2020,"{""type"":""MultiPoint"",""coordinates"":[]}"
20201204,2020-12-04,338,12,0.0,2020,"{""type"":""MultiPoint"",""coordinates"":[]}"
20201205,2020-12-05,339,12,0.0,2020,"{""type"":""MultiPoint"",""coordinates"":[]}"
20201206,2020-12-06,340,12,0.0,2020,"{""type"":""MultiPoint"",""coordinates"":[]}"
20201207,2020-12-07,341,12,0.0,2020,"{""type"":""MultiPoint"",""coordinates"":[]}"
20201208,2020-12-08,342,12,0.0,2020,"{""type"":""MultiPoint"",""coordinates"":[]}"
20201209,2020-12-09,343,12,0.0,2020,"{""type"":""MultiPoint"",""coordinates"":[]}"
20201210,2020-12-10,344,12,0.0,2020,"{""type"":""MultiPoint"",""coordinates"":[]}"
20201211,2020-12-11,345,12,0.0,2020,"{""type"":""MultiPoint"",""coordinates"":[]}"
20201212,2020-12-12,346,12,0.0,2020,"{""type"":""MultiPoint"",""coordinates"":[]}"
20201213,2020-12-13,347,12,0.0,2020,"{""type"":""MultiPoint"",""coordinates"":[]}"
20201214,2020-12-14,348,12,0.0,2020,"{""type"":""MultiPoint"",""coordinates"":[]}"
20201215,2020-12-15,349,12,0.0,2020,"{""type"":""MultiPoint"",""coordinates"":[]}"
20201216,2020-12-16,350,12,0.0,2020,"{""type"":""MultiPoint"",""coordinates"":[]}"
20201217,2020-12-17,351,12,0.0,2020,"{""type"":""MultiPoint"",""coordinates"":[]}"
20201218,2020-12-18,352,12,0.0,2020,"{""type"":""MultiPoint"",""coordinates"":[]}"
20201219,2020-12-19,353,12,0.0,2020,"{""type"":""MultiPoint"",""coordinates"":[]}"
20201220,2020-12-20,354,12,0.0,2020,"{""type"":""MultiPoint"",""coordinates"":[]}"
20201221,2020-12-21,355,12,0.0,2020,"{""type"":""MultiPoint"",""coordinates"":[]}"
20201222,2020-12-22,356,12,0.0,2020,"{""type"":""MultiPoint"",""coordinates"":[]}"
20201223,2020-12-23,357,12,0.0,2020,"{""type"":""MultiPoint"",""coordinates"":[]}"
20201224,2020-12-24,358,12,0.0,2020,"{""type"":""MultiPoint"",""coordinates"":[]}"
20201225,2020-12-25,359,12,0.0,2020,"{""type"":""MultiPoint"",""coordinates"":[]}"
20201226,2020-12-26,360,12,0.0,2020,"{""type"":""MultiPoint"",""coordinates"":[]}"
20201227,2020-12-27,361,12,0.0,2020,"{""type"":""MultiPoint"",""coordinates"":[]}"
20201228,2020-12-28,362,12,0.0,2020,"{""type"":""MultiPoint"",""coordinates"":[]}"
20201229,2020-12-29,363,12,0.0,2020,"{""type"":""MultiPoint"",""coordinates"":[]}"
20201230,2020-12-30,364,12,0.0,2020,"{""type"":""MultiPoint"",""coordinates"":[]}"
20201231,2020-12-31,365,12,0.0,2020,"{""type"":""MultiPoint"",""coordinates"":[]}"
20210101,2021-01-01,0,1,0.0,2021,"{""type"":""MultiPoint"",""coordinates"":[]}"
20210102,2021-01-02,1,1,0.0,2021,"{""type"":""MultiPoint"",""coordinates"":[]}"
20210103,2021-01-03,2,1,0.0,2021,"{""type"":""MultiPoint"",""coordinates"":[]}"
20210104,2021-01-04,3,1,0.0,2021,"{""type"":""MultiPoint"",""coordinates"":[]}"
20210105,2021-01-05,4,1,0.0,2021,"{""type"":""MultiPoint"",""coordinates"":[]}"
20210106,2021-01-06,5,1,0.0,2021,"{""type"":""MultiPoint"",""coordinates"":[]}"
20210107,2021-01-07,6,1,0.0,2021,"{""type"":""MultiPoint"",""coordinates"":[]}"
20210108,2021-01-08,7,1,0.0,2021,"{""type"":""MultiPoint"",""coordinates"":[]}"
20210109,2021-01-09,8,1,0.0,2021,"{""type"":""MultiPoint"",""coordinates"":[]}"
20210110,2021-01-10,9,1,0.0,2021,"{""type"":""MultiPoint"",""coordinates"":[]}"
20210111,2021-01-11,10,1,0.0,2021,"{""type"":""MultiPoint"",""coordinates"":[]}"
20210112,2021-01-12,11,1,0.0,2021,"{""type"":""MultiPoint"",""coordinates"":[]}"
20210113,2021-01-13,12,1,0.0,2021,"{""type"":""MultiPoint"",""coordinates"":[]}"
20210114,2021-01-14,13,1,0.0,2021,"{""type"":""MultiPoint"",""coordinates"":[]}"
20210115,2021-01-15,14,1,0.0,2021,"{""type"":""MultiPoint"",""coordinates"":[]}"
20210116,2021-01-16,15,1,0.0,2021,"{""type"":""MultiPoint"",""coordinates"":[]}"
20210117,2021-01-17,16,1,0.0,2021,"{""type"":""MultiPoint"",""coordinates"":[]}"
20210118,2021-01-18,17,1,0.0,2021,"{""type"":""MultiPoint"",""coordinates"":[]}"
20210119,2021-01-19,18,1,0.0,2021,"{""type"":""MultiPoint"",""coordinates"":[]}"
20210120,2021-01-20,19,1,0.0,2021,"{""type"":""MultiPoint"",""coordinates"":[]}"
20210121,2021-01-21,20,1,0.0,2021,"{""type"":""MultiPoint"",""coordinates"":[]}"
20210122,2021-01-22,21,1,0.0,2021,"{""type"":""MultiPoint"",""coordinates"":[]}"
20210123,2021-01-23,22,1,0.0,2021,"{""type"":""MultiPoint"",""coordinates"":[]}"
20210124,2021-01-24,23,1,0.0,2021,"{""type"":""MultiPoint"",""coordinates"":[]}"
20210125,2021-01-25,24,1,0.0,2021,"{""type"":""MultiPoint"",""coordinates"":[]}"
20210126,2021-01-26,25,1,0.0,2021,"{""type"":""MultiPoint"",""coordinates"":[]}"
20210127,2021-01-27,26,1,0.0,2021,"{""type"":""MultiPoint"",""coordinates"":[]}"
20210128,2021-01-28,27,1,0.0,2021,"{""type"":""MultiPoint"",""coordinates"":[]}"
20210129,2021-01-29,28,1,0.0,2021,"{""type"":""MultiPoint"",""coordinates"":[]}"
20210130,2021-01-30,29,1,0.0,2021,"{""type"":""MultiPoint"",""coordinates"":[]}"
20210131,2021-01-31,30,1,0.0,2021,"{""type"":""MultiPoint"",""coordinates"":[]}"
20210201,2021-02-01,31,2,0.0,2021,"{""type"":""MultiPoint"",""coordinates"":[]}"
20210202,2021-02-02,32,2,0.0,2021,"{""type"":""MultiPoint"",""coordinates"":[]}"
20210203,2021-02-03,33,2,0.0,2021,"{""type"":""MultiPoint"",""coordinates"":[]}"
20210204,2021-02-04,34,2,0.0,2021,"{""type"":""MultiPoint"",""coordinates"":[]}"
20210205,2021-02-05,35,2,0.0,2021,"{""type"":""MultiPoint"",""coordinates"":[]}"
20210206,2021-02-06,36,2,0.0,2021,"{""type"":""MultiPoint"",""coordinates"":[]}"
20210207,2021-02-07,37,2,0.0,2021,"{""type"":""MultiPoint"",""coordinates"":[]}"
20210208,2021-02-08,38,2,0.0,2021,"{""type"":""MultiPoint"",""coordinates"":[]}"
20210209,2021-02-09,39,2,0.0,2021,"{""type"":""MultiPoint"",""coordinates"":[]}"
20210210,2021-02-10,40,2,0.0,2021,"{""type"":""MultiPoint"",""coordinates"":[]}"
20210211,2021-02-11,41,2,0.0,2021,"{""type"":""MultiPoint"",""coordinates"":[]}"
20210212,2021-02-12,42,2,0.0,2021,"{""type"":""MultiPoint"",""coordinates"":[]}"
20210213,2021-02-13,43,2,0.0,2021,"{""type"":""MultiPoint"",""coordinates"":[]}"
20210214,2021-02-14,44,2,0.0,2021,"{""type"":""MultiPoint"",""coordinates"":[]}"
20210215,2021-02-15,45,2,0.0,2021,"{""type"":""MultiPoint"",""coordinates"":[]}"
20210216,2021-02-16,46,2,0.0,2021,"{""type"":""MultiPoint"",""coordinates"":[]}"
20210217,2021-02-17,47,2,0.0,2021,"{""type"":""MultiPoint"",""coordinates"":[]}"
20210218,2021-02-18,48,2,0.0,2021,"{""type"":""MultiPoint"",""coordinates"":[]}"
20210219,2021-02-19,49,2,0.0,2021,"{""type"":""MultiPoint"",""coordinates"":[]}"
20210220,2021-02-20,50,2,0.0,2021,"{""type"":""MultiPoint"",""coordinates"":[]}"
20210221,2021-02-21,51,2,0.0,2021,"{""type"":""MultiPoint"",""coordinates"":[]}"
20210222,2021-02-22,52,2,0.0,2021,"{""type"":""MultiPoint"",""coordinates"":[]}"
20210223,2021-02-23,53,2,0.0,2021,"{""type"":""MultiPoint"",""coordinates"":[]}"
20210224,2021-02-24,54,2,0.0,2021,"{""type"":""MultiPoint"",""coordinates"":[]}"
20210225,2021-02-25,55,2,0.0,2021,"{""type"":""MultiPoint"",""coordinates"":[]}"
20210226,2021-02-26,56,2,0.0,2021,"{""type"":""MultiPoint"",""coordinates"":[]}"
20210227,2021-02-27,57,2,0.0,2021,"{""type"":""MultiPoint"",""coordinates"":[]}"
20210228,2021-02-28,58,2,0.0,2021,"{""type"":""MultiPoint"",""coordinates"":[]}"
20210301,2021-03-01,59,3,0.0,2021,"{""type"":""MultiPoint"",""coordinates"":[]}"
20210302,2021-03-02,60,3,0.0,2021,"{""type"":""MultiPoint"",""coordinates"":[]}"
20210303,2021-03-03,61,3,0.0,2021,"{""type"":""MultiPoint"",""coordinates"":[]}"
20210304,2021-03-04,62,3,0.0,2021,"{""type"":""MultiPoint"",""coordinates"":[]}"
20210305,2021-03-05,63,3,0.0,2021,"{""type"":""MultiPoint"",""coordinates"":[]}"
20210306,2021-03-06,64,3,0.0,2021,"{""type"":""MultiPoint"",""coordinates"":[]}"
20210307,2021-03-07,65,3,0.0,2021,"{""type"":""MultiPoint"",""coordinates"":[]}"
20210308,2021-03-08,66,3,0.0,2021,"{""type"":""MultiPoint"",""coordinates"":[]}"
20210309,2021-03-09,67,3,0.0,2021,"{""type"":""MultiPoint"",""coordinates"":[]}"
20210310,2021-03-10,68,3,0.0,2021,"{""type"":""MultiPoint"",""coordinates"":[]}"
20210311,2021-03-11,69,3,0.0,2021,"{""type"":""MultiPoint"",""coordinates"":[]}"
20210312,2021-03-12,70,3,0.0,2021,"{""type"":""MultiPoint"",""coordinates"":[]}"
20210313,2021-03-13,71,3,0.0,2021,"{""type"":""MultiPoint"",""coordinates"":[]}"
20210314,2021-03-14,72,3,0.0,2021,"{""type"":""MultiPoint"",""coordinates"":[]}"
20210315,2021-03-15,73,3,0.0,2021,"{""type"":""MultiPoint"",""coordinates"":[]}"
20210316,2021-03-16,74,3,0.0,2021,"{""type"":""MultiPoint"",""coordinates"":[]}"
20210317,2021-03-17,75,3,0.043044221740024924,2021,"{""type"":""MultiPoint"",""coordinates"":[]}"
20210318,2021-03-18,76,3,0.0,2021,"{""type"":""MultiPoint"",""coordinates"":[]}"
20210319,2021-03-19,77,3,0.0,2021,"{""type"":""MultiPoint"",""coordinates"":[]}"
20210320,2021-03-20,78,3,0.04959703063724017,2021,"{""type"":""MultiPoint"",""coordinates"":[]}"
20210321,2021-03-21,79,3,0.06046681041456869,2021,"{""type"":""MultiPoint"",""coordinates"":[]}"
20210322,2021-03-22,80,3,0.014037785506007648,2021,"{""type"":""MultiPoint"",""coordinates"":[]}"
20210323,2021-03-23,81,3,0.0,2021,"{""type"":""MultiPoint"",""coordinates"":[]}"
20210324,2021-03-24,82,3,0.029511492059688376,2021,"{""type"":""MultiPoint"",""coordinates"":[]}"
20210325,2021-03-25,83,3,0.0,2021,"{""type"":""MultiPoint"",""coordinates"":[]}"
20210326,2021-03-26,84,3,0.0,2021,"{""type"":""MultiPoint"",""coordinates"":[]}"
20210327,2021-03-27,85,3,0.0,2021,"{""type"":""MultiPoint"",""coordinates"":[]}"
20210328,2021-03-28,86,3,0.0,2021,"{""type"":""MultiPoint"",""coordinates"":[]}"
20210329,2021-03-29,87,3,0.0,2021,"{""type"":""MultiPoint"",""coordinates"":[]}"
20210330,2021-03-30,88,3,0.0,2021,"{""type"":""MultiPoint"",""coordinates"":[]}"
20210331,2021-03-31,89,3,0.0,2021,"{""type"":""MultiPoint"",""coordinates"":[]}"
20210401,2021-04-01,90,4,0.0,2021,"{""type"":""MultiPoint"",""coordinates"":[]}"
20210402,2021-04-02,91,4,0.0,2021,"{""type"":""MultiPoint"",""coordinates"":[]}"
20210403,2021-04-03,92,4,0.0,2021,"{""type"":""MultiPoint"",""coordinates"":[]}"
20210404,2021-04-04,93,4,0.0,2021,"{""type"":""MultiPoint"",""coordinates"":[]}"
20210405,2021-04-05,94,4,0.0,2021,"{""type"":""MultiPoint"",""coordinates"":[]}"
20210406,2021-04-06,95,4,0.0,2021,"{""type"":""MultiPoint"",""coordinates"":[]}"
20210407,2021-04-07,96,4,0.0,2021,"{""type"":""MultiPoint"",""coordinates"":[]}"
20210408,2021-04-08,97,4,0.0,2021,"{""type"":""MultiPoint"",""coordinates"":[]}"
20210409,2021-04-09,98,4,0.0,2021,"{""type"":""MultiPoint"",""coordinates"":[]}"
20210410,2021-04-10,99,4,0.10074110322953403,2021,"{""type"":""MultiPoint"",""coordinates"":[]}"
20210411,2021-04-11,100,4,0.0,2021,"{""type"":""MultiPoint"",""coordinates"":[]}"
20210412,2021-04-12,101,4,0.0,2021,"{""type"":""MultiPoint"",""coordinates"":[]}"
20210413,2021-04-13,102,4,0.12557698620690239,2021,"{""type"":""MultiPoint"",""coordinates"":[]}"
20210414,2021-04-14,103,4,0.08901799126506253,2021,"{""type"":""MultiPoint"",""coordinates"":[]}"
20210415,2021-04-15,104,4,0.0,2021,"{""type"":""MultiPoint"",""coordinates"":[]}"
20210416,2021-04-16,105,4,0.0,2021,"{""type"":""MultiPoint"",""coordinates"":[]}"
20210417,2021-04-17,106,4,0.0,2021,"{""type"":""MultiPoint"",""coordinates"":[]}"
20210418,2021-04-18,107,4,0.020646661218970713,2021,"{""type"":""MultiPoint"",""coordinates"":[]}"
20210419,2021-04-19,108,4,0.0,2021,"{""type"":""MultiPoint"",""coordinates"":[]}"
20210420,2021-04-20,109,4,0.0,2021,"{""type"":""MultiPoint"",""coordinates"":[]}"
20210421,2021-04-21,110,4,0.0,2021,"{""type"":""MultiPoint"",""coordinates"":[]}"
20210422,2021-04-22,111,4,0.9834447827615888,2021,"{""type"":""MultiPoint"",""coordinates"":[]}"
20210423,2021-04-23,112,4,0.0014813869016952952,2021,"{""type"":""MultiPoint"",""coordinates"":[]}"
20210424,2021-04-24,113,4,0.4050853806312638,2021,"{""type"":""MultiPoint"",""coordinates"":[]}"
20210425,2021-04-25,114,4,0.047901796737409484,2021,"{""type"":""MultiPoint"",""coordinates"":[]}"
20210426,2021-04-26,115,4,0.0,2021,"{""type"":""MultiPoint"",""coordinates"":[]}"
20210427,2021-04-27,116,4,0.0,2021,"{""type"":""MultiPoint"",""coordinates"":[]}"
20210428,2021-04-28,117,4,0.0,2021,"{""type"":""MultiPoint"",""coordinates"":[]}"
20210429,2021-04-29,118,4,0.0,2021,"{""type"":""MultiPoint"",""coordinates"":[]}"
20210430,2021-04-30,119,4,0.0,2021,"{""type"":""MultiPoint"",""coordinates"":[]}"
20210501,2021-05-01,120,5,0.0,2021,"{""type"":""MultiPoint"",""coordinates"":[]}"
20210502,2021-05-02,121,5,0.0,2021,"{""type"":""MultiPoint"",""coordinates"":[]}"
20210503,2021-05-03,122,5,0.0,2021,"{""type"":""MultiPoint"",""coordinates"":[]}"
20210504,2021-05-04,123,5,0.0,2021,"{""type"":""MultiPoint"",""coordinates"":[]}"
20210505,2021-05-05,124,5,0.0,2021,"{""type"":""MultiPoint"",""coordinates"":[]}"
20210506,2021-05-06,125,5,6.414175603809534,2021,"{""type"":""MultiPoint"",""coordinates"":[]}"
20210507,2021-05-07,126,5,0.6573511899686327,2021,"{""type"":""MultiPoint"",""coordinates"":[]}"
20210508,2021-05-08,127,5,0.0,2021,"{""type"":""MultiPoint"",""coordinates"":[]}"
20210509,2021-05-09,128,5,0.0,2021,"{""type"":""MultiPoint"",""coordinates"":[]}"
20210510,2021-05-10,129,5,1.976005027685621,2021,"{""type"":""MultiPoint"",""coordinates"":[]}"
20210511,2021-05-11,130,5,1.9097779837663302,2021,"{""type"":""MultiPoint"",""coordinates"":[]}"
20210512,2021-05-12,131,5,0.0,2021,"{""type"":""MultiPoint"",""coordinates"":[]}"
20210513,2021-05-13,132,5,2.3491597097447467,2021,"{""type"":""MultiPoint"",""coordinates"":[]}"
20210514,2021-05-14,133,5,0.0,2021,"{""type"":""MultiPoint"",""coordinates"":[]}"
20210515,2021-05-15,134,5,4.64737025195477,2021,"{""type"":""MultiPoint"",""coordinates"":[]}"
20210516,2021-05-16,135,5,1.578620286005798,2021,"{""type"":""MultiPoint"",""coordinates"":[]}"
20210517,2021-05-17,136,5,2.095125108597231,2021,"{""type"":""MultiPoint"",""coordinates"":[]}"
20210518,2021-05-18,137,5,1.9892157284805954,2021,"{""type"":""MultiPoint"",""coordinates"":[]}"
20210519,2021-05-19,138,5,0.41151276891315114,2021,"{""type"":""MultiPoint"",""coordinates"":[]}"
20210520,2021-05-20,139,5,0.3434129510215779,2021,"{""type"":""MultiPoint"",""coordinates"":[]}"
20210521,2021-05-21,140,5,1.9409554467434502,2021,"{""type"":""MultiPoint"",""coordinates"":[]}"
20210522,2021-05-22,141,5,0.0,2021,"{""type"":""MultiPoint"",""coordinates"":[]}"
20210523,2021-05-23,142,5,0.0,2021,"{""type"":""MultiPoint"",""coordinates"":[]}"
20210524,2021-05-24,143,5,0.0,2021,"{""type"":""MultiPoint"",""coordinates"":[]}"
20210525,2021-05-25,144,5,0.0,2021,"{""type"":""MultiPoint"",""coordinates"":[]}"
20210526,2021-05-26,145,5,0.0,2021,"{""type"":""MultiPoint"",""coordinates"":[]}"
20210527,2021-05-27,146,5,0.0,2021,"{""type"":""MultiPoint"",""coordinates"":[]}"
20210528,2021-05-28,147,5,0.0,2021,"{""type"":""MultiPoint"",""coordinates"":[]}"
20210529,2021-05-29,148,5,0.0,2021,"{""type"":""MultiPoint"",""coordinates"":[]}"
20210530,2021-05-30,149,5,1.5434480624332076,2021,"{""type"":""MultiPoint"",""coordinates"":[]}"
20210531,2021-05-31,150,5,0.15171476467266298,2021,"{""type"":""MultiPoint"",""coordinates"":[]}"
20210601,2021-06-01,151,6,4.33135098895358,2021,"{""type"":""MultiPoint"",""coordinates"":[]}"
20210602,2021-06-02,152,6,0.05687802969807326,2021,"{""type"":""MultiPoint"",""coordinates"":[]}"
20210603,2021-06-03,153,6,0.0,2021,"{""type"":""MultiPoint"",""coordinates"":[]}"
20210604,2021-06-04,154,6,12.694110671561125,2021,"{""type"":""MultiPoint"",""coordinates"":[]}"
20210605,2021-06-05,155,6,0.0,2021,"{""type"":""MultiPoint"",""coordinates"":[]}"
20210606,2021-06-06,156,6,0.0,2021,"{""type"":""MultiPoint"",""coordinates"":[]}"
20210607,2021-06-07,157,6,3.5763745671523686,2021,"{""type"":""MultiPoint"",""coordinates"":[]}"
20210608,2021-06-08,158,6,0.0,2021,"{""type"":""MultiPoint"",""coordinates"":[]}"
20210609,2021-06-09,159,6,0.0,2021,"{""type"":""MultiPoint"",""coordinates"":[]}"
20210610,2021-06-10,160,6,0.17518057004369872,2021,"{""type"":""MultiPoint"",""coordinates"":[]}"
20210611,2021-06-11,161,6,0.0,2021,"{""type"":""MultiPoint"",""coordinates"":[]}"
20210612,2021-06-12,162,6,12.756324601848663,2021,"{""type"":""MultiPoint"",""coordinates"":[]}"
20210613,2021-06-13,163,6,0.9414549782432455,2021,"{""type"":""MultiPoint"",""coordinates"":[]}"
20210614,2021-06-14,164,6,0.0,2021,"{""type"":""MultiPoint"",""coordinates"":[]}"
20210615,2021-06-15,165,6,8.0878242697898,2021,"{""type"":""MultiPoint"",""coordinates"":[]}"
20210616,2021-06-16,166,6,1.1653098282093435,2021,"{""type"":""MultiPoint"",""coordinates"":[]}"
20210617,2021-06-17,167,6,2.0262988010097858,2021,"{""type"":""MultiPoint"",""coordinates"":[]}"
20210618,2021-06-18,168,6,0.1787352839137663,2021,"{""type"":""MultiPoint"",""coordinates"":[]}"
20210619,2021-06-19,169,6,0.0,2021,"{""type"":""MultiPoint"",""coordinates"":[]}"
20210620,2021-06-20,170,6,3.4291676679066465,2021,"{""type"":""MultiPoint"",""coordinates"":[]}"
20210621,2021-06-21,171,6,5.144185300202954,2021,"{""type"":""MultiPoint"",""coordinates"":[]}"
20210622,2021-06-22,172,6,2.1102010132794713,2021,"{""type"":""MultiPoint"",""coordinates"":[]}"
20210623,2021-06-23,173,6,5.689495397667103,2021,"{""type"":""MultiPoint"",""coordinates"":[]}"
20210624,2021-06-24,174,6,0.0,2021,"{""type"":""MultiPoint"",""coordinates"":[]}"
20210625,2021-06-25,175,6,6.092553232608158,2021,"{""type"":""MultiPoint"",""coordinates"":[]}"
20210626,2021-06-26,176,6,7.666566971482133,2021,"{""type"":""MultiPoint"",""coordinates"":[]}"
20210627,2021-06-27,177,6,8.143183197826886,2021,"{""type"":""MultiPoint"",""coordinates"":[]}"
20210628,2021-06-28,178,6,7.450262327717422E-4,2021,"{""type"":""MultiPoint"",""coordinates"":[]}"
20210629,2021-06-29,179,6,0.6464312366505239,2021,"{""type"":""MultiPoint"",""coordinates"":[]}"
20210630,2021-06-30,180,6,0.05151589380960508,2021,"{""type"":""MultiPoint"",""coordinates"":[]}"
20210701,2021-07-01,181,7,0.0,2021,"{""type"":""MultiPoint"",""coordinates"":[]}"
20210702,2021-07-02,182,7,10.750492105391457,2021,"{""type"":""MultiPoint"",""coordinates"":[]}"
20210703,2021-07-03,183,7,0.0,2021,"{""type"":""MultiPoint"",""coordinates"":[]}"
20210704,2021-07-04,184,7,3.171918756396588,2021,"{""type"":""MultiPoint"",""coordinates"":[]}"
20210705,2021-07-05,185,7,2.738252681041618,2021,"{""type"":""MultiPoint"",""coordinates"":[]}"
20210706,2021-07-06,186,7,0.0,2021,"{""type"":""MultiPoint"",""coordinates"":[]}"
20210707,2021-07-07,187,7,10.685799982411291,2021,"{""type"":""MultiPoint"",""coordinates"":[]}"
20210708,2021-07-08,188,7,7.8787803612125575,2021,"{""type"":""MultiPoint"",""coordinates"":[]}"
20210709,2021-07-09,189,7,0.37293934647365,2021,"{""type"":""MultiPoint"",""coordinates"":[]}"
20210710,2021-07-10,190,7,0.0,2021,"{""type"":""MultiPoint"",""coordinates"":[]}"
20210711,2021-07-11,191,7,13.919740835164507,2021,"{""type"":""MultiPoint"",""coordinates"":[]}"
20210712,2021-07-12,192,7,6.875424663579966,2021,"{""type"":""MultiPoint"",""coordinates"":[]}"
20210713,2021-07-13,193,7,0.0,2021,"{""type"":""MultiPoint"",""coordinates"":[]}"
20210714,2021-07-14,194,7,8.328875508726789,2021,"{""type"":""MultiPoint"",""coordinates"":[]}"
20210715,2021-07-15,195,7,0.0,2021,"{""type"":""MultiPoint"",""coordinates"":[]}"
20210716,2021-07-16,196,7,0.4226141485938414,2021,"{""type"":""MultiPoint"",""coordinates"":[]}"
20210717,2021-07-17,197,7,3.223785144972503,2021,"{""type"":""MultiPoint"",""coordinates"":[]}"
20210718,2021-07-18,198,7,2.095760647153637,2021,"{""type"":""MultiPoint"",""coordinates"":[]}"
20210719,2021-07-19,199,7,8.260973039960644,2021,"{""type"":""MultiPoint"",""coordinates"":[]}"
20210720,2021-07-20,200,7,4.214413196456434,2021,"{""type"":""MultiPoint"",""coordinates"":[]}"
20210721,2021-07-21,201,7,5.1543676734655355,2021,"{""type"":""MultiPoint"",""coordinates"":[]}"
20210722,2021-07-22,202,7,7.992906375506487,2021,"{""type"":""MultiPoint"",""coordinates"":[]}"
20210723,2021-07-23,203,7,0.0,2021,"{""type"":""MultiPoint"",""coordinates"":[]}"
20210724,2021-07-24,204,7,0.0,2021,"{""type"":""MultiPoint"",""coordinates"":[]}"
20210725,2021-07-25,205,7,18.139016412276757,2021,"{""type"":""MultiPoint"",""coordinates"":[]}"
20210726,2021-07-26,206,7,5.827482591739714,2021,"{""type"":""MultiPoint"",""coordinates"":[]}"
20210727,2021-07-27,207,7,6.255885938012405,2021,"{""type"":""MultiPoint"",""coordinates"":[]}"
20210728,2021-07-28,208,7,1.4635716357734516,2021,"{""type"":""MultiPoint"",""coordinates"":[]}"
20210729,2021-07-29,209,7,7.149411413688003,2021,"{""type"":""MultiPoint"",""coordinates"":[]}"
20210730,2021-07-30,210,7,2.377662177368258,2021,"{""type"":""MultiPoint"",""coordinates"":[]}"
20210731,2021-07-31,211,7,8.768972909764548,2021,"{""type"":""MultiPoint"",""coordinates"":[]}"
20210801,2021-08-01,212,8,0.030917295301803434,2021,"{""type"":""MultiPoint"",""coordinates"":[]}"
20210802,2021-08-02,213,8,0.0,2021,"{""type"":""MultiPoint"",""coordinates"":[]}"
20210803,2021-08-03,214,8,0.0,2021,"{""type"":""MultiPoint"",""coordinates"":[]}"
20210804,2021-08-04,215,8,0.053926670190059776,2021,"{""type"":""MultiPoint"",""coordinates"":[]}"
20210805,2021-08-05,216,8,9.12478611988227,2021,"{""type"":""MultiPoint"",""coordinates"":[]}"
20210806,2021-08-06,217,8,18.0518715254598,2021,"{""type"":""MultiPoint"",""coordinates"":[]}"
20210807,2021-08-07,218,8,2.317096356236833,2021,"{""type"":""MultiPoint"",""coordinates"":[]}"
20210808,2021-08-08,219,8,0.18093368501374216,2021,"{""type"":""MultiPoint"",""coordinates"":[]}"
20210809,2021-08-09,220,8,1.8308438977101549,2021,"{""type"":""MultiPoint"",""coordinates"":[]}"
20210810,2021-08-10,221,8,6.441967194234765,2021,"{""type"":""MultiPoint"",""coordinates"":[]}"
20210811,2021-08-11,222,8,10.944546292668216,2021,"{""type"":""MultiPoint"",""coordinates"":[]}"
20210812,2021-08-12,223,8,10.677492828977343,2021,"{""type"":""MultiPoint"",""coordinates"":[]}"
20210813,2021-08-13,224,8,3.9970890006633715,2021,"{""type"":""MultiPoint"",""coordinates"":[]}"
20210814,2021-08-14,225,8,8.360180122967073,2021,"{""type"":""MultiPoint"",""coordinates"":[]}"
20210815,2021-08-15,226,8,5.736885198391789,2021,"{""type"":""MultiPoint"",""coordinates"":[]}"
20210816,2021-08-16,227,8,17.205008361712146,2021,"{""type"":""MultiPoint"",""coordinates"":[]}"
20210817,2021-08-17,228,8,2.98719223023972,2021,"{""type"":""MultiPoint"",""coordinates"":[]}"
20210818,2021-08-18,229,8,15.263290962669537,2021,"{""type"":""MultiPoint"",""coordinates"":[]}"
20210819,2021-08-19,230,8,11.32149020967731,2021,"{""type"":""MultiPoint"",""coordinates"":[]}"
20210820,2021-08-20,231,8,9.675493939320955,2021,"{""type"":""MultiPoint"",""coordinates"":[]}"
20210821,2021-08-21,232,8,0.18002648069306537,2021,"{""type"":""MultiPoint"",""coordinates"":[]}"
20210822,2021-08-22,233,8,10.538987102497213,2021,"{""type"":""MultiPoint"",""coordinates"":[]}"
20210823,2021-08-23,234,8,7.668837452293693,2021,"{""type"":""MultiPoint"",""coordinates"":[]}"
20210824,2021-08-24,235,8,0.7455183681957224,2021,"{""type"":""MultiPoint"",""coordinates"":[]}"
20210825,2021-08-25,236,8,9.192510061345258,2021,"{""type"":""MultiPoint"",""coordinates"":[]}"
20210826,2021-08-26,237,8,1.3846700608458795,2021,"{""type"":""MultiPoint"",""coordinates"":[]}"
20210827,2021-08-27,238,8,2.600500461724187,2021,"{""type"":""MultiPoint"",""coordinates"":[]}"
20210828,2021-08-28,239,8,13.54066886796081,2021,"{""type"":""MultiPoint"",""coordinates"":[]}"
20210829,2021-08-29,240,8,0.0,2021,"{""type"":""MultiPoint"",""coordinates"":[]}"
20210830,2021-08-30,241,8,9.176365377124313,2021,"{""type"":""MultiPoint"",""coordinates"":[]}"
20210831,2021-08-31,242,8,0.0,2021,"{""type"":""MultiPoint"",""coordinates"":[]}"
20210901,2021-09-01,243,9,0.0,2021,"{""type"":""MultiPoint"",""coordinates"":[]}"
20210902,2021-09-02,244,9,4.54263522091845,2021,"{""type"":""MultiPoint"",""coordinates"":[]}"
20210903,2021-09-03,245,9,0.834669231164335,2021,"{""type"":""MultiPoint"",""coordinates"":[]}"
20210904,2021-09-04,246,9,10.893031773460478,2021,"{""type"":""MultiPoint"",""coordinates"":[]}"
20210905,2021-09-05,247,9,1.8600987438920418,2021,"{""type"":""MultiPoint"",""coordinates"":[]}"
20210906,2021-09-06,248,9,0.9599077620820778,2021,"{""type"":""MultiPoint"",""coordinates"":[]}"
20210907,2021-09-07,249,9,0.0,2021,"{""type"":""MultiPoint"",""coordinates"":[]}"
20210908,2021-09-08,250,9,0.0,2021,"{""type"":""MultiPoint"",""coordinates"":[]}"
20210909,2021-09-09,251,9,4.947445909158621,2021,"{""type"":""MultiPoint"",""coordinates"":[]}"
20210910,2021-09-10,252,9,8.118697099955773,2021,"{""type"":""MultiPoint"",""coordinates"":[]}"
20210911,2021-09-11,253,9,1.6724049018902172,2021,"{""type"":""MultiPoint"",""coordinates"":[]}"
20210912,2021-09-12,254,9,0.0,2021,"{""type"":""MultiPoint"",""coordinates"":[]}"
20210913,2021-09-13,255,9,7.697340654934909,2021,"{""type"":""MultiPoint"",""coordinates"":[]}"
20210914,2021-09-14,256,9,0.0,2021,"{""type"":""MultiPoint"",""coordinates"":[]}"
20210915,2021-09-15,257,9,0.0,2021,"{""type"":""MultiPoint"",""coordinates"":[]}"
20210916,2021-09-16,258,9,0.011779933264761261,2021,"{""type"":""MultiPoint"",""coordinates"":[]}"
20210917,2021-09-17,259,9,2.392252309885703E-4,2021,"{""type"":""MultiPoint"",""coordinates"":[]}"
20210918,2021-09-18,260,9,0.0,2021,"{""type"":""MultiPoint"",""coordinates"":[]}"
20210919,2021-09-19,261,9,3.980734999332364,2021,"{""type"":""MultiPoint"",""coordinates"":[]}"
20210920,2021-09-20,262,9,0.2777280055501481,2021,"{""type"":""MultiPoint"",""coordinates"":[]}"
20210921,2021-09-21,263,9,2.856083998280625,2021,"{""type"":""MultiPoint"",""coordinates"":[]}"
20210922,2021-09-22,264,9,16.696875617914472,2021,"{""type"":""MultiPoint"",""coordinates"":[]}"
20210923,2021-09-23,265,9,0.10294604542279484,2021,"{""type"":""MultiPoint"",""coordinates"":[]}"
20210924,2021-09-24,266,9,0.0,2021,"{""type"":""MultiPoint"",""coordinates"":[]}"
20210925,2021-09-25,267,9,0.0,2021,"{""type"":""MultiPoint"",""coordinates"":[]}"
20210926,2021-09-26,268,9,0.0,2021,"{""type"":""MultiPoint"",""coordinates"":[]}"
20210927,2021-09-27,269,9,4.899478904089849,2021,"{""type"":""MultiPoint"",""coordinates"":[]}"
20210928,2021-09-28,270,9,2.598440155791254,2021,"{""type"":""MultiPoint"",""coordinates"":[]}"
20210929,2021-09-29,271,9,8.28539949881013,2021,"{""type"":""MultiPoint"",""coordinates"":[]}"
20210930,2021-09-30,272,9,0.22486084252212232,2021,"{""type"":""MultiPoint"",""coordinates"":[]}"
20211001,2021-10-01,273,10,0.0,2021,"{""type"":""MultiPoint"",""coordinates"":[]}"
20211002,2021-10-02,274,10,0.0,2021,"{""type"":""MultiPoint"",""coordinates"":[]}"
20211003,2021-10-03,275,10,0.0,2021,"{""type"":""MultiPoint"",""coordinates"":[]}"
20211004,2021-10-04,276,10,0.22408541258454773,2021,"{""type"":""MultiPoint"",""coordinates"":[]}"
20211005,2021-10-05,277,10,0.0,2021,"{""type"":""MultiPoint"",""coordinates"":[]}"
20211006,2021-10-06,278,10,0.0,2021,"{""type"":""MultiPoint"",""coordinates"":[]}"
20211007,2021-10-07,279,10,0.0,2021,"{""type"":""MultiPoint"",""coordinates"":[]}"
20211008,2021-10-08,280,10,0.0,2021,"{""type"":""MultiPoint"",""coordinates"":[]}"
20211009,2021-10-09,281,10,0.0,2021,"{""type"":""MultiPoint"",""coordinates"":[]}"
20211010,2021-10-10,282,10,0.0,2021,"{""type"":""MultiPoint"",""coordinates"":[]}"
20211011,2021-10-11,283,10,0.0,2021,"{""type"":""MultiPoint"",""coordinates"":[]}"
20211012,2021-10-12,284,10,0.0,2021,"{""type"":""MultiPoint"",""coordinates"":[]}"
20211013,2021-10-13,285,10,0.0,2021,"{""type"":""MultiPoint"",""coordinates"":[]}"
20211014,2021-10-14,286,10,0.0,2021,"{""type"":""MultiPoint"",""coordinates"":[]}"
20211015,2021-10-15,287,10,2.20263956541778,2021,"{""type"":""MultiPoint"",""coordinates"":[]}"
20211016,2021-10-16,288,10,0.0,2021,"{""type"":""MultiPoint"",""coordinates"":[]}"
20211017,2021-10-17,289,10,0.053590178159138406,2021,"{""type"":""MultiPoint"",""coordinates"":[]}"
20211018,2021-10-18,290,10,0.0,2021,"{""type"":""MultiPoint"",""coordinates"":[]}"
20211019,2021-10-19,291,10,0.001032215317869498,2021,"{""type"":""MultiPoint"",""coordinates"":[]}"
20211020,2021-10-20,292,10,5.631639866244324,2021,"{""type"":""MultiPoint"",""coordinates"":[]}"
20211021,2021-10-21,293,10,4.919895912449203,2021,"{""type"":""MultiPoint"",""coordinates"":[]}"
20211022,2021-10-22,294,10,5.541774240902896,2021,"{""type"":""MultiPoint"",""coordinates"":[]}"
20211023,2021-10-23,295,10,0.0,2021,"{""type"":""MultiPoint"",""coordinates"":[]}"
20211024,2021-10-24,296,10,0.0,2021,"{""type"":""MultiPoint"",""coordinates"":[]}"
20211025,2021-10-25,297,10,0.0,2021,"{""type"":""MultiPoint"",""coordinates"":[]}"
20211026,2021-10-26,298,10,0.3097831714292592,2021,"{""type"":""MultiPoint"",""coordinates"":[]}"
20211027,2021-10-27,299,10,0.0,2021,"{""type"":""MultiPoint"",""coordinates"":[]}"
20211028,2021-10-28,300,10,0.0,2021,"{""type"":""MultiPoint"",""coordinates"":[]}"
20211029,2021-10-29,301,10,0.0,2021,"{""type"":""MultiPoint"",""coordinates"":[]}"
20211030,2021-10-30,302,10,0.0,2021,"{""type"":""MultiPoint"",""coordinates"":[]}"
20211031,2021-10-31,303,10,0.0,2021,"{""type"":""MultiPoint"",""coordinates"":[]}"
20211101,2021-11-01,304,11,0.0,2021,"{""type"":""MultiPoint"",""coordinates"":[]}"
20211102,2021-11-02,305,11,0.0,2021,"{""type"":""MultiPoint"",""coordinates"":[]}"
20211103,2021-11-03,306,11,0.01796086945612139,2021,"{""type"":""MultiPoint"",""coordinates"":[]}"
20211104,2021-11-04,307,11,0.0,2021,"{""type"":""MultiPoint"",""coordinates"":[]}"
20211105,2021-11-05,308,11,0.0,2021,"{""type"":""MultiPoint"",""coordinates"":[]}"
20211106,2021-11-06,309,11,0.0,2021,"{""type"":""MultiPoint"",""coordinates"":[]}"
20211107,2021-11-07,310,11,0.0,2021,"{""type"":""MultiPoint"",""coordinates"":[]}"
20211108,2021-11-08,311,11,0.0,2021,"{""type"":""MultiPoint"",""coordinates"":[]}"
20211109,2021-11-09,312,11,0.0,2021,"{""type"":""MultiPoint"",""coordinates"":[]}"
20211110,2021-11-10,313,11,0.0,2021,"{""type"":""MultiPoint"",""coordinates"":[]}"
20211111,2021-11-11,314,11,0.0,2021,"{""type"":""MultiPoint"",""coordinates"":[]}"
20211112,2021-11-12,315,11,0.0,2021,"{""type"":""MultiPoint"",""coordinates"":[]}"
20211113,2021-11-13,316,11,0.0,2021,"{""type"":""MultiPoint"",""coordinates"":[]}"
20211114,2021-11-14,317,11,0.0,2021,"{""type"":""MultiPoint"",""coordinates"":[]}"
20211115,2021-11-15,318,11,0.0,2021,"{""type"":""MultiPoint"",""coordinates"":[]}"
20211116,2021-11-16,319,11,4.71480077866352E-5,2021,"{""type"":""MultiPoint"",""coordinates"":[]}"
20211117,2021-11-17,320,11,0.0,2021,"{""type"":""MultiPoint"",""coordinates"":[]}"
20211118,2021-11-18,321,11,0.0,2021,"{""type"":""MultiPoint"",""coordinates"":[]}"
20211119,2021-11-19,322,11,0.0,2021,"{""type"":""MultiPoint"",""coordinates"":[]}"
20211120,2021-11-20,323,11,0.0,2021,"{""type"":""MultiPoint"",""coordinates"":[]}"
20211121,2021-11-21,324,11,0.0,2021,"{""type"":""MultiPoint"",""coordinates"":[]}"
20211122,2021-11-22,325,11,0.0,2021,"{""type"":""MultiPoint"",""coordinates"":[]}"
20211123,2021-11-23,326,11,0.0,2021,"{""type"":""MultiPoint"",""coordinates"":[]}"
20211124,2021-11-24,327,11,0.0,2021,"{""type"":""MultiPoint"",""coordinates"":[]}"
20211125,2021-11-25,328,11,0.0,2021,"{""type"":""MultiPoint"",""coordinates"":[]}"
20211126,2021-11-26,329,11,0.0,2021,"{""type"":""MultiPoint"",""coordinates"":[]}"
20211127,2021-11-27,330,11,0.0,2021,"{""type"":""MultiPoint"",""coordinates"":[]}"
20211128,2021-11-28,331,11,0.0,2021,"{""type"":""MultiPoint"",""coordinates"":[]}"
20211129,2021-11-29,332,11,0.0,2021,"{""type"":""MultiPoint"",""coordinates"":[]}"
20211130,2021-11-30,333,11,0.0,2021,"{""type"":""MultiPoint"",""coordinates"":[]}"
20211201,2021-12-01,334,12,0.0,2021,"{""type"":""MultiPoint"",""coordinates"":[]}"
20211202,2021-12-02,335,12,0.0,2021,"{""type"":""MultiPoint"",""coordinates"":[]}"
20211203,2021-12-03,336,12,0.0,2021,"{""type"":""MultiPoint"",""coordinates"":[]}"
20211204,2021-12-04,337,12,0.0,2021,"{""type"":""MultiPoint"",""coordinates"":[]}"
20211205,2021-12-05,338,12,0.0,2021,"{""type"":""MultiPoint"",""coordinates"":[]}"
20211206,2021-12-06,339,12,0.0,2021,"{""type"":""MultiPoint"",""coordinates"":[]}"
20211207,2021-12-07,340,12,0.0,2021,"{""type"":""MultiPoint"",""coordinates"":[]}"
20211208,2021-12-08,341,12,0.0,2021,"{""type"":""MultiPoint"",""coordinates"":[]}"
20211209,2021-12-09,342,12,0.0,2021,"{""type"":""MultiPoint"",""coordinates"":[]}"
20211210,2021-12-10,343,12,0.0,2021,"{""type"":""MultiPoint"",""coordinates"":[]}"
20211211,2021-12-11,344,12,0.0,2021,"{""type"":""MultiPoint"",""coordinates"":[]}"
20211212,2021-12-12,345,12,0.0,2021,"{""type"":""MultiPoint"",""coordinates"":[]}"
20211213,2021-12-13,346,12,0.0,2021,"{""type"":""MultiPoint"",""coordinates"":[]}"
20211214,2021-12-14,347,12,0.0,2021,"{""type"":""MultiPoint"",""coordinates"":[]}"
20211215,2021-12-15,348,12,0.0,2021,"{""type"":""MultiPoint"",""coordinates"":[]}"
20211216,2021-12-16,349,12,0.0,2021,"{""type"":""MultiPoint"",""coordinates"":[]}"
20211217,2021-12-17,350,12,0.0,2021,"{""type"":""MultiPoint"",""coordinates"":[]}"
20211218,2021-12-18,351,12,0.0,2021,"{""type"":""MultiPoint"",""coordinates"":[]}"
20211219,2021-12-19,352,12,0.0,2021,"{""type"":""MultiPoint"",""coordinates"":[]}"
20211220,2021-12-20,353,12,0.0,2021,"{""type"":""MultiPoint"",""coordinates"":[]}"
20211221,2021-12-21,354,12,0.0,2021,"{""type"":""MultiPoint"",""coordinates"":[]}"
20211222,2021-12-22,355,12,0.0,2021,"{""type"":""MultiPoint"",""coordinates"":[]}"
20211223,2021-12-23,356,12,0.0,2021,"{""type"":""MultiPoint"",""coordinates"":[]}"
20211224,2021-12-24,357,12,0.0,2021,"{""type"":""MultiPoint"",""coordinates"":[]}"
20211225,2021-12-25,358,12,0.0,2021,"{""type"":""MultiPoint"",""coordinates"":[]}"
20211226,2021-12-26,359,12,0.0,2021,"{""type"":""MultiPoint"",""coordinates"":[]}"
20211227,2021-12-27,360,12,0.0,2021,"{""type"":""MultiPoint"",""coordinates"":[]}"
20211228,2021-12-28,361,12,0.0,2021,"{""type"":""MultiPoint"",""coordinates"":[]}"
20211229,2021-12-29,362,12,0.0,2021,"{""type"":""MultiPoint"",""coordinates"":[]}"
20211230,2021-12-30,363,12,0.0,2021,"{""type"":""MultiPoint"",""coordinates"":[]}"
20211231,2021-12-31,364,12,0.0,2021,"{""type"":""MultiPoint"",""coordinates"":[]}"
20220101,2022-01-01,0,1,0.0,2022,"{""type"":""MultiPoint"",""coordinates"":[]}"
20220102,2022-01-02,1,1,0.0,2022,"{""type"":""MultiPoint"",""coordinates"":[]}"
20220103,2022-01-03,2,1,0.0,2022,"{""type"":""MultiPoint"",""coordinates"":[]}"
20220104,2022-01-04,3,1,0.0,2022,"{""type"":""MultiPoint"",""coordinates"":[]}"
20220105,2022-01-05,4,1,0.0,2022,"{""type"":""MultiPoint"",""coordinates"":[]}"
20220106,2022-01-06,5,1,0.0,2022,"{""type"":""MultiPoint"",""coordinates"":[]}"
20220107,2022-01-07,6,1,0.0,2022,"{""type"":""MultiPoint"",""coordinates"":[]}"
20220108,2022-01-08,7,1,0.0,2022,"{""type"":""MultiPoint"",""coordinates"":[]}"
20220109,2022-01-09,8,1,0.0,2022,"{""type"":""MultiPoint"",""coordinates"":[]}"
20220110,2022-01-10,9,1,0.0,2022,"{""type"":""MultiPoint"",""coordinates"":[]}"
20220111,2022-01-11,10,1,0.0,2022,"{""type"":""MultiPoint"",""coordinates"":[]}"
20220112,2022-01-12,11,1,0.0,2022,"{""type"":""MultiPoint"",""coordinates"":[]}"
20220113,2022-01-13,12,1,0.0,2022,"{""type"":""MultiPoint"",""coordinates"":[]}"
20220114,2022-01-14,13,1,0.0,2022,"{""type"":""MultiPoint"",""coordinates"":[]}"
20220115,2022-01-15,14,1,0.0,2022,"{""type"":""MultiPoint"",""coordinates"":[]}"
20220116,2022-01-16,15,1,0.0,2022,"{""type"":""MultiPoint"",""coordinates"":[]}"
20220117,2022-01-17,16,1,0.0,2022,"{""type"":""MultiPoint"",""coordinates"":[]}"
20220118,2022-01-18,17,1,0.0,2022,"{""type"":""MultiPoint"",""coordinates"":[]}"
20220119,2022-01-19,18,1,0.0,2022,"{""type"":""MultiPoint"",""coordinates"":[]}"
20220120,2022-01-20,19,1,0.0,2022,"{""type"":""MultiPoint"",""coordinates"":[]}"
20220121,2022-01-21,20,1,0.0,2022,"{""type"":""MultiPoint"",""coordinates"":[]}"
20220122,2022-01-22,21,1,0.0,2022,"{""type"":""MultiPoint"",""coordinates"":[]}"
20220123,2022-01-23,22,1,0.0,2022,"{""type"":""MultiPoint"",""coordinates"":[]}"
20220124,2022-01-24,23,1,0.0,2022,"{""type"":""MultiPoint"",""coordinates"":[]}"
20220125,2022-01-25,24,1,0.0,2022,"{""type"":""MultiPoint"",""coordinates"":[]}"
20220126,2022-01-26,25,1,0.0,2022,"{""type"":""MultiPoint"",""coordinates"":[]}"
20220127,2022-01-27,26,1,0.0,2022,"{""type"":""MultiPoint"",""coordinates"":[]}"
20220128,2022-01-28,27,1,0.0,2022,"{""type"":""MultiPoint"",""coordinates"":[]}"
20220129,2022-01-29,28,1,0.0,2022,"{""type"":""MultiPoint"",""coordinates"":[]}"
20220130,2022-01-30,29,1,0.0,2022,"{""type"":""MultiPoint"",""coordinates"":[]}"
20220131,2022-01-31,30,1,0.0,2022,"{""type"":""MultiPoint"",""coordinates"":[]}"
20220201,2022-02-01,31,2,0.0,2022,"{""type"":""MultiPoint"",""coordinates"":[]}"
20220202,2022-02-02,32,2,0.0,2022,"{""type"":""MultiPoint"",""coordinates"":[]}"
20220203,2022-02-03,33,2,0.0,2022,"{""type"":""MultiPoint"",""coordinates"":[]}"
20220204,2022-02-04,34,2,0.0,2022,"{""type"":""MultiPoint"",""coordinates"":[]}"
20220205,2022-02-05,35,2,0.0,2022,"{""type"":""MultiPoint"",""coordinates"":[]}"
20220206,2022-02-06,36,2,0.0,2022,"{""type"":""MultiPoint"",""coordinates"":[]}"
20220207,2022-02-07,37,2,0.0,2022,"{""type"":""MultiPoint"",""coordinates"":[]}"
20220208,2022-02-08,38,2,0.0,2022,"{""type"":""MultiPoint"",""coordinates"":[]}"
20220209,2022-02-09,39,2,0.0,2022,"{""type"":""MultiPoint"",""coordinates"":[]}"
20220210,2022-02-10,40,2,0.0,2022,"{""type"":""MultiPoint"",""coordinates"":[]}"
20220211,2022-02-11,41,2,0.0,2022,"{""type"":""MultiPoint"",""coordinates"":[]}"
20220212,2022-02-12,42,2,0.0,2022,"{""type"":""MultiPoint"",""coordinates"":[]}"
20220213,2022-02-13,43,2,0.0,2022,"{""type"":""MultiPoint"",""coordinates"":[]}"
20220214,2022-02-14,44,2,0.0,2022,"{""type"":""MultiPoint"",""coordinates"":[]}"
20220215,2022-02-15,45,2,0.0,2022,"{""type"":""MultiPoint"",""coordinates"":[]}"
20220216,2022-02-16,46,2,0.0,2022,"{""type"":""MultiPoint"",""coordinates"":[]}"
20220217,2022-02-17,47,2,0.0,2022,"{""type"":""MultiPoint"",""coordinates"":[]}"
20220218,2022-02-18,48,2,0.0,2022,"{""type"":""MultiPoint"",""coordinates"":[]}"
20220219,2022-02-19,49,2,0.0,2022,"{""type"":""MultiPoint"",""coordinates"":[]}"
20220220,2022-02-20,50,2,0.0,2022,"{""type"":""MultiPoint"",""coordinates"":[]}"
20220221,2022-02-21,51,2,0.0,2022,"{""type"":""MultiPoint"",""coordinates"":[]}"
20220222,2022-02-22,52,2,0.0,2022,"{""type"":""MultiPoint"",""coordinates"":[]}"
20220223,2022-02-23,53,2,0.0,2022,"{""type"":""MultiPoint"",""coordinates"":[]}"
20220224,2022-02-24,54,2,0.0,2022,"{""type"":""MultiPoint"",""coordinates"":[]}"
20220225,2022-02-25,55,2,0.0,2022,"{""type"":""MultiPoint"",""coordinates"":[]}"
20220226,2022-02-26,56,2,0.0,2022,"{""type"":""MultiPoint"",""coordinates"":[]}"
20220227,2022-02-27,57,2,0.0,2022,"{""type"":""MultiPoint"",""coordinates"":[]}"
20220228,2022-02-28,58,2,0.0,2022,"{""type"":""MultiPoint"",""coordinates"":[]}"
20220301,2022-03-01,59,3,0.0,2022,"{""type"":""MultiPoint"",""coordinates"":[]}"
20220302,2022-03-02,60,3,0.0,2022,"{""type"":""MultiPoint"",""coordinates"":[]}"
20220303,2022-03-03,61,3,0.008720356180812374,2022,"{""type"":""MultiPoint"",""coordinates"":[]}"
20220304,2022-03-04,62,3,0.0,2022,"{""type"":""MultiPoint"",""coordinates"":[]}"
20220305,2022-03-05,63,3,0.0,2022,"{""type"":""MultiPoint"",""coordinates"":[]}"
20220306,2022-03-06,64,3,0.0,2022,"{""type"":""MultiPoint"",""coordinates"":[]}"
20220307,2022-03-07,65,3,0.0,2022,"{""type"":""MultiPoint"",""coordinates"":[]}"
20220308,2022-03-08,66,3,0.001262244529938032,2022,"{""type"":""MultiPoint"",""coordinates"":[]}"
20220309,2022-03-09,67,3,0.0,2022,"{""type"":""MultiPoint"",""coordinates"":[]}"
20220310,2022-03-10,68,3,0.0,2022,"{""type"":""MultiPoint"",""coordinates"":[]}"
20220311,2022-03-11,69,3,0.0,2022,"{""type"":""MultiPoint"",""coordinates"":[]}"
20220312,2022-03-12,70,3,0.0,2022,"{""type"":""MultiPoint"",""coordinates"":[]}"
20220313,2022-03-13,71,3,0.0,2022,"{""type"":""MultiPoint"",""coordinates"":[]}"
20220314,2022-03-14,72,3,0.0,2022,"{""type"":""MultiPoint"",""coordinates"":[]}"
20220315,2022-03-15,73,3,0.0,2022,"{""type"":""MultiPoint"",""coordinates"":[]}"
20220316,2022-03-16,74,3,0.0,2022,"{""type"":""MultiPoint"",""coordinates"":[]}"
20220317,2022-03-17,75,3,0.0,2022,"{""type"":""MultiPoint"",""coordinates"":[]}"
20220318,2022-03-18,76,3,0.049829685928845645,2022,"{""type"":""MultiPoint"",""coordinates"":[]}"
20220319,2022-03-19,77,3,0.0,2022,"{""type"":""MultiPoint"",""coordinates"":[]}"
20220320,2022-03-20,78,3,0.0,2022,"{""type"":""MultiPoint"",""coordinates"":[]}"
20220321,2022-03-21,79,3,0.0,2022,"{""type"":""MultiPoint"",""coordinates"":[]}"
20220322,2022-03-22,80,3,0.0,2022,"{""type"":""MultiPoint"",""coordinates"":[]}"
20220323,2022-03-23,81,3,0.007401879234204412,2022,"{""type"":""MultiPoint"",""coordinates"":[]}"
20220324,2022-03-24,82,3,0.0,2022,"{""type"":""MultiPoint"",""coordinates"":[]}"
20220325,2022-03-25,83,3,0.0,2022,"{""type"":""MultiPoint"",""coordinates"":[]}"
20220326,2022-03-26,84,3,0.0,2022,"{""type"":""MultiPoint"",""coordinates"":[]}"
20220327,2022-03-27,85,3,0.0,2022,"{""type"":""MultiPoint"",""coordinates"":[]}"
20220328,2022-03-28,86,3,0.0,2022,"{""type"":""MultiPoint"",""coordinates"":[]}"
20220329,2022-03-29,87,3,0.0,2022,"{""type"":""MultiPoint"",""coordinates"":[]}"
20220330,2022-03-30,88,3,0.0,2022,"{""type"":""MultiPoint"",""coordinates"":[]}"
20220331,2022-03-31,89,3,0.0,2022,"{""type"":""MultiPoint"",""coordinates"":[]}"
20220401,2022-04-01,90,4,0.0,2022,"{""type"":""MultiPoint"",""coordinates"":[]}"
20220402,2022-04-02,91,4,0.0,2022,"{""type"":""MultiPoint"",""coordinates"":[]}"
20220403,2022-04-03,92,4,0.0,2022,"{""type"":""MultiPoint"",""coordinates"":[]}"
20220404,2022-04-04,93,4,0.0,2022,"{""type"":""MultiPoint"",""coordinates"":[]}"
20220405,2022-04-05,94,4,0.0,2022,"{""type"":""MultiPoint"",""coordinates"":[]}"
20220406,2022-04-06,95,4,0.0,2022,"{""type"":""MultiPoint"",""coordinates"":[]}"
20220407,2022-04-07,96,4,0.0,2022,"{""type"":""MultiPoint"",""coordinates"":[]}"
20220408,2022-04-08,97,4,0.0,2022,"{""type"":""MultiPoint"",""coordinates"":[]}"
20220409,2022-04-09,98,4,0.0,2022,"{""type"":""MultiPoint"",""coordinates"":[]}"
20220410,2022-04-10,99,4,0.0,2022,"{""type"":""MultiPoint"",""coordinates"":[]}"
20220411,2022-04-11,100,4,0.0,2022,"{""type"":""MultiPoint"",""coordinates"":[]}"
20220412,2022-04-12,101,4,0.0,2022,"{""type"":""MultiPoint"",""coordinates"":[]}"
20220413,2022-04-13,102,4,0.0,2022,"{""type"":""MultiPoint"",""coordinates"":[]}"
20220414,2022-04-14,103,4,2.0419417330712983,2022,"{""type"":""MultiPoint"",""coordinates"":[]}"
20220415,2022-04-15,104,4,1.383857931470276,2022,"{""type"":""MultiPoint"",""coordinates"":[]}"
20220416,2022-04-16,105,4,0.13316777017381456,2022,"{""type"":""MultiPoint"",""coordinates"":[]}"
20220417,2022-04-17,106,4,0.18962861887651708,2022,"{""type"":""MultiPoint"",""coordinates"":[]}"
20220418,2022-04-18,107,4,2.3257265675773855,2022,"{""type"":""MultiPoint"",""coordinates"":[]}"
20220419,2022-04-19,108,4,0.0,2022,"{""type"":""MultiPoint"",""coordinates"":[]}"
20220420,2022-04-20,109,4,0.0,2022,"{""type"":""MultiPoint"",""coordinates"":[]}"
20220421,2022-04-21,110,4,0.0,2022,"{""type"":""MultiPoint"",""coordinates"":[]}"
20220422,2022-04-22,111,4,0.0,2022,"{""type"":""MultiPoint"",""coordinates"":[]}"
20220423,2022-04-23,112,4,0.0,2022,"{""type"":""MultiPoint"",""coordinates"":[]}"
20220424,2022-04-24,113,4,0.0,2022,"{""type"":""MultiPoint"",""coordinates"":[]}"
20220425,2022-04-25,114,4,1.4374846352943456,2022,"{""type"":""MultiPoint"",""coordinates"":[]}"
20220426,2022-04-26,115,4,1.1404210402956574,2022,"{""type"":""MultiPoint"",""coordinates"":[]}"
20220427,2022-04-27,116,4,4.8422554059650995,2022,"{""type"":""MultiPoint"",""coordinates"":[]}"
20220428,2022-04-28,117,4,0.6266406337254872,2022,"{""type"":""MultiPoint"",""coordinates"":[]}"
20220429,2022-04-29,118,4,0.8655484515290421,2022,"{""type"":""MultiPoint"",""coordinates"":[]}"
20220430,2022-04-30,119,4,3.677298485583469,2022,"{""type"":""MultiPoint"",""coordinates"":[]}"
20220501,2022-05-01,120,5,0.3777556746613746,2022,"{""type"":""MultiPoint"",""coordinates"":[]}"
20220502,2022-05-02,121,5,0.07338368035609426,2022,"{""type"":""MultiPoint"",""coordinates"":[]}"
20220503,2022-05-03,122,5,5.221404338218264,2022,"{""type"":""MultiPoint"",""coordinates"":[]}"
20220504,2022-05-04,123,5,0.0,2022,"{""type"":""MultiPoint"",""coordinates"":[]}"
20220505,2022-05-05,124,5,3.236907296096672,2022,"{""type"":""MultiPoint"",""coordinates"":[]}"
20220506,2022-05-06,125,5,0.0,2022,"{""type"":""MultiPoint"",""coordinates"":[]}"
20220507,2022-05-07,126,5,0.0,2022,"{""type"":""MultiPoint"",""coordinates"":[]}"
20220508,2022-05-08,127,5,0.15177526575996275,2022,"{""type"":""MultiPoint"",""coordinates"":[]}"
20220509,2022-05-09,128,5,7.901333060824628,2022,"{""type"":""MultiPoint"",""coordinates"":[]}"
20220510,2022-05-10,129,5,4.05577710747223,2022,"{""type"":""MultiPoint"",""coordinates"":[]}"
20220511,2022-05-11,130,5,3.378119414007105,2022,"{""type"":""MultiPoint"",""coordinates"":[]}"
20220512,2022-05-12,131,5,1.9851315003807033,2022,"{""type"":""MultiPoint"",""coordinates"":[]}"
20220513,2022-05-13,132,5,5.081966203305952,2022,"{""type"":""MultiPoint"",""coordinates"":[]}"
20220514,2022-05-14,133,5,4.638803336662358,2022,"{""type"":""MultiPoint"",""coordinates"":[]}"
20220515,2022-05-15,134,5,0.0,2022,"{""type"":""MultiPoint"",""coordinates"":[]}"
20220516,2022-05-16,135,5,0.0,2022,"{""type"":""MultiPoint"",""coordinates"":[]}"
20220517,2022-05-17,136,5,4.931466992573351,2022,"{""type"":""MultiPoint"",""coordinates"":[]}"
20220518,2022-05-18,137,5,7.9602589746540575,2022,"{""type"":""MultiPoint"",""coordinates"":[]}"
20220519,2022-05-19,138,5,0.0,2022,"{""type"":""MultiPoint"",""coordinates"":[]}"
20220520,2022-05-20,139,5,0.12825073452604055,2022,"{""type"":""MultiPoint"",""coordinates"":[]}"
20220521,2022-05-21,140,5,1.823120066920798,2022,"{""type"":""MultiPoint"",""coordinates"":[]}"
20220522,2022-05-22,141,5,0.044814471042517456,2022,"{""type"":""MultiPoint"",""coordinates"":[]}"
20220523,2022-05-23,142,5,0.0,2022,"{""type"":""MultiPoint"",""coordinates"":[]}"
20220524,2022-05-24,143,5,0.0,2022,"{""type"":""MultiPoint"",""coordinates"":[]}"
20220525,2022-05-25,144,5,1.7808597101790287,2022,"{""type"":""MultiPoint"",""coordinates"":[]}"
20220526,2022-05-26,145,5,0.0,2022,"{""type"":""MultiPoint"",""coordinates"":[]}"
20220527,2022-05-27,146,5,0.04863743830208826,2022,"{""type"":""MultiPoint"",""coordinates"":[]}"
20220528,2022-05-28,147,5,0.0,2022,"{""type"":""MultiPoint"",""coordinates"":[]}"
20220529,2022-05-29,148,5,0.10633953171547013,2022,"{""type"":""MultiPoint"",""coordinates"":[]}"
20220530,2022-05-30,149,5,1.1308849927906377,2022,"{""type"":""MultiPoint"",""coordinates"":[]}"
20220531,2022-05-31,150,5,1.4849526475127035,2022,"{""type"":""MultiPoint"",""coordinates"":[]}"
20220601,2022-06-01,151,6,0.0,2022,"{""type"":""MultiPoint"",""coordinates"":[]}"
20220602,2022-06-02,152,6,0.6387486135305616,2022,"{""type"":""MultiPoint"",""coordinates"":[]}"
20220603,2022-06-03,153,6,0.24659730977741978,2022,"{""type"":""MultiPoint"",""coordinates"":[]}"
20220604,2022-06-04,154,6,0.27728400468401304,2022,"{""type"":""MultiPoint"",""coordinates"":[]}"
20220605,2022-06-05,155,6,0.0,2022,"{""type"":""MultiPoint"",""coordinates"":[]}"
20220606,2022-06-06,156,6,0.0,2022,"{""type"":""MultiPoint"",""coordinates"":[]}"
20220607,2022-06-07,157,6,0.0,2022,"{""type"":""MultiPoint"",""coordinates"":[]}"
20220608,2022-06-08,158,6,0.8512936184301922,2022,"{""type"":""MultiPoint"",""coordinates"":[]}"
20220609,2022-06-09,159,6,12.882209071973264,2022,"{""type"":""MultiPoint"",""coordinates"":[]}"
20220610,2022-06-10,160,6,0.14847463139167374,2022,"{""type"":""MultiPoint"",""coordinates"":[]}"
20220611,2022-06-11,161,6,5.068092141630248,2022,"{""type"":""MultiPoint"",""coordinates"":[]}"
20220612,2022-06-12,162,6,5.267833915505698,2022,"{""type"":""MultiPoint"",""coordinates"":[]}"
20220613,2022-06-13,163,6,8.006389973871446,2022,"{""type"":""MultiPoint"",""coordinates"":[]}"
20220614,2022-06-14,164,6,0.0,2022,"{""type"":""MultiPoint"",""coordinates"":[]}"
20220615,2022-06-15,165,6,4.936821978029389,2022,"{""type"":""MultiPoint"",""coordinates"":[]}"
20220616,2022-06-16,166,6,1.291894267610711,2022,"{""type"":""MultiPoint"",""coordinates"":[]}"
20220617,2022-06-17,167,6,6.920941635508846,2022,"{""type"":""MultiPoint"",""coordinates"":[]}"
20220618,2022-06-18,168,6,4.24136973758999,2022,"{""type"":""MultiPoint"",""coordinates"":[]}"
20220619,2022-06-19,169,6,1.5683859527925614,2022,"{""type"":""MultiPoint"",""coordinates"":[]}"
20220620,2022-06-20,170,6,6.293616822554962,2022,"{""type"":""MultiPoint"",""coordinates"":[]}"
20220621,2022-06-21,171,6,1.020181139711579,2022,"{""type"":""MultiPoint"",""coordinates"":[]}"
20220622,2022-06-22,172,6,0.3425364233191874,2022,"{""type"":""MultiPoint"",""coordinates"":[]}"
20220623,2022-06-23,173,6,0.06914147137887267,2022,"{""type"":""MultiPoint"",""coordinates"":[]}"
20220624,2022-06-24,174,6,0.0,2022,"{""type"":""MultiPoint"",""coordinates"":[]}"
20220625,2022-06-25,175,6,4.68739147435606,2022,"{""type"":""MultiPoint"",""coordinates"":[]}"
20220626,2022-06-26,176,6,10.487115827308452,2022,"{""type"":""MultiPoint"",""coordinates"":[]}"
20220627,2022-06-27,177,6,23.524441564737113,2022,"{""type"":""MultiPoint"",""coordinates"":[]}"
20220628,2022-06-28,178,6,1.0805099660700017,2022,"{""type"":""MultiPoint"",""coordinates"":[]}"
20220629,2022-06-29,179,6,0.0,2022,"{""type"":""MultiPoint"",""coordinates"":[]}"
20220630,2022-06-30,180,6,6.109917008303066,2022,"{""type"":""MultiPoint"",""coordinates"":[]}"
20220701,2022-07-01,181,7,0.0,2022,"{""type"":""MultiPoint"",""coordinates"":[]}"
20220702,2022-07-02,182,7,6.064154642032949,2022,"{""type"":""MultiPoint"",""coordinates"":[]}"
20220703,2022-07-03,183,7,2.257145369966613,2022,"{""type"":""MultiPoint"",""coordinates"":[]}"
20220704,2022-07-04,184,7,0.0,2022,"{""type"":""MultiPoint"",""coordinates"":[]}"
20220705,2022-07-05,185,7,9.153329064619848,2022,"{""type"":""MultiPoint"",""coordinates"":[]}"
20220706,2022-07-06,186,7,14.664206476205884,2022,"{""type"":""MultiPoint"",""coordinates"":[]}"
20220707,2022-07-07,187,7,0.0,2022,"{""type"":""MultiPoint"",""coordinates"":[]}"
20220708,2022-07-08,188,7,23.456076068957504,2022,"{""type"":""MultiPoint"",""coordinates"":[]}"
20220709,2022-07-09,189,7,0.05032371638859586,2022,"{""type"":""MultiPoint"",""coordinates"":[]}"
20220710,2022-07-10,190,7,0.5360349163864598,2022,"{""type"":""MultiPoint"",""coordinates"":[]}"
20220711,2022-07-11,191,7,0.07799560892910125,2022,"{""type"":""MultiPoint"",""coordinates"":[]}"
20220712,2022-07-12,192,7,10.381202128363684,2022,"{""type"":""MultiPoint"",""coordinates"":[]}"
20220713,2022-07-13,193,7,0.0,2022,"{""type"":""MultiPoint"",""coordinates"":[]}"
20220714,2022-07-14,194,7,16.190633921888608,2022,"{""type"":""MultiPoint"",""coordinates"":[]}"
20220715,2022-07-15,195,7,10.110754180601456,2022,"{""type"":""MultiPoint"",""coordinates"":[]}"
20220716,2022-07-16,196,7,21.341247005353097,2022,"{""type"":""MultiPoint"",""coordinates"":[]}"
20220717,2022-07-17,197,7,8.368566392270333,2022,"{""type"":""MultiPoint"",""coordinates"":[]}"
20220718,2022-07-18,198,7,0.0,2022,"{""type"":""MultiPoint"",""coordinates"":[]}"
20220719,2022-07-19,199,7,19.597783123533144,2022,"{""type"":""MultiPoint"",""coordinates"":[]}"
20220720,2022-07-20,200,7,17.062974127620066,2022,"{""type"":""MultiPoint"",""coordinates"":[]}"
20220721,2022-07-21,201,7,0.0,2022,"{""type"":""MultiPoint"",""coordinates"":[]}"
20220722,2022-07-22,202,7,16.811394940416136,2022,"{""type"":""MultiPoint"",""coordinates"":[]}"
20220723,2022-07-23,203,7,0.0,2022,"{""type"":""MultiPoint"",""coordinates"":[]}"
20220724,2022-07-24,204,7,12.572836908025772,2022,"{""type"":""MultiPoint"",""coordinates"":[]}"
20220725,2022-07-25,205,7,11.214359687941927,2022,"{""type"":""MultiPoint"",""coordinates"":[]}"
20220726,2022-07-26,206,7,6.817222891667971,2022,"{""type"":""MultiPoint"",""coordinates"":[]}"
20220727,2022-07-27,207,7,16.364836199634453,2022,"{""type"":""MultiPoint"",""coordinates"":[]}"
20220728,2022-07-28,208,7,5.696459050980341,2022,"{""type"":""MultiPoint"",""coordinates"":[]}"
20220729,2022-07-29,209,7,3.466272492105594,2022,"{""type"":""MultiPoint"",""coordinates"":[]}"
20220730,2022-07-30,210,7,9.533210270379788,2022,"{""type"":""MultiPoint"",""coordinates"":[]}"
20220731,2022-07-31,211,7,9.110577319442317,2022,"{""type"":""MultiPoint"",""coordinates"":[]}"
20220801,2022-08-01,212,8,12.628004736323291,2022,"{""type"":""MultiPoint"",""coordinates"":[]}"
20220802,2022-08-02,213,8,14.874430129258412,2022,"{""type"":""MultiPoint"",""coordinates"":[]}"
20220803,2022-08-03,214,8,0.20048310539939188,2022,"{""type"":""MultiPoint"",""coordinates"":[]}"
20220804,2022-08-04,215,8,3.7438309133631287,2022,"{""type"":""MultiPoint"",""coordinates"":[]}"
20220805,2022-08-05,216,8,0.1564792061494256,2022,"{""type"":""MultiPoint"",""coordinates"":[]}"
20220806,2022-08-06,217,8,2.864806816775767,2022,"{""type"":""MultiPoint"",""coordinates"":[]}"
20220807,2022-08-07,218,8,30.41401293084607,2022,"{""type"":""MultiPoint"",""coordinates"":[]}"
20220808,2022-08-08,219,8,6.191872591451975,2022,"{""type"":""MultiPoint"",""coordinates"":[]}"
20220809,2022-08-09,220,8,8.46112750312743,2022,"{""type"":""MultiPoint"",""coordinates"":[]}"
20220810,2022-08-10,221,8,13.12304120565268,2022,"{""type"":""MultiPoint"",""coordinates"":[]}"
20220811,2022-08-11,222,8,7.780890069071151,2022,"{""type"":""MultiPoint"",""coordinates"":[]}"
20220812,2022-08-12,223,8,21.73340538691284,2022,"{""type"":""MultiPoint"",""coordinates"":[]}"
20220813,2022-08-13,224,8,0.7761912634878447,2022,"{""type"":""MultiPoint"",""coordinates"":[]}"
20220814,2022-08-14,225,8,16.156933085425912,2022,"{""type"":""MultiPoint"",""coordinates"":[]}"
20220815,2022-08-15,226,8,34.29297165994386,2022,"{""type"":""MultiPoint"",""coordinates"":[]}"
20220816,2022-08-16,227,8,0.0,2022,"{""type"":""MultiPoint"",""coordinates"":[]}"
20220817,2022-08-17,228,8,20.59633271853318,2022,"{""type"":""MultiPoint"",""coordinates"":[]}"
20220818,2022-08-18,229,8,15.011623250160813,2022,"{""type"":""MultiPoint"",""coordinates"":[]}"
20220819,2022-08-19,230,8,0.005645669222019714,2022,"{""type"":""MultiPoint"",""coordinates"":[]}"
20220820,2022-08-20,231,8,10.666519353072887,2022,"{""type"":""MultiPoint"",""coordinates"":[]}"
20220821,2022-08-21,232,8,16.655904844506562,2022,"{""type"":""MultiPoint"",""coordinates"":[]}"
20220822,2022-08-22,233,8,0.0,2022,"{""type"":""MultiPoint"",""coordinates"":[]}"
20220823,2022-08-23,234,8,0.0,2022,"{""type"":""MultiPoint"",""coordinates"":[]}"
20220824,2022-08-24,235,8,10.321728734692435,2022,"{""type"":""MultiPoint"",""coordinates"":[]}"
20220825,2022-08-25,236,8,10.81625642472386,2022,"{""type"":""MultiPoint"",""coordinates"":[]}"
20220826,2022-08-26,237,8,0.0,2022,"{""type"":""MultiPoint"",""coordinates"":[]}"
20220827,2022-08-27,238,8,18.02782473429096,2022,"{""type"":""MultiPoint"",""coordinates"":[]}"
20220828,2022-08-28,239,8,0.35320924177904556,2022,"{""type"":""MultiPoint"",""coordinates"":[]}"
20220829,2022-08-29,240,8,5.797796126048527,2022,"{""type"":""MultiPoint"",""coordinates"":[]}"
20220830,2022-08-30,241,8,5.27101681911962,2022,"{""type"":""MultiPoint"",""coordinates"":[]}"
20220831,2022-08-31,242,8,8.272894092917937,2022,"{""type"":""MultiPoint"",""coordinates"":[]}"
20220901,2022-09-01,243,9,6.332642177327548,2022,"{""type"":""MultiPoint"",""coordinates"":[]}"
20220902,2022-09-02,244,9,5.583600590171897,2022,"{""type"":""MultiPoint"",""coordinates"":[]}"
20220903,2022-09-03,245,9,7.7248005391961625,2022,"{""type"":""MultiPoint"",""coordinates"":[]}"
20220904,2022-09-04,246,9,1.475967358777867,2022,"{""type"":""MultiPoint"",""coordinates"":[]}"
20220905,2022-09-05,247,9,0.7091564144751038,2022,"{""type"":""MultiPoint"",""coordinates"":[]}"
20220906,2022-09-06,248,9,1.9088586875532472,2022,"{""type"":""MultiPoint"",""coordinates"":[]}"
20220907,2022-09-07,249,9,2.8920031657760084,2022,"{""type"":""MultiPoint"",""coordinates"":[]}"
20220908,2022-09-08,250,9,9.944563008790254,2022,"{""type"":""MultiPoint"",""coordinates"":[]}"
20220909,2022-09-09,251,9,1.2089281343757385,2022,"{""type"":""MultiPoint"",""coordinates"":[]}"
20220910,2022-09-10,252,9,4.413877883035845,2022,"{""type"":""MultiPoint"",""coordinates"":[]}"
20220911,2022-09-11,253,9,1.6935476435130363,2022,"{""type"":""MultiPoint"",""coordinates"":[]}"
20220912,2022-09-12,254,9,12.28558533733305,2022,"{""type"":""MultiPoint"",""coordinates"":[]}"
20220913,2022-09-13,255,9,2.7858169857500377,2022,"{""type"":""MultiPoint"",""coordinates"":[]}"
20220914,2022-09-14,256,9,0.0,2022,"{""type"":""MultiPoint"",""coordinates"":[]}"
20220915,2022-09-15,257,9,4.291903146447983,2022,"{""type"":""MultiPoint"",""coordinates"":[]}"
20220916,2022-09-16,258,9,1.2818361410034083,2022,"{""type"":""MultiPoint"",""coordinates"":[]}"
20220917,2022-09-17,259,9,10.895697824410531,2022,"{""type"":""MultiPoint"",""coordinates"":[]}"
20220918,2022-09-18,260,9,0.9390611868609201,2022,"{""type"":""MultiPoint"",""coordinates"":[]}"
20220919,2022-09-19,261,9,0.23480233250808943,2022,"{""type"":""MultiPoint"",""coordinates"":[]}"
20220920,2022-09-20,262,9,16.28990350569515,2022,"{""type"":""MultiPoint"",""coordinates"":[]}"
20220921,2022-09-21,263,9,0.46375740306357105,2022,"{""type"":""MultiPoint"",""coordinates"":[]}"
20220922,2022-09-22,264,9,6.70104176744562,2022,"{""type"":""MultiPoint"",""coordinates"":[]}"
20220923,2022-09-23,265,9,1.37922034777847,2022,"{""type"":""MultiPoint"",""coordinates"":[]}"
20220924,2022-09-24,266,9,0.0,2022,"{""type"":""MultiPoint"",""coordinates"":[]}"
20220925,2022-09-25,267,9,3.2810793183161073,2022,"{""type"":""MultiPoint"",""coordinates"":[]}"
20220926,2022-09-26,268,9,0.20135384408329515,2022,"{""type"":""MultiPoint"",""coordinates"":[]}"
20220927,2022-09-27,269,9,0.24699202240263032,2022,"{""type"":""MultiPoint"",""coordinates"":[]}"
20220928,2022-09-28,270,9,1.8267626695926644,2022,"{""type"":""MultiPoint"",""coordinates"":[]}"
20220929,2022-09-29,271,9,7.420387307543121,2022,"{""type"":""MultiPoint"",""coordinates"":[]}"
20220930,2022-09-30,272,9,0.2783468016802344,2022,"{""type"":""MultiPoint"",""coordinates"":[]}"
20221001,2022-10-01,273,10,3.3124965806365325,2022,"{""type"":""MultiPoint"",""coordinates"":[]}"
20221002,2022-10-02,274,10,0.504243270456968,2022,"{""type"":""MultiPoint"",""coordinates"":[]}"
20221003,2022-10-03,275,10,0.29901808043427214,2022,"{""type"":""MultiPoint"",""coordinates"":[]}"
20221004,2022-10-04,276,10,3.690815339255602,2022,"{""type"":""MultiPoint"",""coordinates"":[]}"
20221005,2022-10-05,277,10,0.0,2022,"{""type"":""MultiPoint"",""coordinates"":[]}"
20221006,2022-10-06,278,10,2.643082763421982,2022,"{""type"":""MultiPoint"",""coordinates"":[]}"
20221007,2022-10-07,279,10,1.3196123209559674,2022,"{""type"":""MultiPoint"",""coordinates"":[]}"
20221008,2022-10-08,280,10,0.0,2022,"{""type"":""MultiPoint"",""coordinates"":[]}"
20221009,2022-10-09,281,10,0.0,2022,"{""type"":""MultiPoint"",""coordinates"":[]}"
20221010,2022-10-10,282,10,0.011989205774634776,2022,"{""type"":""MultiPoint"",""coordinates"":[]}"
20221011,2022-10-11,283,10,2.433769627452298,2022,"{""type"":""MultiPoint"",""coordinates"":[]}"
20221012,2022-10-12,284,10,0.0,2022,"{""type"":""MultiPoint"",""coordinates"":[]}"
20221013,2022-10-13,285,10,0.0,2022,"{""type"":""MultiPoint"",""coordinates"":[]}"
20221014,2022-10-14,286,10,0.0,2022,"{""type"":""MultiPoint"",""coordinates"":[]}"
20221015,2022-10-15,287,10,0.009717683989025621,2022,"{""type"":""MultiPoint"",""coordinates"":[]}"
20221016,2022-10-16,288,10,0.0,2022,"{""type"":""MultiPoint"",""coordinates"":[]}"
20221017,2022-10-17,289,10,0.0,2022,"{""type"":""MultiPoint"",""coordinates"":[]}"
20221018,2022-10-18,290,10,0.0,2022,"{""type"":""MultiPoint"",""coordinates"":[]}"
20221019,2022-10-19,291,10,0.0,2022,"{""type"":""MultiPoint"",""coordinates"":[]}"
20221020,2022-10-20,292,10,0.11516330311335675,2022,"{""type"":""MultiPoint"",""coordinates"":[]}"
20221021,2022-10-21,293,10,0.0,2022,"{""type"":""MultiPoint"",""coordinates"":[]}"
20221022,2022-10-22,294,10,0.0,2022,"{""type"":""MultiPoint"",""coordinates"":[]}"
20221023,2022-10-23,295,10,0.0,2022,"{""type"":""MultiPoint"",""coordinates"":[]}"
20221024,2022-10-24,296,10,0.0,2022,"{""type"":""MultiPoint"",""coordinates"":[]}"
20221025,2022-10-25,297,10,0.0,2022,"{""type"":""MultiPoint"",""coordinates"":[]}"
20221026,2022-10-26,298,10,0.0,2022,"{""type"":""MultiPoint"",""coordinates"":[]}"
20221027,2022-10-27,299,10,0.0,2022,"{""type"":""MultiPoint"",""coordinates"":[]}"
20221028,2022-10-28,300,10,0.0,2022,"{""type"":""MultiPoint"",""coordinates"":[]}"
20221029,2022-10-29,301,10,0.09345281288207792,2022,"{""type"":""MultiPoint"",""coordinates"":[]}"
20221030,2022-10-30,302,10,0.0,2022,"{""type"":""MultiPoint"",""coordinates"":[]}"
20221031,2022-10-31,303,10,0.0,2022,"{""type"":""MultiPoint"",""coordinates"":[]}"
20221101,2022-11-01,304,11,0.0,2022,"{""type"":""MultiPoint"",""coordinates"":[]}"
20221102,2022-11-02,305,11,0.0,2022,"{""type"":""MultiPoint"",""coordinates"":[]}"
20221103,2022-11-03,306,11,0.0,2022,"{""type"":""MultiPoint"",""coordinates"":[]}"
20221104,2022-11-04,307,11,0.06764913286447856,2022,"{""type"":""MultiPoint"",""coordinates"":[]}"
20221105,2022-11-05,308,11,0.0,2022,"{""type"":""MultiPoint"",""coordinates"":[]}"
20221106,2022-11-06,309,11,0.0,2022,"{""type"":""MultiPoint"",""coordinates"":[]}"
20221107,2022-11-07,310,11,0.0,2022,"{""type"":""MultiPoint"",""coordinates"":[]}"
20221108,2022-11-08,311,11,0.0,2022,"{""type"":""MultiPoint"",""coordinates"":[]}"
20221109,2022-11-09,312,11,0.0,2022,"{""type"":""MultiPoint"",""coordinates"":[]}"
20221110,2022-11-10,313,11,0.0,2022,"{""type"":""MultiPoint"",""coordinates"":[]}"
20221111,2022-11-11,314,11,0.0,2022,"{""type"":""MultiPoint"",""coordinates"":[]}"
20221112,2022-11-12,315,11,0.0,2022,"{""type"":""MultiPoint"",""coordinates"":[]}"
20221113,2022-11-13,316,11,0.0,2022,"{""type"":""MultiPoint"",""coordinates"":[]}"
20221114,2022-11-14,317,11,0.0,2022,"{""type"":""MultiPoint"",""coordinates"":[]}"
20221115,2022-11-15,318,11,0.0,2022,"{""type"":""MultiPoint"",""coordinates"":[]}"
20221116,2022-11-16,319,11,0.0,2022,"{""type"":""MultiPoint"",""coordinates"":[]}"
20221117,2022-11-17,320,11,0.0,2022,"{""type"":""MultiPoint"",""coordinates"":[]}"
20221118,2022-11-18,321,11,0.0,2022,"{""type"":""MultiPoint"",""coordinates"":[]}"
20221119,2022-11-19,322,11,0.0,2022,"{""type"":""MultiPoint"",""coordinates"":[]}"
20221120,2022-11-20,323,11,0.0,2022,"{""type"":""MultiPoint"",""coordinates"":[]}"
20221121,2022-11-21,324,11,0.0,2022,"{""type"":""MultiPoint"",""coordinates"":[]}"
20221122,2022-11-22,325,11,0.0,2022,"{""type"":""MultiPoint"",""coordinates"":[]}"
20221123,2022-11-23,326,11,0.0,2022,"{""type"":""MultiPoint"",""coordinates"":[]}"
20221124,2022-11-24,327,11,0.0,2022,"{""type"":""MultiPoint"",""coordinates"":[]}"
20221125,2022-11-25,328,11,0.0,2022,"{""type"":""MultiPoint"",""coordinates"":[]}"
20221126,2022-11-26,329,11,0.0,2022,"{""type"":""MultiPoint"",""coordinates"":[]}"
20221127,2022-11-27,330,11,0.0,2022,"{""type"":""MultiPoint"",""coordinates"":[]}"
20221128,2022-11-28,331,11,0.0,2022,"{""type"":""MultiPoint"",""coordinates"":[]}"
20221129,2022-11-29,332,11,0.0,2022,"{""type"":""MultiPoint"",""coordinates"":[]}"
20221130,2022-11-30,333,11,0.0,2022,"{""type"":""MultiPoint"",""coordinates"":[]}"
20221201,2022-12-01,334,12,0.0,2022,"{""type"":""MultiPoint"",""coordinates"":[]}"
20221202,2022-12-02,335,12,0.0,2022,"{""type"":""MultiPoint"",""coordinates"":[]}"
20221203,2022-12-03,336,12,0.0,2022,"{""type"":""MultiPoint"",""coordinates"":[]}"
20221204,2022-12-04,337,12,0.0,2022,"{""type"":""MultiPoint"",""coordinates"":[]}"
20221205,2022-12-05,338,12,0.0,2022,"{""type"":""MultiPoint"",""coordinates"":[]}"
20221206,2022-12-06,339,12,0.0,2022,"{""type"":""MultiPoint"",""coordinates"":[]}"
20221207,2022-12-07,340,12,0.004836469195129423,2022,"{""type"":""MultiPoint"",""coordinates"":[]}"
20221208,2022-12-08,341,12,0.0,2022,"{""type"":""MultiPoint"",""coordinates"":[]}"
20221209,2022-12-09,342,12,0.0,2022,"{""type"":""MultiPoint"",""coordinates"":[]}"
20221210,2022-12-10,343,12,0.0,2022,"{""type"":""MultiPoint"",""coordinates"":[]}"
20221211,2022-12-11,344,12,0.0,2022,"{""type"":""MultiPoint"",""coordinates"":[]}"
20221212,2022-12-12,345,12,0.0,2022,"{""type"":""MultiPoint"",""coordinates"":[]}"
20221213,2022-12-13,346,12,0.0,2022,"{""type"":""MultiPoint"",""coordinates"":[]}"
20221214,2022-12-14,347,12,0.0,2022,"{""type"":""MultiPoint"",""coordinates"":[]}"
20221215,2022-12-15,348,12,0.0,2022,"{""type"":""MultiPoint"",""coordinates"":[]}"
20221216,2022-12-16,349,12,0.0,2022,"{""type"":""MultiPoint"",""coordinates"":[]}"
20221217,2022-12-17,350,12,0.0,2022,"{""type"":""MultiPoint"",""coordinates"":[]}"
20221218,2022-12-18,351,12,0.0,2022,"{""type"":""MultiPoint"",""coordinates"":[]}"
20221219,2022-12-19,352,12,0.0,2022,"{""type"":""MultiPoint"",""coordinates"":[]}"
20221220,2022-12-20,353,12,0.0,2022,"{""type"":""MultiPoint"",""coordinates"":[]}"
20221221,2022-12-21,354,12,0.0,2022,"{""type"":""MultiPoint"",""coordinates"":[]}"
20221222,2022-12-22,355,12,0.0,2022,"{""type"":""MultiPoint"",""coordinates"":[]}"
20221223,2022-12-23,356,12,0.0,2022,"{""type"":""MultiPoint"",""coordinates"":[]}"
20221224,2022-12-24,357,12,0.0,2022,"{""type"":""MultiPoint"",""coordinates"":[]}"
20221225,2022-12-25,358,12,0.0,2022,"{""type"":""MultiPoint"",""coordinates"":[]}"
20221226,2022-12-26,359,12,0.0,2022,"{""type"":""MultiPoint"",""coordinates"":[]}"
20221227,2022-12-27,360,12,0.0,2022,"{""type"":""MultiPoint"",""coordinates"":[]}"
20221228,2022-12-28,361,12,0.0,2022,"{""type"":""MultiPoint"",""coordinates"":[]}"
20221229,2022-12-29,362,12,0.0,2022,"{""type"":""MultiPoint"",""coordinates"":[]}"
20221230,2022-12-30,363,12,0.0,2022,"{""type"":""MultiPoint"",""coordinates"":[]}"
20221231,2022-12-31,364,12,0.0,2022,"{""type"":""MultiPoint"",""coordinates"":[]}"
20230101,2023-01-01,0,1,0.0,2023,"{""type"":""MultiPoint"",""coordinates"":[]}"
20230102,2023-01-02,1,1,0.0,2023,"{""type"":""MultiPoint"",""coordinates"":[]}"
20230103,2023-01-03,2,1,0.0,2023,"{""type"":""MultiPoint"",""coordinates"":[]}"
20230104,2023-01-04,3,1,0.0,2023,"{""type"":""MultiPoint"",""coordinates"":[]}"
20230105,2023-01-05,4,1,0.0,2023,"{""type"":""MultiPoint"",""coordinates"":[]}"
20230106,2023-01-06,5,1,0.0,2023,"{""type"":""MultiPoint"",""coordinates"":[]}"
20230107,2023-01-07,6,1,0.0,2023,"{""type"":""MultiPoint"",""coordinates"":[]}"
20230108,2023-01-08,7,1,0.0,2023,"{""type"":""MultiPoint"",""coordinates"":[]}"
20230109,2023-01-09,8,1,0.0,2023,"{""type"":""MultiPoint"",""coordinates"":[]}"
20230110,2023-01-10,9,1,0.0,2023,"{""type"":""MultiPoint"",""coordinates"":[]}"
20230111,2023-01-11,10,1,0.0,2023,"{""type"":""MultiPoint"",""coordinates"":[]}"
20230112,2023-01-12,11,1,0.0,2023,"{""type"":""MultiPoint"",""coordinates"":[]}"
20230113,2023-01-13,12,1,0.0,2023,"{""type"":""MultiPoint"",""coordinates"":[]}"
20230114,2023-01-14,13,1,0.0,2023,"{""type"":""MultiPoint"",""coordinates"":[]}"
20230115,2023-01-15,14,1,0.0,2023,"{""type"":""MultiPoint"",""coordinates"":[]}"
20230116,2023-01-16,15,1,0.0,2023,"{""type"":""MultiPoint"",""coordinates"":[]}"
20230117,2023-01-17,16,1,0.0,2023,"{""type"":""MultiPoint"",""coordinates"":[]}"
20230118,2023-01-18,17,1,0.0,2023,"{""type"":""MultiPoint"",""coordinates"":[]}"
20230119,2023-01-19,18,1,0.0,2023,"{""type"":""MultiPoint"",""coordinates"":[]}"
20230120,2023-01-20,19,1,0.0,2023,"{""type"":""MultiPoint"",""coordinates"":[]}"
20230121,2023-01-21,20,1,0.0,2023,"{""type"":""MultiPoint"",""coordinates"":[]}"
20230122,2023-01-22,21,1,0.0,2023,"{""type"":""MultiPoint"",""coordinates"":[]}"
20230123,2023-01-23,22,1,0.0,2023,"{""type"":""MultiPoint"",""coordinates"":[]}"
20230124,2023-01-24,23,1,0.0,2023,"{""type"":""MultiPoint"",""coordinates"":[]}"
20230125,2023-01-25,24,1,0.0,2023,"{""type"":""MultiPoint"",""coordinates"":[]}"
20230126,2023-01-26,25,1,0.0,2023,"{""type"":""MultiPoint"",""coordinates"":[]}"
20230127,2023-01-27,26,1,0.0,2023,"{""type"":""MultiPoint"",""coordinates"":[]}"
20230128,2023-01-28,27,1,0.0,2023,"{""type"":""MultiPoint"",""coordinates"":[]}"
20230129,2023-01-29,28,1,0.0,2023,"{""type"":""MultiPoint"",""coordinates"":[]}"
20230130,2023-01-30,29,1,0.0,2023,"{""type"":""MultiPoint"",""coordinates"":[]}"
20230131,2023-01-31,30,1,0.0,2023,"{""type"":""MultiPoint"",""coordinates"":[]}"
20230201,2023-02-01,31,2,0.0,2023,"{""type"":""MultiPoint"",""coordinates"":[]}"
20230202,2023-02-02,32,2,0.0,2023,"{""type"":""MultiPoint"",""coordinates"":[]}"
20230203,2023-02-03,33,2,0.0,2023,"{""type"":""MultiPoint"",""coordinates"":[]}"
20230204,2023-02-04,34,2,0.0,2023,"{""type"":""MultiPoint"",""coordinates"":[]}"
20230205,2023-02-05,35,2,0.0,2023,"{""type"":""MultiPoint"",""coordinates"":[]}"
20230206,2023-02-06,36,2,0.0,2023,"{""type"":""MultiPoint"",""coordinates"":[]}"
20230207,2023-02-07,37,2,0.0,2023,"{""type"":""MultiPoint"",""coordinates"":[]}"
20230208,2023-02-08,38,2,0.0,2023,"{""type"":""MultiPoint"",""coordinates"":[]}"
20230209,2023-02-09,39,2,0.0,2023,"{""type"":""MultiPoint"",""coordinates"":[]}"
20230210,2023-02-10,40,2,0.0,2023,"{""type"":""MultiPoint"",""coordinates"":[]}"
20230211,2023-02-11,41,2,0.0,2023,"{""type"":""MultiPoint"",""coordinates"":[]}"
20230212,2023-02-12,42,2,0.0,2023,"{""type"":""MultiPoint"",""coordinates"":[]}"
20230213,2023-02-13,43,2,0.0,2023,"{""type"":""MultiPoint"",""coordinates"":[]}"
20230214,2023-02-14,44,2,0.0,2023,"{""type"":""MultiPoint"",""coordinates"":[]}"
20230215,2023-02-15,45,2,0.0,2023,"{""type"":""MultiPoint"",""coordinates"":[]}"
20230216,2023-02-16,46,2,0.0,2023,"{""type"":""MultiPoint"",""coordinates"":[]}"
20230217,2023-02-17,47,2,0.0,2023,"{""type"":""MultiPoint"",""coordinates"":[]}"
20230218,2023-02-18,48,2,0.0,2023,"{""type"":""MultiPoint"",""coordinates"":[]}"
20230219,2023-02-19,49,2,0.0,2023,"{""type"":""MultiPoint"",""coordinates"":[]}"
20230220,2023-02-20,50,2,0.0,2023,"{""type"":""MultiPoint"",""coordinates"":[]}"
20230221,2023-02-21,51,2,0.0,2023,"{""type"":""MultiPoint"",""coordinates"":[]}"
20230222,2023-02-22,52,2,0.0,2023,"{""type"":""MultiPoint"",""coordinates"":[]}"
20230223,2023-02-23,53,2,0.0,2023,"{""type"":""MultiPoint"",""coordinates"":[]}"
20230224,2023-02-24,54,2,0.0,2023,"{""type"":""MultiPoint"",""coordinates"":[]}"
20230225,2023-02-25,55,2,0.0,2023,"{""type"":""MultiPoint"",""coordinates"":[]}"
20230226,2023-02-26,56,2,0.0,2023,"{""type"":""MultiPoint"",""coordinates"":[]}"
20230227,2023-02-27,57,2,0.0,2023,"{""type"":""MultiPoint"",""coordinates"":[]}"
20230228,2023-02-28,58,2,0.0,2023,"{""type"":""MultiPoint"",""coordinates"":[]}"
20230301,2023-03-01,59,3,0.0,2023,"{""type"":""MultiPoint"",""coordinates"":[]}"
20230302,2023-03-02,60,3,0.0,2023,"{""type"":""MultiPoint"",""coordinates"":[]}"
20230303,2023-03-03,61,3,0.0,2023,"{""type"":""MultiPoint"",""coordinates"":[]}"
20230304,2023-03-04,62,3,0.0014948414431677924,2023,"{""type"":""MultiPoint"",""coordinates"":[]}"
20230305,2023-03-05,63,3,0.0,2023,"{""type"":""MultiPoint"",""coordinates"":[]}"
20230306,2023-03-06,64,3,0.0,2023,"{""type"":""MultiPoint"",""coordinates"":[]}"
20230307,2023-03-07,65,3,0.001306191688836223,2023,"{""type"":""MultiPoint"",""coordinates"":[]}"
20230308,2023-03-08,66,3,0.0,2023,"{""type"":""MultiPoint"",""coordinates"":[]}"
20230309,2023-03-09,67,3,0.0058226696943067735,2023,"{""type"":""MultiPoint"",""coordinates"":[]}"
20230310,2023-03-10,68,3,5.463803036495893E-4,2023,"{""type"":""MultiPoint"",""coordinates"":[]}"
20230311,2023-03-11,69,3,0.0,2023,"{""type"":""MultiPoint"",""coordinates"":[]}"
20230312,2023-03-12,70,3,0.0,2023,"{""type"":""MultiPoint"",""coordinates"":[]}"
20230313,2023-03-13,71,3,0.0,2023,"{""type"":""MultiPoint"",""coordinates"":[]}"
20230314,2023-03-14,72,3,0.0,2023,"{""type"":""MultiPoint"",""coordinates"":[]}"
20230315,2023-03-15,73,3,0.0,2023,"{""type"":""MultiPoint"",""coordinates"":[]}"
20230316,2023-03-16,74,3,0.0,2023,"{""type"":""MultiPoint"",""coordinates"":[]}"
20230317,2023-03-17,75,3,0.0,2023,"{""type"":""MultiPoint"",""coordinates"":[]}"
20230318,2023-03-18,76,3,0.0,2023,"{""type"":""MultiPoint"",""coordinates"":[]}"
20230319,2023-03-19,77,3,0.11076574751494496,2023,"{""type"":""MultiPoint"",""coordinates"":[]}"
20230320,2023-03-20,78,3,0.18730647944889345,2023,"{""type"":""MultiPoint"",""coordinates"":[]}"
20230321,2023-03-21,79,3,0.45784739730593754,2023,"{""type"":""MultiPoint"",""coordinates"":[]}"
20230322,2023-03-22,80,3,0.21735607806551124,2023,"{""type"":""MultiPoint"",""coordinates"":[]}"
20230323,2023-03-23,81,3,0.022902092418474213,2023,"{""type"":""MultiPoint"",""coordinates"":[]}"
20230324,2023-03-24,82,3,0.0,2023,"{""type"":""MultiPoint"",""coordinates"":[]}"
20230325,2023-03-25,83,3,0.11058686494496722,2023,"{""type"":""MultiPoint"",""coordinates"":[]}"
20230326,2023-03-26,84,3,0.0,2023,"{""type"":""MultiPoint"",""coordinates"":[]}"
20230327,2023-03-27,85,3,0.0,2023,"{""type"":""MultiPoint"",""coordinates"":[]}"
20230328,2023-03-28,86,3,0.0,2023,"{""type"":""MultiPoint"",""coordinates"":[]}"
20230329,2023-03-29,87,3,0.0,2023,"{""type"":""MultiPoint"",""coordinates"":[]}"
20230330,2023-03-30,88,3,0.0,2023,"{""type"":""MultiPoint"",""coordinates"":[]}"
20230331,2023-03-31,89,3,0.01989291954522181,2023,"{""type"":""MultiPoint"",""coordinates"":[]}"
20230401,2023-04-01,90,4,0.0,2023,"{""type"":""MultiPoint"",""coordinates"":[]}"
20230402,2023-04-02,91,4,0.0,2023,"{""type"":""MultiPoint"",""coordinates"":[]}"
20230403,2023-04-03,92,4,0.0,2023,"{""type"":""MultiPoint"",""coordinates"":[]}"
20230404,2023-04-04,93,4,0.5379695657645861,2023,"{""type"":""MultiPoint"",""coordinates"":[]}"
20230405,2023-04-05,94,4,0.0,2023,"{""type"":""MultiPoint"",""coordinates"":[]}"
20230406,2023-04-06,95,4,0.0,2023,"{""type"":""MultiPoint"",""coordinates"":[]}"
20230407,2023-04-07,96,4,0.0,2023,"{""type"":""MultiPoint"",""coordinates"":[]}"
20230408,2023-04-08,97,4,0.30202061914174616,2023,"{""type"":""MultiPoint"",""coordinates"":[]}"
20230409,2023-04-09,98,4,0.0,2023,"{""type"":""MultiPoint"",""coordinates"":[]}"
20230410,2023-04-10,99,4,1.675816614832305,2023,"{""type"":""MultiPoint"",""coordinates"":[]}"
20230411,2023-04-11,100,4,0.3800001494493502,2023,"{""type"":""MultiPoint"",""coordinates"":[]}"
20230412,2023-04-12,101,4,1.2064933158142963,2023,"{""type"":""MultiPoint"",""coordinates"":[]}"
20230413,2023-04-13,102,4,0.0,2023,"{""type"":""MultiPoint"",""coordinates"":[]}"
20230414,2023-04-14,103,4,0.0,2023,"{""type"":""MultiPoint"",""coordinates"":[]}"
20230415,2023-04-15,104,4,0.0,2023,"{""type"":""MultiPoint"",""coordinates"":[]}"
20230416,2023-04-16,105,4,2.0440876637031167,2023,"{""type"":""MultiPoint"",""coordinates"":[]}"
20230417,2023-04-17,106,4,1.1380314414372277,2023,"{""type"":""MultiPoint"",""coordinates"":[]}"
20230418,2023-04-18,107,4,0.0,2023,"{""type"":""MultiPoint"",""coordinates"":[]}"
20230419,2023-04-19,108,4,0.013957369525873157,2023,"{""type"":""MultiPoint"",""coordinates"":[]}"
20230420,2023-04-20,109,4,0.0,2023,"{""type"":""MultiPoint"",""coordinates"":[]}"
20230421,2023-04-21,110,4,0.0,2023,"{""type"":""MultiPoint"",""coordinates"":[]}"
20230422,2023-04-22,111,4,0.0,2023,"{""type"":""MultiPoint"",""coordinates"":[]}"
20230423,2023-04-23,112,4,2.875961451772228,2023,"{""type"":""MultiPoint"",""coordinates"":[]}"
20230424,2023-04-24,113,4,1.8576677799885948,2023,"{""type"":""MultiPoint"",""coordinates"":[]}"
20230425,2023-04-25,114,4,0.22921306256091956,2023,"{""type"":""MultiPoint"",""coordinates"":[]}"
20230426,2023-04-26,115,4,0.0,2023,"{""type"":""MultiPoint"",""coordinates"":[]}"
20230427,2023-04-27,116,4,5.043085600319748E-4,2023,"{""type"":""MultiPoint"",""coordinates"":[]}"
20230428,2023-04-28,117,4,0.0,2023,"{""type"":""MultiPoint"",""coordinates"":[]}"
20230429,2023-04-29,118,4,0.0,2023,"{""type"":""MultiPoint"",""coordinates"":[]}"
20230430,2023-04-30,119,4,0.45522621974635297,2023,"{""type"":""MultiPoint"",""coordinates"":[]}"
20230501,2023-05-01,120,5,0.0,2023,"{""type"":""MultiPoint"",""coordinates"":[]}"
20230502,2023-05-02,121,5,0.0,2023,"{""type"":""MultiPoint"",""coordinates"":[]}"
20230503,2023-05-03,122,5,0.8073022052495167,2023,"{""type"":""MultiPoint"",""coordinates"":[]}"
20230504,2023-05-04,123,5,0.0,2023,"{""type"":""MultiPoint"",""coordinates"":[]}"
20230505,2023-05-05,124,5,0.0,2023,"{""type"":""MultiPoint"",""coordinates"":[]}"
20230506,2023-05-06,125,5,0.0,2023,"{""type"":""MultiPoint"",""coordinates"":[]}"
20230507,2023-05-07,126,5,0.0,2023,"{""type"":""MultiPoint"",""coordinates"":[]}"
20230508,2023-05-08,127,5,0.0,2023,"{""type"":""MultiPoint"",""coordinates"":[]}"
20230509,2023-05-09,128,5,0.028651986459288934,2023,"{""type"":""MultiPoint"",""coordinates"":[]}"
20230510,2023-05-10,129,5,1.2803402625114333,2023,"{""type"":""MultiPoint"",""coordinates"":[]}"
20230511,2023-05-11,130,5,3.8374577736377624,2023,"{""type"":""MultiPoint"",""coordinates"":[]}"
20230512,2023-05-12,131,5,0.03068375337192341,2023,"{""type"":""MultiPoint"",""coordinates"":[]}"
20230513,2023-05-13,132,5,0.1699903565223771,2023,"{""type"":""MultiPoint"",""coordinates"":[]}"
20230514,2023-05-14,133,5,0.0,2023,"{""type"":""MultiPoint"",""coordinates"":[]}"
20230515,2023-05-15,134,5,1.0056937294776993,2023,"{""type"":""MultiPoint"",""coordinates"":[]}"
20230516,2023-05-16,135,5,3.35515464025102,2023,"{""type"":""MultiPoint"",""coordinates"":[]}"
20230517,2023-05-17,136,5,6.748168986678053,2023,"{""type"":""MultiPoint"",""coordinates"":[]}"
20230518,2023-05-18,137,5,0.37102099979813913,2023,"{""type"":""MultiPoint"",""coordinates"":[]}"
20230519,2023-05-19,138,5,1.3935548765018542,2023,"{""type"":""MultiPoint"",""coordinates"":[]}"
20230520,2023-05-20,139,5,0.1893368994606488,2023,"{""type"":""MultiPoint"",""coordinates"":[]}"
20230521,2023-05-21,140,5,4.464895399614568,2023,"{""type"":""MultiPoint"",""coordinates"":[]}"
20230522,2023-05-22,141,5,1.3103814006772554,2023,"{""type"":""MultiPoint"",""coordinates"":[]}"
20230523,2023-05-23,142,5,4.426036601492521,2023,"{""type"":""MultiPoint"",""coordinates"":[]}"
20230524,2023-05-24,143,5,3.4530679295619753,2023,"{""type"":""MultiPoint"",""coordinates"":[]}"
20230525,2023-05-25,144,5,0.0,2023,"{""type"":""MultiPoint"",""coordinates"":[]}"
20230526,2023-05-26,145,5,7.286423753620165,2023,"{""type"":""MultiPoint"",""coordinates"":[]}"
20230527,2023-05-27,146,5,1.839667322140303,2023,"{""type"":""MultiPoint"",""coordinates"":[]}"
20230528,2023-05-28,147,5,10.341996923818002,2023,"{""type"":""MultiPoint"",""coordinates"":[]}"
20230529,2023-05-29,148,5,2.318273721531751,2023,"{""type"":""MultiPoint"",""coordinates"":[]}"
20230530,2023-05-30,149,5,0.0,2023,"{""type"":""MultiPoint"",""coordinates"":[]}"
20230531,2023-05-31,150,5,6.163530229034697,2023,"{""type"":""MultiPoint"",""coordinates"":[]}"
20230601,2023-06-01,151,6,0.05332585537072384,2023,"{""type"":""MultiPoint"",""coordinates"":[]}"
20230602,2023-06-02,152,6,13.290697014575006,2023,"{""type"":""MultiPoint"",""coordinates"":[]}"
20230603,2023-06-03,153,6,8.165787133492442,2023,"{""type"":""MultiPoint"",""coordinates"":[]}"
20230604,2023-06-04,154,6,2.3278962087338453,2023,"{""type"":""MultiPoint"",""coordinates"":[]}"
20230605,2023-06-05,155,6,1.7690806847842622,2023,"{""type"":""MultiPoint"",""coordinates"":[]}"
20230606,2023-06-06,156,6,22.217536739652335,2023,"{""type"":""MultiPoint"",""coordinates"":[]}"
20230607,2023-06-07,157,6,0.0,2023,"{""type"":""MultiPoint"",""coordinates"":[]}"
20230608,2023-06-08,158,6,0.0,2023,"{""type"":""MultiPoint"",""coordinates"":[]}"
20230609,2023-06-09,159,6,9.277467946860785,2023,"{""type"":""MultiPoint"",""coordinates"":[]}"
20230610,2023-06-10,160,6,0.001241910620523363,2023,"{""type"":""MultiPoint"",""coordinates"":[]}"
20230611,2023-06-11,161,6,16.38566994983434,2023,"{""type"":""MultiPoint"",""coordinates"":[]}"
20230612,2023-06-12,162,6,1.030728379058989,2023,"{""type"":""MultiPoint"",""coordinates"":[]}"
20230613,2023-06-13,163,6,0.11368122656148456,2023,"{""type"":""MultiPoint"",""coordinates"":[]}"
20230614,2023-06-14,164,6,11.534404049157672,2023,"{""type"":""MultiPoint"",""coordinates"":[]}"
20230615,2023-06-15,165,6,0.0,2023,"{""type"":""MultiPoint"",""coordinates"":[]}"
20230616,2023-06-16,166,6,10.513404137782707,2023,"{""type"":""MultiPoint"",""coordinates"":[]}"
20230617,2023-06-17,167,6,10.316883772806404,2023,"{""type"":""MultiPoint"",""coordinates"":[]}"
20230618,2023-06-18,168,6,6.479973991074451,2023,"{""type"":""MultiPoint"",""coordinates"":[]}"
20230619,2023-06-19,169,6,3.3692409190878485,2023,"{""type"":""MultiPoint"",""coordinates"":[]}"
20230620,2023-06-20,170,6,0.0,2023,"{""type"":""MultiPoint"",""coordinates"":[]}"
20230621,2023-06-21,171,6,4.962681711959612,2023,"{""type"":""MultiPoint"",""coordinates"":[]}"
20230622,2023-06-22,172,6,0.0,2023,"{""type"":""MultiPoint"",""coordinates"":[]}"
20230623,2023-06-23,173,6,16.218784771430233,2023,"{""type"":""MultiPoint"",""coordinates"":[]}"
20230624,2023-06-24,174,6,0.44840272125996655,2023,"{""type"":""MultiPoint"",""coordinates"":[]}"
20230625,2023-06-25,175,6,2.230330842064026,2023,"{""type"":""MultiPoint"",""coordinates"":[]}"
20230626,2023-06-26,176,6,12.42001263498906,2023,"{""type"":""MultiPoint"",""coordinates"":[]}"
20230627,2023-06-27,177,6,3.6072864528693027,2023,"{""type"":""MultiPoint"",""coordinates"":[]}"
20230628,2023-06-28,178,6,30.81136843265225,2023,"{""type"":""MultiPoint"",""coordinates"":[]}"
20230629,2023-06-29,179,6,23.49701661831272,2023,"{""type"":""MultiPoint"",""coordinates"":[]}"
20230630,2023-06-30,180,6,0.0,2023,"{""type"":""MultiPoint"",""coordinates"":[]}"
20230701,2023-07-01,181,7,2.3902193127256455,2023,"{""type"":""MultiPoint"",""coordinates"":[]}"
20230702,2023-07-02,182,7,9.077896925075667,2023,"{""type"":""MultiPoint"",""coordinates"":[]}"
20230703,2023-07-03,183,7,13.158605576222616,2023,"{""type"":""MultiPoint"",""coordinates"":[]}"
20230704,2023-07-04,184,7,3.764660272959035,2023,"{""type"":""MultiPoint"",""coordinates"":[]}"
20230705,2023-07-05,185,7,11.08210758512198,2023,"{""type"":""MultiPoint"",""coordinates"":[]}"
20230706,2023-07-06,186,7,0.0,2023,"{""type"":""MultiPoint"",""coordinates"":[]}"
20230707,2023-07-07,187,7,15.822012785237057,2023,"{""type"":""MultiPoint"",""coordinates"":[]}"
20230708,2023-07-08,188,7,0.19208047252571164,2023,"{""type"":""MultiPoint"",""coordinates"":[]}"
20230709,2023-07-09,189,7,8.310337891505954,2023,"{""type"":""MultiPoint"",""coordinates"":[]}"
20230710,2023-07-10,190,7,7.390872721295233,2023,"{""type"":""MultiPoint"",""coordinates"":[]}"
20230711,2023-07-11,191,7,2.0948379257452983,2023,"{""type"":""MultiPoint"",""coordinates"":[]}"
20230712,2023-07-12,192,7,8.187075426517607,2023,"{""type"":""MultiPoint"",""coordinates"":[]}"
20230713,2023-07-13,193,7,7.242942407547212,2023,"{""type"":""MultiPoint"",""coordinates"":[]}"
20230714,2023-07-14,194,7,18.969042247062774,2023,"{""type"":""MultiPoint"",""coordinates"":[]}"
20230715,2023-07-15,195,7,9.713091475818624,2023,"{""type"":""MultiPoint"",""coordinates"":[]}"
20230716,2023-07-16,196,7,0.0,2023,"{""type"":""MultiPoint"",""coordinates"":[]}"
20230717,2023-07-17,197,7,0.044388949268996114,2023,"{""type"":""MultiPoint"",""coordinates"":[]}"
20230718,2023-07-18,198,7,6.340096277349136,2023,"{""type"":""MultiPoint"",""coordinates"":[]}"
20230719,2023-07-19,199,7,0.0,2023,"{""type"":""MultiPoint"",""coordinates"":[]}"
20230720,2023-07-20,200,7,5.782921589443202,2023,"{""type"":""MultiPoint"",""coordinates"":[]}"
20230721,2023-07-21,201,7,1.879733552458641,2023,"{""type"":""MultiPoint"",""coordinates"":[]}"
20230722,2023-07-22,202,7,9.177300987538311,2023,"{""type"":""MultiPoint"",""coordinates"":[]}"
20230723,2023-07-23,203,7,11.979435797468653,2023,"{""type"":""MultiPoint"",""coordinates"":[]}"
20230724,2023-07-24,204,7,0.0,2023,"{""type"":""MultiPoint"",""coordinates"":[]}"
20230725,2023-07-25,205,7,0.10402983640722531,2023,"{""type"":""MultiPoint"",""coordinates"":[]}"
20230726,2023-07-26,206,7,2.297633010577532,2023,"{""type"":""MultiPoint"",""coordinates"":[]}"
20230727,2023-07-27,207,7,3.3371156527042674,2023,"{""type"":""MultiPoint"",""coordinates"":[]}"
20230728,2023-07-28,208,7,9.086634964299783,2023,"{""type"":""MultiPoint"",""coordinates"":[]}"
20230729,2023-07-29,209,7,0.04083510473662732,2023,"{""type"":""MultiPoint"",""coordinates"":[]}"
20230730,2023-07-30,210,7,9.409134024415872,2023,"{""type"":""MultiPoint"",""coordinates"":[]}"
20230731,2023-07-31,211,7,10.024452629408566,2023,"{""type"":""MultiPoint"",""coordinates"":[]}"
20230801,2023-08-01,212,8,15.018711265749824,2023,"{""type"":""MultiPoint"",""coordinates"":[]}"
20230802,2023-08-02,213,8,0.0,2023,"{""type"":""MultiPoint"",""coordinates"":[]}"
20230803,2023-08-03,214,8,0.8676299977996699,2023,"{""type"":""MultiPoint"",""coordinates"":[]}"
20230804,2023-08-04,215,8,1.9550170845550037,2023,"{""type"":""MultiPoint"",""coordinates"":[]}"
20230805,2023-08-05,216,8,12.996976597423858,2023,"{""type"":""MultiPoint"",""coordinates"":[]}"
20230806,2023-08-06,217,8,16.296630805165346,2023,"{""type"":""MultiPoint"",""coordinates"":[]}"
20230807,2023-08-07,218,8,0.0,2023,"{""type"":""MultiPoint"",""coordinates"":[]}"
20230808,2023-08-08,219,8,5.151910684679635,2023,"{""type"":""MultiPoint"",""coordinates"":[]}"
20230809,2023-08-09,220,8,36.262512684529504,2023,"{""type"":""MultiPoint"",""coordinates"":[]}"
20230810,2023-08-10,221,8,5.233240824072496,2023,"{""type"":""MultiPoint"",""coordinates"":[]}"
20230811,2023-08-11,222,8,2.2337648946475364,2023,"{""type"":""MultiPoint"",""coordinates"":[]}"
20230812,2023-08-12,223,8,10.817584091423761,2023,"{""type"":""MultiPoint"",""coordinates"":[]}"
20230813,2023-08-13,224,8,0.8057443685261513,2023,"{""type"":""MultiPoint"",""coordinates"":[]}"
20230814,2023-08-14,225,8,10.753575633553895,2023,"{""type"":""MultiPoint"",""coordinates"":[]}"
20230815,2023-08-15,226,8,11.738793648311608,2023,"{""type"":""MultiPoint"",""coordinates"":[]}"
20230816,2023-08-16,227,8,8.092195902325939,2023,"{""type"":""MultiPoint"",""coordinates"":[]}"
20230817,2023-08-17,228,8,0.0,2023,"{""type"":""MultiPoint"",""coordinates"":[]}"
20230818,2023-08-18,229,8,12.866251142833885,2023,"{""type"":""MultiPoint"",""coordinates"":[]}"
20230819,2023-08-19,230,8,0.0,2023,"{""type"":""MultiPoint"",""coordinates"":[]}"
20230820,2023-08-20,231,8,10.870793259198134,2023,"{""type"":""MultiPoint"",""coordinates"":[]}"
20230821,2023-08-21,232,8,0.0,2023,"{""type"":""MultiPoint"",""coordinates"":[]}"
20230822,2023-08-22,233,8,0.7908040687669075,2023,"{""type"":""MultiPoint"",""coordinates"":[]}"
20230823,2023-08-23,234,8,0.17506996384467857,2023,"{""type"":""MultiPoint"",""coordinates"":[]}"
20230824,2023-08-24,235,8,0.0,2023,"{""type"":""MultiPoint"",""coordinates"":[]}"
20230825,2023-08-25,236,8,0.0,2023,"{""type"":""MultiPoint"",""coordinates"":[]}"
20230826,2023-08-26,237,8,11.594567360465279,2023,"{""type"":""MultiPoint"",""coordinates"":[]}"
20230827,2023-08-27,238,8,16.798716556249126,2023,"{""type"":""MultiPoint"",""coordinates"":[]}"
20230828,2023-08-28,239,8,0.0,2023,"{""type"":""MultiPoint"",""coordinates"":[]}"
20230829,2023-08-29,240,8,13.99075938206093,2023,"{""type"":""MultiPoint"",""coordinates"":[]}"
20230830,2023-08-30,241,8,2.115901963454375,2023,"{""type"":""MultiPoint"",""coordinates"":[]}"
20230831,2023-08-31,242,8,5.918340376424989,2023,"{""type"":""MultiPoint"",""coordinates"":[]}"
20230901,2023-09-01,243,9,13.472071809423017,2023,"{""type"":""MultiPoint"",""coordinates"":[]}"
20230902,2023-09-02,244,9,0.0,2023,"{""type"":""MultiPoint"",""coordinates"":[]}"
20230903,2023-09-03,245,9,14.99088615935778,2023,"{""type"":""MultiPoint"",""coordinates"":[]}"
20230904,2023-09-04,246,9,0.0012536243439476237,2023,"{""type"":""MultiPoint"",""coordinates"":[]}"
20230905,2023-09-05,247,9,3.0155696097306155,2023,"{""type"":""MultiPoint"",""coordinates"":[]}"
20230906,2023-09-06,248,9,0.0,2023,"{""type"":""MultiPoint"",""coordinates"":[]}"
20230907,2023-09-07,249,9,5.546530261750881,2023,"{""type"":""MultiPoint"",""coordinates"":[]}"
20230908,2023-09-08,250,9,0.05662343959615688,2023,"{""type"":""MultiPoint"",""coordinates"":[]}"
20230909,2023-09-09,251,9,0.0,2023,"{""type"":""MultiPoint"",""coordinates"":[]}"
20230910,2023-09-10,252,9,0.0,2023,"{""type"":""MultiPoint"",""coordinates"":[]}"
20230911,2023-09-11,253,9,14.88678077434072,2023,"{""type"":""MultiPoint"",""coordinates"":[]}"
20230912,2023-09-12,254,9,0.0,2023,"{""type"":""MultiPoint"",""coordinates"":[]}"
20230913,2023-09-13,255,9,0.049930037874164,2023,"{""type"":""MultiPoint"",""coordinates"":[]}"
20230914,2023-09-14,256,9,12.834159889606509,2023,"{""type"":""MultiPoint"",""coordinates"":[]}"
20230915,2023-09-15,257,9,6.558296224012733,2023,"{""type"":""MultiPoint"",""coordinates"":[]}"
20230916,2023-09-16,258,9,4.648993981571617,2023,"{""type"":""MultiPoint"",""coordinates"":[]}"
20230917,2023-09-17,259,9,7.269272303623737,2023,"{""type"":""MultiPoint"",""coordinates"":[]}"
20230918,2023-09-18,260,9,0.5155409321640477,2023,"{""type"":""MultiPoint"",""coordinates"":[]}"
20230919,2023-09-19,261,9,1.946601326004258,2023,"{""type"":""MultiPoint"",""coordinates"":[]}"
20230920,2023-09-20,262,9,0.0,2023,"{""type"":""MultiPoint"",""coordinates"":[]}"
20230921,2023-09-21,263,9,0.0,2023,"{""type"":""MultiPoint"",""coordinates"":[]}"
20230922,2023-09-22,264,9,7.603223556149098,2023,"{""type"":""MultiPoint"",""coordinates"":[]}"
20230923,2023-09-23,265,9,0.6914374435932523,2023,"{""type"":""MultiPoint"",""coordinates"":[]}"
20230924,2023-09-24,266,9,0.0,2023,"{""type"":""MultiPoint"",""coordinates"":[]}"
20230925,2023-09-25,267,9,1.4472390199137293,2023,"{""type"":""MultiPoint"",""coordinates"":[]}"
20230926,2023-09-26,268,9,0.0,2023,"{""type"":""MultiPoint"",""coordinates"":[]}"
20230927,2023-09-27,269,9,0.0,2023,"{""type"":""MultiPoint"",""coordinates"":[]}"
20230928,2023-09-28,270,9,11.60572948425589,2023,"{""type"":""MultiPoint"",""coordinates"":[]}"
20230929,2023-09-29,271,9,0.15324109973329486,2023,"{""type"":""MultiPoint"",""coordinates"":[]}"
20230930,2023-09-30,272,9,5.500258527431992,2023,"{""type"":""MultiPoint"",""coordinates"":[]}"
20231001,2023-10-01,273,10,7.787833048863371,2023,"{""type"":""MultiPoint"",""coordinates"":[]}"
20231002,2023-10-02,274,10,0.38245335832211635,2023,"{""type"":""MultiPoint"",""coordinates"":[]}"
20231003,2023-10-03,275,10,0.0,2023,"{""type"":""MultiPoint"",""coordinates"":[]}"
20231004,2023-10-04,276,10,2.269434300335971,2023,"{""type"":""MultiPoint"",""coordinates"":[]}"
20231005,2023-10-05,277,10,0.8730029265085856,2023,"{""type"":""MultiPoint"",""coordinates"":[]}"
20231006,2023-10-06,278,10,5.7093843588807305,2023,"{""type"":""MultiPoint"",""coordinates"":[]}"
20231007,2023-10-07,279,10,0.0,2023,"{""type"":""MultiPoint"",""coordinates"":[]}"
20231008,2023-10-08,280,10,0.0,2023,"{""type"":""MultiPoint"",""coordinates"":[]}"
20231009,2023-10-09,281,10,0.0,2023,"{""type"":""MultiPoint"",""coordinates"":[]}"
20231010,2023-10-10,282,10,0.0,2023,"{""type"":""MultiPoint"",""coordinates"":[]}"
20231011,2023-10-11,283,10,0.0,2023,"{""type"":""MultiPoint"",""coordinates"":[]}"
20231012,2023-10-12,284,10,2.7048748515577308,2023,"{""type"":""MultiPoint"",""coordinates"":[]}"
20231013,2023-10-13,285,10,0.0,2023,"{""type"":""MultiPoint"",""coordinates"":[]}"
20231014,2023-10-14,286,10,0.0,2023,"{""type"":""MultiPoint"",""coordinates"":[]}"
20231015,2023-10-15,287,10,0.055410653653770986,2023,"{""type"":""MultiPoint"",""coordinates"":[]}"
20231016,2023-10-16,288,10,0.0,2023,"{""type"":""MultiPoint"",""coordinates"":[]}"
20231017,2023-10-17,289,10,0.0,2023,"{""type"":""MultiPoint"",""coordinates"":[]}"
20231018,2023-10-18,290,10,0.0,2023,"{""type"":""MultiPoint"",""coordinates"":[]}"
20231019,2023-10-19,291,10,0.0,2023,"{""type"":""MultiPoint"",""coordinates"":[]}"
20231020,2023-10-20,292,10,0.023437935566047462,2023,"{""type"":""MultiPoint"",""coordinates"":[]}"
20231021,2023-10-21,293,10,0.0,2023,"{""type"":""MultiPoint"",""coordinates"":[]}"
20231022,2023-10-22,294,10,0.0,2023,"{""type"":""MultiPoint"",""coordinates"":[]}"
20231023,2023-10-23,295,10,0.0,2023,"{""type"":""MultiPoint"",""coordinates"":[]}"
20231024,2023-10-24,296,10,0.0,2023,"{""type"":""MultiPoint"",""coordinates"":[]}"
20231025,2023-10-25,297,10,0.0,2023,"{""type"":""MultiPoint"",""coordinates"":[]}"
20231026,2023-10-26,298,10,0.0,2023,"{""type"":""MultiPoint"",""coordinates"":[]}"
20231027,2023-10-27,299,10,0.0,2023,"{""type"":""MultiPoint"",""coordinates"":[]}"
20231028,2023-10-28,300,10,0.0,2023,"{""type"":""MultiPoint"",""coordinates"":[]}"
20231029,2023-10-29,301,10,0.0,2023,"{""type"":""MultiPoint"",""coordinates"":[]}"
20231030,2023-10-30,302,10,1.7407747959472042,2023,"{""type"":""MultiPoint"",""coordinates"":[]}"
20231031,2023-10-31,303,10,0.0,2023,"{""type"":""MultiPoint"",""coordinates"":[]}"
20231101,2023-11-01,304,11,3.361523414866998,2023,"{""type"":""MultiPoint"",""coordinates"":[]}"
20231102,2023-11-02,305,11,0.0,2023,"{""type"":""MultiPoint"",""coordinates"":[]}"
20231103,2023-11-03,306,11,0.05011095080335061,2023,"{""type"":""MultiPoint"",""coordinates"":[]}"
20231104,2023-11-04,307,11,0.0,2023,"{""type"":""MultiPoint"",""coordinates"":[]}"
20231105,2023-11-05,308,11,0.0,2023,"{""type"":""MultiPoint"",""coordinates"":[]}"
20231106,2023-11-06,309,11,0.0,2023,"{""type"":""MultiPoint"",""coordinates"":[]}"
20231107,2023-11-07,310,11,0.0,2023,"{""type"":""MultiPoint"",""coordinates"":[]}"
20231108,2023-11-08,311,11,0.17897347011857043,2023,"{""type"":""MultiPoint"",""coordinates"":[]}"
20231109,2023-11-09,312,11,0.0,2023,"{""type"":""MultiPoint"",""coordinates"":[]}"
20231110,2023-11-10,313,11,0.004866198930062264,2023,"{""type"":""MultiPoint"",""coordinates"":[]}"
20231111,2023-11-11,314,11,0.0022408276645824164,2023,"{""type"":""MultiPoint"",""coordinates"":[]}"
20231112,2023-11-12,315,11,0.0,2023,"{""type"":""MultiPoint"",""coordinates"":[]}"
20231113,2023-11-13,316,11,0.0,2023,"{""type"":""MultiPoint"",""coordinates"":[]}"
20231114,2023-11-14,317,11,0.0,2023,"{""type"":""MultiPoint"",""coordinates"":[]}"
20231115,2023-11-15,318,11,0.003979385062937077,2023,"{""type"":""MultiPoint"",""coordinates"":[]}"
20231116,2023-11-16,319,11,0.0,2023,"{""type"":""MultiPoint"",""coordinates"":[]}"
20231117,2023-11-17,320,11,0.0,2023,"{""type"":""MultiPoint"",""coordinates"":[]}"
20231118,2023-11-18,321,11,0.0,2023,"{""type"":""MultiPoint"",""coordinates"":[]}"
20231119,2023-11-19,322,11,0.0,2023,"{""type"":""MultiPoint"",""coordinates"":[]}"
20231120,2023-11-20,323,11,0.0,2023,"{""type"":""MultiPoint"",""coordinates"":[]}"
20231121,2023-11-21,324,11,0.0,2023,"{""type"":""MultiPoint"",""coordinates"":[]}"
20231122,2023-11-22,325,11,0.0,2023,"{""type"":""MultiPoint"",""coordinates"":[]}"
20231123,2023-11-23,326,11,0.0,2023,"{""type"":""MultiPoint"",""coordinates"":[]}"
20231124,2023-11-24,327,11,0.0,2023,"{""type"":""MultiPoint"",""coordinates"":[]}"
20231125,2023-11-25,328,11,0.0,2023,"{""type"":""MultiPoint"",""coordinates"":[]}"
20231126,2023-11-26,329,11,0.0,2023,"{""type"":""MultiPoint"",""coordinates"":[]}"
20231127,2023-11-27,330,11,0.0,2023,"{""type"":""MultiPoint"",""coordinates"":[]}"
20231128,2023-11-28,331,11,0.0,2023,"{""type"":""MultiPoint"",""coordinates"":[]}"
20231129,2023-11-29,332,11,0.0,2023,"{""type"":""MultiPoint"",""coordinates"":[]}"
20231130,2023-11-30,333,11,0.0,2023,"{""type"":""MultiPoint"",""coordinates"":[]}"
20231201,2023-12-01,334,12,0.0,2023,"{""type"":""MultiPoint"",""coordinates"":[]}"
20231202,2023-12-02,335,12,0.0,2023,"{""type"":""MultiPoint"",""coordinates"":[]}"
20231203,2023-12-03,336,12,0.0,2023,"{""type"":""MultiPoint"",""coordinates"":[]}"
20231204,2023-12-04,337,12,0.0,2023,"{""type"":""MultiPoint"",""coordinates"":[]}"
20231205,2023-12-05,338,12,0.0,2023,"{""type"":""MultiPoint"",""coordinates"":[]}"
20231206,2023-12-06,339,12,0.0,2023,"{""type"":""MultiPoint"",""coordinates"":[]}"
20231207,2023-12-07,340,12,0.0,2023,"{""type"":""MultiPoint"",""coordinates"":[]}"
20231208,2023-12-08,341,12,0.0,2023,"{""type"":""MultiPoint"",""coordinates"":[]}"
20231209,2023-12-09,342,12,0.0,2023,"{""type"":""MultiPoint"",""coordinates"":[]}"
20231210,2023-12-10,343,12,0.002036669413850765,2023,"{""type"":""MultiPoint"",""coordinates"":[]}"
20231211,2023-12-11,344,12,0.0,2023,"{""type"":""MultiPoint"",""coordinates"":[]}"
20231212,2023-12-12,345,12,0.0,2023,"{""type"":""MultiPoint"",""coordinates"":[]}"
20231213,2023-12-13,346,12,0.0,2023,"{""type"":""MultiPoint"",""coordinates"":[]}"
20231214,2023-12-14,347,12,0.0,2023,"{""type"":""MultiPoint"",""coordinates"":[]}"
20231215,2023-12-15,348,12,0.0,2023,"{""type"":""MultiPoint"",""coordinates"":[]}"
20231216,2023-12-16,349,12,0.0,2023,"{""type"":""MultiPoint"",""coordinates"":[]}"
20231217,2023-12-17,350,12,0.0,2023,"{""type"":""MultiPoint"",""coordinates"":[]}"
20231218,2023-12-18,351,12,0.0,2023,"{""type"":""MultiPoint"",""coordinates"":[]}"
20231219,2023-12-19,352,12,0.0,2023,"{""type"":""MultiPoint"",""coordinates"":[]}"
20231220,2023-12-20,353,12,0.0,2023,"{""type"":""MultiPoint"",""coordinates"":[]}"
20231221,2023-12-21,354,12,0.0,2023,"{""type"":""MultiPoint"",""coordinates"":[]}"
20231222,2023-12-22,355,12,0.0,2023,"{""type"":""MultiPoint"",""coordinates"":[]}"
20231223,2023-12-23,356,12,0.0,2023,"{""type"":""MultiPoint"",""coordinates"":[]}"
20231224,2023-12-24,357,12,0.0,2023,"{""type"":""MultiPoint"",""coordinates"":[]}"
20231225,2023-12-25,358,12,0.0,2023,"{""type"":""MultiPoint"",""coordinates"":[]}"
20231226,2023-12-26,359,12,0.0,2023,"{""type"":""MultiPoint"",""coordinates"":[]}"
20231227,2023-12-27,360,12,0.0,2023,"{""type"":""MultiPoint"",""coordinates"":[]}"
20231228,2023-12-28,361,12,0.0,2023,"{""type"":""MultiPoint"",""coordinates"":[]}"
20231229,2023-12-29,362,12,0.0,2023,"{""type"":""MultiPoint"",""coordinates"":[]}"
20231230,2023-12-30,363,12,0.0,2023,"{""type"":""MultiPoint"",""coordinates"":[]}"
20231231,2023-12-31,364,12,0.0,2023,"{""type"":""MultiPoint"",""coordinates"":[]}"
20240101,2024-01-01,0,1,0.0,2024,"{""type"":""MultiPoint"",""coordinates"":[]}"
20240102,2024-01-02,1,1,0.0,2024,"{""type"":""MultiPoint"",""coordinates"":[]}"
20240103,2024-01-03,2,1,0.0,2024,"{""type"":""MultiPoint"",""coordinates"":[]}"
20240104,2024-01-04,3,1,0.0,2024,"{""type"":""MultiPoint"",""coordinates"":[]}"
20240105,2024-01-05,4,1,0.0,2024,"{""type"":""MultiPoint"",""coordinates"":[]}"
20240106,2024-01-06,5,1,0.0,2024,"{""type"":""MultiPoint"",""coordinates"":[]}"
20240107,2024-01-07,6,1,0.0,2024,"{""type"":""MultiPoint"",""coordinates"":[]}"
20240108,2024-01-08,7,1,0.0,2024,"{""type"":""MultiPoint"",""coordinates"":[]}"
20240109,2024-01-09,8,1,0.0,2024,"{""type"":""MultiPoint"",""coordinates"":[]}"
20240110,2024-01-10,9,1,0.0,2024,"{""type"":""MultiPoint"",""coordinates"":[]}"
20240111,2024-01-11,10,1,0.0,2024,"{""type"":""MultiPoint"",""coordinates"":[]}"
20240112,2024-01-12,11,1,0.0,2024,"{""type"":""MultiPoint"",""coordinates"":[]}"
20240113,2024-01-13,12,1,0.0,2024,"{""type"":""MultiPoint"",""coordinates"":[]}"
20240114,2024-01-14,13,1,0.0,2024,"{""type"":""MultiPoint"",""coordinates"":[]}"
20240115,2024-01-15,14,1,0.0,2024,"{""type"":""MultiPoint"",""coordinates"":[]}"
20240116,2024-01-16,15,1,0.0,2024,"{""type"":""MultiPoint"",""coordinates"":[]}"
20240117,2024-01-17,16,1,0.0,2024,"{""type"":""MultiPoint"",""coordinates"":[]}"
20240118,2024-01-18,17,1,0.0,2024,"{""type"":""MultiPoint"",""coordinates"":[]}"
20240119,2024-01-19,18,1,0.0,2024,"{""type"":""MultiPoint"",""coordinates"":[]}"
20240120,2024-01-20,19,1,0.0,2024,"{""type"":""MultiPoint"",""coordinates"":[]}"
20240121,2024-01-21,20,1,0.0,2024,"{""type"":""MultiPoint"",""coordinates"":[]}"
20240122,2024-01-22,21,1,0.0,2024,"{""type"":""MultiPoint"",""coordinates"":[]}"
20240123,2024-01-23,22,1,0.0,2024,"{""type"":""MultiPoint"",""coordinates"":[]}"
20240124,2024-01-24,23,1,0.0,2024,"{""type"":""MultiPoint"",""coordinates"":[]}"
20240125,2024-01-25,24,1,0.0,2024,"{""type"":""MultiPoint"",""coordinates"":[]}"
20240126,2024-01-26,25,1,2.9487816004917717E-10,2024,"{""type"":""MultiPoint"",""coordinates"":[]}"
20240127,2024-01-27,26,1,0.0,2024,"{""type"":""MultiPoint"",""coordinates"":[]}"
20240128,2024-01-28,27,1,0.0,2024,"{""type"":""MultiPoint"",""coordinates"":[]}"
20240129,2024-01-29,28,1,0.0,2024,"{""type"":""MultiPoint"",""coordinates"":[]}"
20240130,2024-01-30,29,1,0.0,2024,"{""type"":""MultiPoint"",""coordinates"":[]}"
20240131,2024-01-31,30,1,0.0,2024,"{""type"":""MultiPoint"",""coordinates"":[]}"
20240201,2024-02-01,31,2,0.0,2024,"{""type"":""MultiPoint"",""coordinates"":[]}"
20240202,2024-02-02,32,2,0.0,2024,"{""type"":""MultiPoint"",""coordinates"":[]}"
20240203,2024-02-03,33,2,0.0,2024,"{""type"":""MultiPoint"",""coordinates"":[]}"
20240204,2024-02-04,34,2,0.0,2024,"{""type"":""MultiPoint"",""coordinates"":[]}"
20240205,2024-02-05,35,2,0.0,2024,"{""type"":""MultiPoint"",""coordinates"":[]}"
20240206,2024-02-06,36,2,0.0,2024,"{""type"":""MultiPoint"",""coordinates"":[]}"
20240207,2024-02-07,37,2,0.0,2024,"{""type"":""MultiPoint"",""coordinates"":[]}"
20240208,2024-02-08,38,2,0.0,2024,"{""type"":""MultiPoint"",""coordinates"":[]}"
20240209,2024-02-09,39,2,0.0,2024,"{""type"":""MultiPoint"",""coordinates"":[]}"
20240210,2024-02-10,40,2,0.0,2024,"{""type"":""MultiPoint"",""coordinates"":[]}"
20240211,2024-02-11,41,2,0.0,2024,"{""type"":""MultiPoint"",""coordinates"":[]}"
20240212,2024-02-12,42,2,0.0,2024,"{""type"":""MultiPoint"",""coordinates"":[]}"
20240213,2024-02-13,43,2,0.0,2024,"{""type"":""MultiPoint"",""coordinates"":[]}"
20240214,2024-02-14,44,2,0.0,2024,"{""type"":""MultiPoint"",""coordinates"":[]}"
20240215,2024-02-15,45,2,0.0,2024,"{""type"":""MultiPoint"",""coordinates"":[]}"
20240216,2024-02-16,46,2,0.0,2024,"{""type"":""MultiPoint"",""coordinates"":[]}"
20240217,2024-02-17,47,2,0.0,2024,"{""type"":""MultiPoint"",""coordinates"":[]}"
20240218,2024-02-18,48,2,1.458342942549589E-5,2024,"{""type"":""MultiPoint"",""coordinates"":[]}"
20240219,2024-02-19,49,2,2.226388308859308E-4,2024,"{""type"":""MultiPoint"",""coordinates"":[]}"
20240220,2024-02-20,50,2,0.0,2024,"{""type"":""MultiPoint"",""coordinates"":[]}"
20240221,2024-02-21,51,2,0.0,2024,"{""type"":""MultiPoint"",""coordinates"":[]}"
20240222,2024-02-22,52,2,0.0,2024,"{""type"":""MultiPoint"",""coordinates"":[]}"
20240223,2024-02-23,53,2,0.0,2024,"{""type"":""MultiPoint"",""coordinates"":[]}"
20240224,2024-02-24,54,2,0.004040474063982631,2024,"{""type"":""MultiPoint"",""coordinates"":[]}"
20240225,2024-02-25,55,2,0.001657337519535926,2024,"{""type"":""MultiPoint"",""coordinates"":[]}"
20240226,2024-02-26,56,2,0.0,2024,"{""type"":""MultiPoint"",""coordinates"":[]}"
20240227,2024-02-27,57,2,0.0,2024,"{""type"":""MultiPoint"",""coordinates"":[]}"
20240228,2024-02-28,58,2,0.0,2024,"{""type"":""MultiPoint"",""coordinates"":[]}"
20240229,2024-02-29,59,2,0.0,2024,"{""type"":""MultiPoint"",""coordinates"":[]}"
20240301,2024-03-01,60,3,0.0,2024,"{""type"":""MultiPoint"",""coordinates"":[]}"
20240302,2024-03-02,61,3,0.0,2024,"{""type"":""MultiPoint"",""coordinates"":[]}"
20240303,2024-03-03,62,3,0.0,2024,"{""type"":""MultiPoint"",""coordinates"":[]}"
20240304,2024-03-04,63,3,0.0,2024,"{""type"":""MultiPoint"",""coordinates"":[]}"
20240305,2024-03-05,64,3,0.0,2024,"{""type"":""MultiPoint"",""coordinates"":[]}"
20240306,2024-03-06,65,3,0.0014399541447861026,2024,"{""type"":""MultiPoint"",""coordinates"":[]}"
20240307,2024-03-07,66,3,0.0,2024,"{""type"":""MultiPoint"",""coordinates"":[]}"
20240308,2024-03-08,67,3,0.0,2024,"{""type"":""MultiPoint"",""coordinates"":[]}"
20240309,2024-03-09,68,3,0.0,2024,"{""type"":""MultiPoint"",""coordinates"":[]}"
20240310,2024-03-10,69,3,0.0,2024,"{""type"":""MultiPoint"",""coordinates"":[]}"
20240311,2024-03-11,70,3,0.0,2024,"{""type"":""MultiPoint"",""coordinates"":[]}"
20240312,2024-03-12,71,3,0.0,2024,"{""type"":""MultiPoint"",""coordinates"":[]}"
20240313,2024-03-13,72,3,0.0,2024,"{""type"":""MultiPoint"",""coordinates"":[]}"
20240314,2024-03-14,73,3,0.0,2024,"{""type"":""MultiPoint"",""coordinates"":[]}"
20240315,2024-03-15,74,3,0.0,2024,"{""type"":""MultiPoint"",""coordinates"":[]}"
20240316,2024-03-16,75,3,0.0,2024,"{""type"":""MultiPoint"",""coordinates"":[]}"
20240317,2024-03-17,76,3,0.0,2024,"{""type"":""MultiPoint"",""coordinates"":[]}"
20240318,2024-03-18,77,3,0.04746115434332682,2024,"{""type"":""MultiPoint"",""coordinates"":[]}"
20240319,2024-03-19,78,3,0.0388158755471008,2024,"{""type"":""MultiPoint"",""coordinates"":[]}"
20240320,2024-03-20,79,3,0.0,2024,"{""type"":""MultiPoint"",""coordinates"":[]}"
20240321,2024-03-21,80,3,0.0,2024,"{""type"":""MultiPoint"",""coordinates"":[]}"
20240322,2024-03-22,81,3,0.0,2024,"{""type"":""MultiPoint"",""coordinates"":[]}"
20240323,2024-03-23,82,3,0.043448972723275796,2024,"{""type"":""MultiPoint"",""coordinates"":[]}"
20240324,2024-03-24,83,3,0.05000047476002664,2024,"{""type"":""MultiPoint"",""coordinates"":[]}"
20240325,2024-03-25,84,3,0.0,2024,"{""type"":""MultiPoint"",""coordinates"":[]}"
20240326,2024-03-26,85,3,0.0,2024,"{""type"":""MultiPoint"",""coordinates"":[]}"
20240327,2024-03-27,86,3,0.0,2024,"{""type"":""MultiPoint"",""coordinates"":[]}"
20240328,2024-03-28,87,3,0.01799672721612333,2024,"{""type"":""MultiPoint"",""coordinates"":[]}"
20240329,2024-03-29,88,3,0.0,2024,"{""type"":""MultiPoint"",""coordinates"":[]}"
20240330,2024-03-30,89,3,0.0,2024,"{""type"":""MultiPoint"",""coordinates"":[]}"
20240331,2024-03-31,90,3,0.0,2024,"{""type"":""MultiPoint"",""coordinates"":[]}"
20240401,2024-04-01,91,4,0.0,2024,"{""type"":""MultiPoint"",""coordinates"":[]}"
20240402,2024-04-02,92,4,0.028175509880263867,2024,"{""type"":""MultiPoint"",""coordinates"":[]}"
20240403,2024-04-03,93,4,0.0,2024,"{""type"":""MultiPoint"",""coordinates"":[]}"
20240404,2024-04-04,94,4,0.018449381144359858,2024,"{""type"":""MultiPoint"",""coordinates"":[]}"
20240405,2024-04-05,95,4,0.0,2024,"{""type"":""MultiPoint"",""coordinates"":[]}"
20240406,2024-04-06,96,4,0.0,2024,"{""type"":""MultiPoint"",""coordinates"":[]}"
20240407,2024-04-07,97,4,0.02372953626844618,2024,"{""type"":""MultiPoint"",""coordinates"":[]}"
20240408,2024-04-08,98,4,0.0,2024,"{""type"":""MultiPoint"",""coordinates"":[]}"
20240409,2024-04-09,99,4,0.013817309129117715,2024,"{""type"":""MultiPoint"",""coordinates"":[]}"
20240410,2024-04-10,100,4,0.0,2024,"{""type"":""MultiPoint"",""coordinates"":[]}"
20240411,2024-04-11,101,4,1.6009133447011072,2024,"{""type"":""MultiPoint"",""coordinates"":[]}"
20240412,2024-04-12,102,4,0.3416566582797636,2024,"{""type"":""MultiPoint"",""coordinates"":[]}"
20240413,2024-04-13,103,4,0.016535319061793063,2024,"{""type"":""MultiPoint"",""coordinates"":[]}"
20240414,2024-04-14,104,4,0.24812681066190687,2024,"{""type"":""MultiPoint"",""coordinates"":[]}"
20240415,2024-04-15,105,4,0.2252290842345047,2024,"{""type"":""MultiPoint"",""coordinates"":[]}"
20240416,2024-04-16,106,4,0.09507850998343748,2024,"{""type"":""MultiPoint"",""coordinates"":[]}"
20240417,2024-04-17,107,4,0.0,2024,"{""type"":""MultiPoint"",""coordinates"":[]}"
20240418,2024-04-18,108,4,0.0,2024,"{""type"":""MultiPoint"",""coordinates"":[]}"
20240419,2024-04-19,109,4,0.13444992555772037,2024,"{""type"":""MultiPoint"",""coordinates"":[]}"
20240420,2024-04-20,110,4,0.0,2024,"{""type"":""MultiPoint"",""coordinates"":[]}"
20240421,2024-04-21,111,4,0.0,2024,"{""type"":""MultiPoint"",""coordinates"":[]}"
20240422,2024-04-22,112,4,0.905874938203642,2024,"{""type"":""MultiPoint"",""coordinates"":[]}"
20240423,2024-04-23,113,4,0.0,2024,"{""type"":""MultiPoint"",""coordinates"":[]}"
20240424,2024-04-24,114,4,0.0,2024,"{""type"":""MultiPoint"",""coordinates"":[]}"
20240425,2024-04-25,115,4,0.0,2024,"{""type"":""MultiPoint"",""coordinates"":[]}"
20240426,2024-04-26,116,4,0.023861969360197435,2024,"{""type"":""MultiPoint"",""coordinates"":[]}"
20240427,2024-04-27,117,4,0.0,2024,"{""type"":""MultiPoint"",""coordinates"":[]}"
20240428,2024-04-28,118,4,0.4346009916209967,2024,"{""type"":""MultiPoint"",""coordinates"":[]}"
20240429,2024-04-29,119,4,0.0,2024,"{""type"":""MultiPoint"",""coordinates"":[]}"
20240430,2024-04-30,120,4,0.0,2024,"{""type"":""MultiPoint"",""coordinates"":[]}"
20240501,2024-05-01,121,5,0.0,2024,"{""type"":""MultiPoint"",""coordinates"":[]}"
20240502,2024-05-02,122,5,0.0,2024,"{""type"":""MultiPoint"",""coordinates"":[]}"
20240503,2024-05-03,123,5,0.0,2024,"{""type"":""MultiPoint"",""coordinates"":[]}"
20240504,2024-05-04,124,5,0.0,2024,"{""type"":""MultiPoint"",""coordinates"":[]}"
20240505,2024-05-05,125,5,0.46533217201565347,2024,"{""type"":""MultiPoint"",""coordinates"":[]}"
20240506,2024-05-06,126,5,0.13389541163589014,2024,"{""type"":""MultiPoint"",""coordinates"":[]}"
20240507,2024-05-07,127,5,0.0,2024,"{""type"":""MultiPoint"",""coordinates"":[]}"
20240508,2024-05-08,128,5,0.0,2024,"{""type"":""MultiPoint"",""coordinates"":[]}"
20240509,2024-05-09,129,5,0.0,2024,"{""type"":""MultiPoint"",""coordinates"":[]}"
20240510,2024-05-10,130,5,0.34181914716268397,2024,"{""type"":""MultiPoint"",""coordinates"":[]}"
20240511,2024-05-11,131,5,1.4791510856182275,2024,"{""type"":""MultiPoint"",""coordinates"":[]}"
20240512,2024-05-12,132,5,0.3756699124098438,2024,"{""type"":""MultiPoint"",""coordinates"":[]}"
20240513,2024-05-13,133,5,0.6097206906956902,2024,"{""type"":""MultiPoint"",""coordinates"":[]}"
20240514,2024-05-14,134,5,3.278576387393874,2024,"{""type"":""MultiPoint"",""coordinates"":[]}"
20240515,2024-05-15,135,5,0.0,2024,"{""type"":""MultiPoint"",""coordinates"":[]}"
20240516,2024-05-16,136,5,2.364334718121895,2024,"{""type"":""MultiPoint"",""coordinates"":[]}"
20240517,2024-05-17,137,5,1.233422081667401,2024,"{""type"":""MultiPoint"",""coordinates"":[]}"
20240518,2024-05-18,138,5,1.4851286147581406E-5,2024,"{""type"":""MultiPoint"",""coordinates"":[]}"
20240519,2024-05-19,139,5,6.281081299798256E-5,2024,"{""type"":""MultiPoint"",""coordinates"":[]}"
20240520,2024-05-20,140,5,4.537384407153264E-8,2024,"{""type"":""MultiPoint"",""coordinates"":[]}"
20240521,2024-05-21,141,5,0.0,2024,"{""type"":""MultiPoint"",""coordinates"":[]}"
20240522,2024-05-22,142,5,0.0,2024,"{""type"":""MultiPoint"",""coordinates"":[]}"
20240523,2024-05-23,143,5,0.0,2024,"{""type"":""MultiPoint"",""coordinates"":[]}"
20240524,2024-05-24,144,5,0.0,2024,"{""type"":""MultiPoint"",""coordinates"":[]}"
20240525,2024-05-25,145,5,2.6218649517028347,2024,"{""type"":""MultiPoint"",""coordinates"":[]}"
20240526,2024-05-26,146,5,1.855419874427389,2024,"{""type"":""MultiPoint"",""coordinates"":[]}"
20240527,2024-05-27,147,5,0.0,2024,"{""type"":""MultiPoint"",""coordinates"":[]}"
20240528,2024-05-28,148,5,3.241008835326187,2024,"{""type"":""MultiPoint"",""coordinates"":[]}"
20240529,2024-05-29,149,5,4.924572065599509,2024,"{""type"":""MultiPoint"",""coordinates"":[]}"
20240530,2024-05-30,150,5,6.162842396675512,2024,"{""type"":""MultiPoint"",""coordinates"":[]}"
20240531,2024-05-31,151,5,0.14184220332064282,2024,"{""type"":""MultiPoint"",""coordinates"":[]}"
20240601,2024-06-01,152,6,12.516087955709825,2024,"{""type"":""MultiPoint"",""coordinates"":[]}"
20240602,2024-06-02,153,6,0.0,2024,"{""type"":""MultiPoint"",""coordinates"":[]}"
20240603,2024-06-03,154,6,1.5801353873911885,2024,"{""type"":""MultiPoint"",""coordinates"":[]}"
20240604,2024-06-04,155,6,5.492473629210863,2024,"{""type"":""MultiPoint"",""coordinates"":[]}"
20240605,2024-06-05,156,6,16.236253895554643,2024,"{""type"":""MultiPoint"",""coordinates"":[]}"
20240606,2024-06-06,157,6,0.0,2024,"{""type"":""MultiPoint"",""coordinates"":[]}"
20240607,2024-06-07,158,6,7.307547113970497,2024,"{""type"":""MultiPoint"",""coordinates"":[]}"
20240608,2024-06-08,159,6,0.0,2024,"{""type"":""MultiPoint"",""coordinates"":[]}"
20240609,2024-06-09,160,6,14.860776286428338,2024,"{""type"":""MultiPoint"",""coordinates"":[]}"
20240610,2024-06-10,161,6,4.52328304390691,2024,"{""type"":""MultiPoint"",""coordinates"":[]}"
20240611,2024-06-11,162,6,4.822124130538393,2024,"{""type"":""MultiPoint"",""coordinates"":[]}"
20240612,2024-06-12,163,6,0.41884871934529316,2024,"{""type"":""MultiPoint"",""coordinates"":[]}"
20240613,2024-06-13,164,6,5.077947010212923,2024,"{""type"":""MultiPoint"",""coordinates"":[]}"
20240614,2024-06-14,165,6,9.865956121445835,2024,"{""type"":""MultiPoint"",""coordinates"":[]}"
20240615,2024-06-15,166,6,1.5592760673063202,2024,"{""type"":""MultiPoint"",""coordinates"":[]}"
20240616,2024-06-16,167,6,0.9412481319694195,2024,"{""type"":""MultiPoint"",""coordinates"":[]}"
20240617,2024-06-17,168,6,6.724674727189988,2024,"{""type"":""MultiPoint"",""coordinates"":[]}"
20240618,2024-06-18,169,6,0.0,2024,"{""type"":""MultiPoint"",""coordinates"":[]}"
20240619,2024-06-19,170,6,0.0,2024,"{""type"":""MultiPoint"",""coordinates"":[]}"
20240620,2024-06-20,171,6,17.7053606383138,2024,"{""type"":""MultiPoint"",""coordinates"":[]}"
20240621,2024-06-21,172,6,5.3900124679628885,2024,"{""type"":""MultiPoint"",""coordinates"":[]}"
20240622,2024-06-22,173,6,0.0,2024,"{""type"":""MultiPoint"",""coordinates"":[]}"
20240623,2024-06-23,174,6,11.767628586252128,2024,"{""type"":""MultiPoint"",""coordinates"":[]}"
20240624,2024-06-24,175,6,0.44971782029277146,2024,"{""type"":""MultiPoint"",""coordinates"":[]}"
20240625,2024-06-25,176,6,9.007961360457676,2024,"{""type"":""MultiPoint"",""coordinates"":[]}"
20240626,2024-06-26,177,6,0.0016060567275206156,2024,"{""type"":""MultiPoint"",""coordinates"":[]}"
20240627,2024-06-27,178,6,10.96981521218478,2024,"{""type"":""MultiPoint"",""coordinates"":[]}"
20240628,2024-06-28,179,6,11.454147065882877,2024,"{""type"":""MultiPoint"",""coordinates"":[]}"
20240629,2024-06-29,180,6,0.0,2024,"{""type"":""MultiPoint"",""coordinates"":[]}"
20240630,2024-06-30,181,6,7.382822502152852,2024,"{""type"":""MultiPoint"",""coordinates"":[]}"
20240701,2024-07-01,182,7,11.675168506601915,2024,"{""type"":""MultiPoint"",""coordinates"":[]}"
20240702,2024-07-02,183,7,0.0,2024,"{""type"":""MultiPoint"",""coordinates"":[]}"
20240703,2024-07-03,184,7,0.0,2024,"{""type"":""MultiPoint"",""coordinates"":[]}"
20240704,2024-07-04,185,7,21.110509258564168,2024,"{""type"":""MultiPoint"",""coordinates"":[]}"
20240705,2024-07-05,186,7,0.0,2024,"{""type"":""MultiPoint"",""coordinates"":[]}"
20240706,2024-07-06,187,7,5.582616136626079,2024,"{""type"":""MultiPoint"",""coordinates"":[]}"
20240707,2024-07-07,188,7,0.0,2024,"{""type"":""MultiPoint"",""coordinates"":[]}"
20240708,2024-07-08,189,7,10.043873785131872,2024,"{""type"":""MultiPoint"",""coordinates"":[]}"
20240709,2024-07-09,190,7,14.1693376282178,2024,"{""type"":""MultiPoint"",""coordinates"":[]}"
20240710,2024-07-10,191,7,9.243031847521818,2024,"{""type"":""MultiPoint"",""coordinates"":[]}"
20240711,2024-07-11,192,7,0.4032526642385155,2024,"{""type"":""MultiPoint"",""coordinates"":[]}"
20240712,2024-07-12,193,7,20.92715931108716,2024,"{""type"":""MultiPoint"",""coordinates"":[]}"
20240713,2024-07-13,194,7,0.9709754817484394,2024,"{""type"":""MultiPoint"",""coordinates"":[]}"
20240714,2024-07-14,195,7,7.081892560462852,2024,"{""type"":""MultiPoint"",""coordinates"":[]}"
20240715,2024-07-15,196,7,12.078048368708219,2024,"{""type"":""MultiPoint"",""coordinates"":[]}"
20240716,2024-07-16,197,7,2.675944394559099,2024,"{""type"":""MultiPoint"",""coordinates"":[]}"
20240717,2024-07-17,198,7,13.554152796589092,2024,"{""type"":""MultiPoint"",""coordinates"":[]}"
20240718,2024-07-18,199,7,11.354620836163116,2024,"{""type"":""MultiPoint"",""coordinates"":[]}"
20240719,2024-07-19,200,7,0.9629553941056902,2024,"{""type"":""MultiPoint"",""coordinates"":[]}"
20240720,2024-07-20,201,7,5.017654849128172,2024,"{""type"":""MultiPoint"",""coordinates"":[]}"
20240721,2024-07-21,202,7,9.552557730018373,2024,"{""type"":""MultiPoint"",""coordinates"":[]}"
20240722,2024-07-22,203,7,1.3559849817083718,2024,"{""type"":""MultiPoint"",""coordinates"":[]}"
20240723,2024-07-23,204,7,14.721641593225923,2024,"{""type"":""MultiPoint"",""coordinates"":[]}"
20240724,2024-07-24,205,7,0.2781234582265218,2024,"{""type"":""MultiPoint"",""coordinates"":[]}"
20240725,2024-07-25,206,7,4.047265668509383,2024,"{""type"":""MultiPoint"",""coordinates"":[]}"
20240726,2024-07-26,207,7,20.110986583231465,2024,"{""type"":""MultiPoint"",""coordinates"":[]}"
20240727,2024-07-27,208,7,6.144041470712566,2024,"{""type"":""MultiPoint"",""coordinates"":[]}"
20240728,2024-07-28,209,7,3.8465523651789435,2024,"{""type"":""MultiPoint"",""coordinates"":[]}"
20240729,2024-07-29,210,7,17.934435958223883,2024,"{""type"":""MultiPoint"",""coordinates"":[]}"
20240730,2024-07-30,211,7,26.943893098670628,2024,"{""type"":""MultiPoint"",""coordinates"":[]}"
20240731,2024-07-31,212,7,57.97830340347094,2024,"{""type"":""MultiPoint"",""coordinates"":[]}"
20240801,2024-08-01,213,8,4.11405942309703,2024,"{""type"":""MultiPoint"",""coordinates"":[]}"
20240802,2024-08-02,214,8,0.1984943512950375,2024,"{""type"":""MultiPoint"",""coordinates"":[]}"
20240803,2024-08-03,215,8,2.3978134520480268,2024,"{""type"":""MultiPoint"",""coordinates"":[]}"
20240804,2024-08-04,216,8,8.46742210720619,2024,"{""type"":""MultiPoint"",""coordinates"":[]}"
20240805,2024-08-05,217,8,0.5763958724660906,2024,"{""type"":""MultiPoint"",""coordinates"":[]}"
20240806,2024-08-06,218,8,9.84069333980286,2024,"{""type"":""MultiPoint"",""coordinates"":[]}"
20240807,2024-08-07,219,8,1.2584703937571315,2024,"{""type"":""MultiPoint"",""coordinates"":[]}"
20240808,2024-08-08,220,8,2.650725464746253,2024,"{""type"":""MultiPoint"",""coordinates"":[]}"
20240809,2024-08-09,221,8,2.884759383169489,2024,"{""type"":""MultiPoint"",""coordinates"":[]}"
20240810,2024-08-10,222,8,0.0,2024,"{""type"":""MultiPoint"",""coordinates"":[]}"
20240811,2024-08-11,223,8,9.418852313954565,2024,"{""type"":""MultiPoint"",""coordinates"":[]}"
20240812,2024-08-12,224,8,11.214051261281563,2024,"{""type"":""MultiPoint"",""coordinates"":[]}"
20240813,2024-08-13,225,8,2.595545631041501,2024,"{""type"":""MultiPoint"",""coordinates"":[]}"
20240814,2024-08-14,226,8,0.5660766298215114,2024,"{""type"":""MultiPoint"",""coordinates"":[]}"
20240815,2024-08-15,227,8,21.70881379063849,2024,"{""type"":""MultiPoint"",""coordinates"":[]}"
20240816,2024-08-16,228,8,0.0,2024,"{""type"":""MultiPoint"",""coordinates"":[]}"
20240817,2024-08-17,229,8,0.0,2024,"{""type"":""MultiPoint"",""coordinates"":[]}"
20240818,2024-08-18,230,8,15.042882444268765,2024,"{""type"":""MultiPoint"",""coordinates"":[]}"
20240819,2024-08-19,231,8,19.918728419685625,2024,"{""type"":""MultiPoint"",""coordinates"":[]}"
20240820,2024-08-20,232,8,0.0,2024,"{""type"":""MultiPoint"",""coordinates"":[]}"
20240821,2024-08-21,233,8,1.1843755286172915,2024,"{""type"":""MultiPoint"",""coordinates"":[]}"
20240822,2024-08-22,234,8,9.05014221322114,2024,"{""type"":""MultiPoint"",""coordinates"":[]}"
20240823,2024-08-23,235,8,20.151655517868257,2024,"{""type"":""MultiPoint"",""coordinates"":[]}"
20240824,2024-08-24,236,8,1.5747271274948949,2024,"{""type"":""MultiPoint"",""coordinates"":[]}"
20240825,2024-08-25,237,8,3.6164447295592557,2024,"{""type"":""MultiPoint"",""coordinates"":[]}"
20240826,2024-08-26,238,8,2.5857113630706947,2024,"{""type"":""MultiPoint"",""coordinates"":[]}"
20240827,2024-08-27,239,8,1.5011913982517153,2024,"{""type"":""MultiPoint"",""coordinates"":[]}"
20240828,2024-08-28,240,8,10.226229536578217,2024,"{""type"":""MultiPoint"",""coordinates"":[]}"
20240829,2024-08-29,241,8,48.95854038246837,2024,"{""type"":""MultiPoint"",""coordinates"":[]}"
20240830,2024-08-30,242,8,4.377977400634471,2024,"{""type"":""MultiPoint"",""coordinates"":[]}"
20240831,2024-08-31,243,8,3.609993674136974,2024,"{""type"":""MultiPoint"",""coordinates"":[]}"
20240901,2024-09-01,244,9,0.0,2024,"{""type"":""MultiPoint"",""coordinates"":[]}"
20240902,2024-09-02,245,9,22.447202364414796,2024,"{""type"":""MultiPoint"",""coordinates"":[]}"
20240903,2024-09-03,246,9,0.2766262112241803,2024,"{""type"":""MultiPoint"",""coordinates"":[]}"
20240904,2024-09-04,247,9,9.723684767917444,2024,"{""type"":""MultiPoint"",""coordinates"":[]}"
20240905,2024-09-05,248,9,28.2923930151719,2024,"{""type"":""MultiPoint"",""coordinates"":[]}"
20240906,2024-09-06,249,9,7.517115714125503,2024,"{""type"":""MultiPoint"",""coordinates"":[]}"
20240907,2024-09-07,250,9,3.3616865429695957,2024,"{""type"":""MultiPoint"",""coordinates"":[]}"
20240908,2024-09-08,251,9,3.8409515990198524,2024,"{""type"":""MultiPoint"",""coordinates"":[]}"
20240909,2024-09-09,252,9,4.495841978374957,2024,"{""type"":""MultiPoint"",""coordinates"":[]}"
20240910,2024-09-10,253,9,1.938998809024163,2024,"{""type"":""MultiPoint"",""coordinates"":[]}"
20240911,2024-09-11,254,9,2.5149022114113975,2024,"{""type"":""MultiPoint"",""coordinates"":[]}"
20240912,2024-09-12,255,9,5.9431546627353695,2024,"{""type"":""MultiPoint"",""coordinates"":[]}"
20240913,2024-09-13,256,9,19.055618614223974,2024,"{""type"":""MultiPoint"",""coordinates"":[]}"
20240914,2024-09-14,257,9,0.21479999702471766,2024,"{""type"":""MultiPoint"",""coordinates"":[]}"
20240915,2024-09-15,258,9,0.04874457976900545,2024,"{""type"":""MultiPoint"",""coordinates"":[]}"
20240916,2024-09-16,259,9,0.0,2024,"{""type"":""MultiPoint"",""coordinates"":[]}"
20240917,2024-09-17,260,9,9.535298728923982,2024,"{""type"":""MultiPoint"",""coordinates"":[]}"
20240918,2024-09-18,261,9,10.005713624608566,2024,"{""type"":""MultiPoint"",""coordinates"":[]}"
20240919,2024-09-19,262,9,3.802697850633645,2024,"{""type"":""MultiPoint"",""coordinates"":[]}"
20240920,2024-09-20,263,9,10.5977457541951,2024,"{""type"":""MultiPoint"",""coordinates"":[]}"
20240921,2024-09-21,264,9,0.0,2024,"{""type"":""MultiPoint"",""coordinates"":[]}"
20240922,2024-09-22,265,9,0.0,2024,"{""type"":""MultiPoint"",""coordinates"":[]}"
20240923,2024-09-23,266,9,14.748352504385702,2024,"{""type"":""MultiPoint"",""coordinates"":[]}"
20240924,2024-09-24,267,9,2.6054612121196707,2024,"{""type"":""MultiPoint"",""coordinates"":[]}"
20240925,2024-09-25,268,9,0.0,2024,"{""type"":""MultiPoint"",""coordinates"":[]}"
20240926,2024-09-26,269,9,0.0,2024,"{""type"":""MultiPoint"",""coordinates"":[]}"
20240927,2024-09-27,270,9,0.0,2024,"{""type"":""MultiPoint"",""coordinates"":[]}"
20240928,2024-09-28,271,9,17.266602824432685,2024,"{""type"":""MultiPoint"",""coordinates"":[]}"
20240929,2024-09-29,272,9,0.0,2024,"{""type"":""MultiPoint"",""coordinates"":[]}"
20240930,2024-09-30,273,9,0.34318970963373635,2024,"{""type"":""MultiPoint"",""coordinates"":[]}"
20241001,2024-10-01,274,10,0.10837221971775166,2024,"{""type"":""MultiPoint"",""coordinates"":[]}"
20241002,2024-10-02,275,10,1.6350931351339255,2024,"{""type"":""MultiPoint"",""coordinates"":[]}"
20241003,2024-10-03,276,10,8.208777716759997,2024,"{""type"":""MultiPoint"",""coordinates"":[]}"
20241004,2024-10-04,277,10,2.229096926469854,2024,"{""type"":""MultiPoint"",""coordinates"":[]}"
20241005,2024-10-05,278,10,1.5342362314480371,2024,"{""type"":""MultiPoint"",""coordinates"":[]}"
20241006,2024-10-06,279,10,2.8539439169905827,2024,"{""type"":""MultiPoint"",""coordinates"":[]}"
20241007,2024-10-07,280,10,5.570935103888086,2024,"{""type"":""MultiPoint"",""coordinates"":[]}"
20241008,2024-10-08,281,10,0.0,2024,"{""type"":""MultiPoint"",""coordinates"":[]}"
20241009,2024-10-09,282,10,0.0,2024,"{""type"":""MultiPoint"",""coordinates"":[]}"
20241010,2024-10-10,283,10,0.0,2024,"{""type"":""MultiPoint"",""coordinates"":[]}"
20241011,2024-10-11,284,10,0.0,2024,"{""type"":""MultiPoint"",""coordinates"":[]}"
20241012,2024-10-12,285,10,0.3440982738646641,2024,"{""type"":""MultiPoint"",""coordinates"":[]}"
20241013,2024-10-13,286,10,0.521476004153909,2024,"{""type"":""MultiPoint"",""coordinates"":[]}"
20241014,2024-10-14,287,10,0.0,2024,"{""type"":""MultiPoint"",""coordinates"":[]}"
20241015,2024-10-15,288,10,0.0,2024,"{""type"":""MultiPoint"",""coordinates"":[]}"
20241016,2024-10-16,289,10,0.6115011808116215,2024,"{""type"":""MultiPoint"",""coordinates"":[]}"
20241017,2024-10-17,290,10,0.0,2024,"{""type"":""MultiPoint"",""coordinates"":[]}"
20241018,2024-10-18,291,10,0.0,2024,"{""type"":""MultiPoint"",""coordinates"":[]}"
20241019,2024-10-19,292,10,0.07358416945043236,2024,"{""type"":""MultiPoint"",""coordinates"":[]}"
20241020,2024-10-20,293,10,2.4713029175329777,2024,"{""type"":""MultiPoint"",""coordinates"":[]}"
20241021,2024-10-21,294,10,0.05735659566249534,2024,"{""type"":""MultiPoint"",""coordinates"":[]}"
20241022,2024-10-22,295,10,0.0,2024,"{""type"":""MultiPoint"",""coordinates"":[]}"
20241023,2024-10-23,296,10,0.0,2024,"{""type"":""MultiPoint"",""coordinates"":[]}"
20241024,2024-10-24,297,10,0.0,2024,"{""type"":""MultiPoint"",""coordinates"":[]}"
20241025,2024-10-25,298,10,0.0,2024,"{""type"":""MultiPoint"",""coordinates"":[]}"
20241026,2024-10-26,299,10,0.0,2024,"{""type"":""MultiPoint"",""coordinates"":[]}"
20241027,2024-10-27,300,10,0.0,2024,"{""type"":""MultiPoint"",""coordinates"":[]}"
20241028,2024-10-28,301,10,0.0,2024,"{""type"":""MultiPoint"",""coordinates"":[]}"
20241029,2024-10-29,302,10,0.0,2024,"{""type"":""MultiPoint"",""coordinates"":[]}"
20241030,2024-10-30,303,10,0.0,2024,"{""type"":""MultiPoint"",""coordinates"":[]}"
20241031,2024-10-31,304,10,0.0,2024,"{""type"":""MultiPoint"",""coordinates"":[]}"
20241101,2024-11-01,305,11,0.0,2024,"{""type"":""MultiPoint"",""coordinates"":[]}"
20241102,2024-11-02,306,11,0.0,2024,"{""type"":""MultiPoint"",""coordinates"":[]}"
20241103,2024-11-03,307,11,0.0,2024,"{""type"":""MultiPoint"",""coordinates"":[]}"
20241104,2024-11-04,308,11,0.0,2024,"{""type"":""MultiPoint"",""coordinates"":[]}"
20241105,2024-11-05,309,11,0.0,2024,"{""type"":""MultiPoint"",""coordinates"":[]}"
20241106,2024-11-06,310,11,0.0,2024,"{""type"":""MultiPoint"",""coordinates"":[]}"
20241107,2024-11-07,311,11,0.0,2024,"{""type"":""MultiPoint"",""coordinates"":[]}"
20241108,2024-11-08,312,11,0.0,2024,"{""type"":""MultiPoint"",""coordinates"":[]}"
20241109,2024-11-09,313,11,0.0,2024,"{""type"":""MultiPoint"",""coordinates"":[]}"
20241110,2024-11-10,314,11,0.0,2024,"{""type"":""MultiPoint"",""coordinates"":[]}"
20241111,2024-11-11,315,11,0.0,2024,"{""type"":""MultiPoint"",""coordinates"":[]}"
20241112,2024-11-12,316,11,0.0,2024,"{""type"":""MultiPoint"",""coordinates"":[]}"
20241113,2024-11-13,317,11,0.0,2024,"{""type"":""MultiPoint"",""coordinates"":[]}"
20241114,2024-11-14,318,11,0.0,2024,"{""type"":""MultiPoint"",""coordinates"":[]}"
20241115,2024-11-15,319,11,0.0,2024,"{""type"":""MultiPoint"",""coordinates"":[]}"
20241116,2024-11-16,320,11,0.0,2024,"{""type"":""MultiPoint"",""coordinates"":[]}"
20241117,2024-11-17,321,11,0.0,2024,"{""type"":""MultiPoint"",""coordinates"":[]}"
20241118,2024-11-18,322,11,0.0,2024,"{""type"":""MultiPoint"",""coordinates"":[]}"
20241119,2024-11-19,323,11,0.0,2024,"{""type"":""MultiPoint"",""coordinates"":[]}"
20241120,2024-11-20,324,11,0.0,2024,"{""type"":""MultiPoint"",""coordinates"":[]}"
20241121,2024-11-21,325,11,0.0,2024,"{""type"":""MultiPoint"",""coordinates"":[]}"
20241122,2024-11-22,326,11,0.0,2024,"{""type"":""MultiPoint"",""coordinates"":[]}"
20241123,2024-11-23,327,11,0.0,2024,"{""type"":""MultiPoint"",""coordinates"":[]}"
20241124,2024-11-24,328,11,0.0,2024,"{""type"":""MultiPoint"",""coordinates"":[]}"
20241125,2024-11-25,329,11,0.0,2024,"{""type"":""MultiPoint"",""coordinates"":[]}"
20241126,2024-11-26,330,11,0.0,2024,"{""type"":""MultiPoint"",""coordinates"":[]}"
20241127,2024-11-27,331,11,0.0,2024,"{""type"":""MultiPoint"",""coordinates"":[]}"
20241128,2024-11-28,332,11,0.0,2024,"{""type"":""MultiPoint"",""coordinates"":[]}"
20241129,2024-11-29,333,11,0.0,2024,"{""type"":""MultiPoint"",""coordinates"":[]}"
20241130,2024-11-30,334,11,0.0,2024,"{""type"":""MultiPoint"",""coordinates"":[]}"
20241201,2024-12-01,335,12,0.0,2024,"{""type"":""MultiPoint"",""coordinates"":[]}"
20241202,2024-12-02,336,12,0.0,2024,"{""type"":""MultiPoint"",""coordinates"":[]}"
20241203,2024-12-03,337,12,0.0,2024,"{""type"":""MultiPoint"",""coordinates"":[]}"
20241204,2024-12-04,338,12,0.0,2024,"{""type"":""MultiPoint"",""coordinates"":[]}"
20241205,2024-12-05,339,12,0.0,2024,"{""type"":""MultiPoint"",""coordinates"":[]}"
20241206,2024-12-06,340,12,0.0,2024,"{""type"":""MultiPoint"",""coordinates"":[]}"
20241207,2024-12-07,341,12,0.0,2024,"{""type"":""MultiPoint"",""coordinates"":[]}"
20241208,2024-12-08,342,12,0.0,2024,"{""type"":""MultiPoint"",""coordinates"":[]}"
20241209,2024-12-09,343,12,0.0,2024,"{""type"":""MultiPoint"",""coordinates"":[]}"
20241210,2024-12-10,344,12,0.0,2024,"{""type"":""MultiPoint"",""coordinates"":[]}"
20241211,2024-12-11,345,12,0.0,2024,"{""type"":""MultiPoint"",""coordinates"":[]}"
20241212,2024-12-12,346,12,0.0,2024,"{""type"":""MultiPoint"",""coordinates"":[]}"
20241213,2024-12-13,347,12,0.0,2024,"{""type"":""MultiPoint"",""coordinates"":[]}"
20241214,2024-12-14,348,12,0.0,2024,"{""type"":""MultiPoint"",""coordinates"":[]}"
20241215,2024-12-15,349,12,0.0,2024,"{""type"":""MultiPoint"",""coordinates"":[]}"
20241216,2024-12-16,350,12,0.0,2024,"{""type"":""MultiPoint"",""coordinates"":[]}"
20241217,2024-12-17,351,12,0.0,2024,"{""type"":""MultiPoint"",""coordinates"":[]}"
20241218,2024-12-18,352,12,0.0,2024,"{""type"":""MultiPoint"",""coordinates"":[]}"
20241219,2024-12-19,353,12,0.0,2024,"{""type"":""MultiPoint"",""coordinates"":[]}"
20241220,2024-12-20,354,12,0.0,2024,"{""type"":""MultiPoint"",""coordinates"":[]}"
20241221,2024-12-21,355,12,0.0,2024,"{""type"":""MultiPoint"",""coordinates"":[]}"
20241222,2024-12-22,356,12,0.0,2024,"{""type"":""MultiPoint"",""coordinates"":[]}"
20241223,2024-12-23,357,12,0.0,2024,"{""type"":""MultiPoint"",""coordinates"":[]}"
20241224,2024-12-24,358,12,0.0,2024,"{""type"":""MultiPoint"",""coordinates"":[]}"
20241225,2024-12-25,359,12,0.0,2024,"{""type"":""MultiPoint"",""coordinates"":[]}"
20241226,2024-12-26,360,12,0.0,2024,"{""type"":""MultiPoint"",""coordinates"":[]}"
20241227,2024-12-27,361,12,0.0,2024,"{""type"":""MultiPoint"",""coordinates"":[]}"
20241228,2024-12-28,362,12,0.0,2024,"{""type"":""MultiPoint"",""coordinates"":[]}"
20241229,2024-12-29,363,12,0.0,2024,"{""type"":""MultiPoint"",""coordinates"":[]}"
20241230,2024-12-30,364,12,0.0,2024,"{""type"":""MultiPoint"",""coordinates"":[]}"
