system:index,date,doy,month,rainfall_mm,year,.geo
20000101,2000-01-01,0,1,0.0,2000,"{""type"":""MultiPoint"",""coordinates"":[]}"
20000102,2000-01-02,1,1,0.0,2000,"{""type"":""MultiPoint"",""coordinates"":[]}"
20000103,2000-01-03,2,1,0.0,2000,"{""type"":""MultiPoint"",""coordinates"":[]}"
20000104,2000-01-04,3,1,0.0,2000,"{""type"":""MultiPoint"",""coordinates"":[]}"
20000105,2000-01-05,4,1,0.0,2000,"{""type"":""MultiPoint"",""coordinates"":[]}"
20000106,2000-01-06,5,1,0.0,2000,"{""type"":""MultiPoint"",""coordinates"":[]}"
20000107,2000-01-07,6,1,0.0,2000,"{""type"":""MultiPoint"",""coordinates"":[]}"
20000108,2000-01-08,7,1,0.0,2000,"{""type"":""MultiPoint"",""coordinates"":[]}"
20000109,2000-01-09,8,1,0.0,2000,"{""type"":""MultiPoint"",""coordinates"":[]}"
20000110,2000-01-10,9,1,0.0,2000,"{""type"":""MultiPoint"",""coordinates"":[]}"
20000111,2000-01-11,10,1,0.0,2000,"{""type"":""MultiPoint"",""coordinates"":[]}"
20000112,2000-01-12,11,1,0.0,2000,"{""type"":""MultiPoint"",""coordinates"":[]}"
20000113,2000-01-13,12,1,0.0,2000,"{""type"":""MultiPoint"",""coordinates"":[]}"
20000114,2000-01-14,13,1,0.0,2000,"{""type"":""MultiPoint"",""coordinates"":[]}"
20000115,2000-01-15,14,1,0.0,2000,"{""type"":""MultiPoint"",""coordinates"":[]}"
20000116,2000-01-16,15,1,0.0,2000,"{""type"":""MultiPoint"",""coordinates"":[]}"
20000117,2000-01-17,16,1,0.0,2000,"{""type"":""MultiPoint"",""coordinates"":[]}"
20000118,2000-01-18,17,1,0.0,2000,"{""type"":""MultiPoint"",""coordinates"":[]}"
20000119,2000-01-19,18,1,0.0,2000,"{""type"":""MultiPoint"",""coordinates"":[]}"
20000120,2000-01-20,19,1,0.0,2000,"{""type"":""MultiPoint"",""coordinates"":[]}"
20000121,2000-01-21,20,1,0.0,2000,"{""type"":""MultiPoint"",""coordinates"":[]}"
20000122,2000-01-22,21,1,0.0,2000,"{""type"":""MultiPoint"",""coordinates"":[]}"
20000123,2000-01-23,22,1,0.0,2000,"{""type"":""MultiPoint"",""coordinates"":[]}"
20000124,2000-01-24,23,1,0.0,2000,"{""type"":""MultiPoint"",""coordinates"":[]}"
20000125,2000-01-25,24,1,0.0,2000,"{""type"":""MultiPoint"",""coordinates"":[]}"
20000126,2000-01-26,25,1,0.0,2000,"{""type"":""MultiPoint"",""coordinates"":[]}"
20000127,2000-01-27,26,1,0.0,2000,"{""type"":""MultiPoint"",""coordinates"":[]}"
20000128,2000-01-28,27,1,0.0,2000,"{""type"":""MultiPoint"",""coordinates"":[]}"
20000129,2000-01-29,28,1,0.0,2000,"{""type"":""MultiPoint"",""coordinates"":[]}"
20000130,2000-01-30,29,1,0.0,2000,"{""type"":""MultiPoint"",""coordinates"":[]}"
20000131,2000-01-31,30,1,0.0,2000,"{""type"":""MultiPoint"",""coordinates"":[]}"
20000201,2000-02-01,31,2,0.0,2000,"{""type"":""MultiPoint"",""coordinates"":[]}"
20000202,2000-02-02,32,2,0.0,2000,"{""type"":""MultiPoint"",""coordinates"":[]}"
20000203,2000-02-03,33,2,0.0,2000,"{""type"":""MultiPoint"",""coordinates"":[]}"
20000204,2000-02-04,34,2,0.0,2000,"{""type"":""MultiPoint"",""coordinates"":[]}"
20000205,2000-02-05,35,2,0.0,2000,"{""type"":""MultiPoint"",""coordinates"":[]}"
20000206,2000-02-06,36,2,0.0,2000,"{""type"":""MultiPoint"",""coordinates"":[]}"
20000207,2000-02-07,37,2,0.0,2000,"{""type"":""MultiPoint"",""coordinates"":[]}"
20000208,2000-02-08,38,2,0.0,2000,"{""type"":""MultiPoint"",""coordinates"":[]}"
20000209,2000-02-09,39,2,0.0,2000,"{""type"":""MultiPoint"",""coordinates"":[]}"
20000210,2000-02-10,40,2,0.0,2000,"{""type"":""MultiPoint"",""coordinates"":[]}"
20000211,2000-02-11,41,2,0.0,2000,"{""type"":""MultiPoint"",""coordinates"":[]}"
20000212,2000-02-12,42,2,0.0,2000,"{""type"":""MultiPoint"",""coordinates"":[]}"
20000213,2000-02-13,43,2,0.0,2000,"{""type"":""MultiPoint"",""coordinates"":[]}"
20000214,2000-02-14,44,2,0.0,2000,"{""type"":""MultiPoint"",""coordinates"":[]}"
20000215,2000-02-15,45,2,0.0,2000,"{""type"":""MultiPoint"",""coordinates"":[]}"
20000216,2000-02-16,46,2,0.0,2000,"{""type"":""MultiPoint"",""coordinates"":[]}"
20000217,2000-02-17,47,2,0.0,2000,"{""type"":""MultiPoint"",""coordinates"":[]}"
20000218,2000-02-18,48,2,0.0,2000,"{""type"":""MultiPoint"",""coordinates"":[]}"
20000219,2000-02-19,49,2,0.0,2000,"{""type"":""MultiPoint"",""coordinates"":[]}"
20000220,2000-02-20,50,2,0.0,2000,"{""type"":""MultiPoint"",""coordinates"":[]}"
20000221,2000-02-21,51,2,0.0,2000,"{""type"":""MultiPoint"",""coordinates"":[]}"
20000222,2000-02-22,52,2,0.0,2000,"{""type"":""MultiPoint"",""coordinates"":[]}"
20000223,2000-02-23,53,2,0.0,2000,"{""type"":""MultiPoint"",""coordinates"":[]}"
20000224,2000-02-24,54,2,0.0,2000,"{""type"":""MultiPoint"",""coordinates"":[]}"
20000225,2000-02-25,55,2,0.0,2000,"{""type"":""MultiPoint"",""coordinates"":[]}"
20000226,2000-02-26,56,2,0.0,2000,"{""type"":""MultiPoint"",""coordinates"":[]}"
20000227,2000-02-27,57,2,0.0,2000,"{""type"":""MultiPoint"",""coordinates"":[]}"
20000228,2000-02-28,58,2,0.0,2000,"{""type"":""MultiPoint"",""coordinates"":[]}"
20000229,2000-02-29,59,2,0.0,2000,"{""type"":""MultiPoint"",""coordinates"":[]}"
20000301,2000-03-01,60,3,0.0,2000,"{""type"":""MultiPoint"",""coordinates"":[]}"
20000302,2000-03-02,61,3,0.0,2000,"{""type"":""MultiPoint"",""coordinates"":[]}"
20000303,2000-03-03,62,3,0.0,2000,"{""type"":""MultiPoint"",""coordinates"":[]}"
20000304,2000-03-04,63,3,0.0,2000,"{""type"":""MultiPoint"",""coordinates"":[]}"
20000305,2000-03-05,64,3,0.0,2000,"{""type"":""MultiPoint"",""coordinates"":[]}"
20000306,2000-03-06,65,3,0.0,2000,"{""type"":""MultiPoint"",""coordinates"":[]}"
20000307,2000-03-07,66,3,0.0,2000,"{""type"":""MultiPoint"",""coordinates"":[]}"
20000308,2000-03-08,67,3,0.0,2000,"{""type"":""MultiPoint"",""coordinates"":[]}"
20000309,2000-03-09,68,3,0.0,2000,"{""type"":""MultiPoint"",""coordinates"":[]}"
20000310,2000-03-10,69,3,0.0,2000,"{""type"":""MultiPoint"",""coordinates"":[]}"
20000311,2000-03-11,70,3,0.0,2000,"{""type"":""MultiPoint"",""coordinates"":[]}"
20000312,2000-03-12,71,3,0.0,2000,"{""type"":""MultiPoint"",""coordinates"":[]}"
20000313,2000-03-13,72,3,0.027881203202693435,2000,"{""type"":""MultiPoint"",""coordinates"":[]}"
20000314,2000-03-14,73,3,0.0,2000,"{""type"":""MultiPoint"",""coordinates"":[]}"
20000315,2000-03-15,74,3,0.0,2000,"{""type"":""MultiPoint"",""coordinates"":[]}"
20000316,2000-03-16,75,3,0.11341582045953662,2000,"{""type"":""MultiPoint"",""coordinates"":[]}"
20000317,2000-03-17,76,3,0.0,2000,"{""type"":""MultiPoint"",""coordinates"":[]}"
20000318,2000-03-18,77,3,0.0,2000,"{""type"":""MultiPoint"",""coordinates"":[]}"
20000319,2000-03-19,78,3,0.0,2000,"{""type"":""MultiPoint"",""coordinates"":[]}"
20000320,2000-03-20,79,3,0.0,2000,"{""type"":""MultiPoint"",""coordinates"":[]}"
20000321,2000-03-21,80,3,0.0,2000,"{""type"":""MultiPoint"",""coordinates"":[]}"
20000322,2000-03-22,81,3,0.0,2000,"{""type"":""MultiPoint"",""coordinates"":[]}"
20000323,2000-03-23,82,3,0.0,2000,"{""type"":""MultiPoint"",""coordinates"":[]}"
20000324,2000-03-24,83,3,0.0,2000,"{""type"":""MultiPoint"",""coordinates"":[]}"
20000325,2000-03-25,84,3,0.0,2000,"{""type"":""MultiPoint"",""coordinates"":[]}"
20000326,2000-03-26,85,3,0.0,2000,"{""type"":""MultiPoint"",""coordinates"":[]}"
20000327,2000-03-27,86,3,0.0,2000,"{""type"":""MultiPoint"",""coordinates"":[]}"
20000328,2000-03-28,87,3,0.0,2000,"{""type"":""MultiPoint"",""coordinates"":[]}"
20000329,2000-03-29,88,3,0.013073720113195554,2000,"{""type"":""MultiPoint"",""coordinates"":[]}"
20000330,2000-03-30,89,3,0.0,2000,"{""type"":""MultiPoint"",""coordinates"":[]}"
20000331,2000-03-31,90,3,0.0,2000,"{""type"":""MultiPoint"",""coordinates"":[]}"
20000401,2000-04-01,91,4,0.0,2000,"{""type"":""MultiPoint"",""coordinates"":[]}"
20000402,2000-04-02,92,4,0.0,2000,"{""type"":""MultiPoint"",""coordinates"":[]}"
20000403,2000-04-03,93,4,0.0,2000,"{""type"":""MultiPoint"",""coordinates"":[]}"
20000404,2000-04-04,94,4,0.0,2000,"{""type"":""MultiPoint"",""coordinates"":[]}"
20000405,2000-04-05,95,4,0.0,2000,"{""type"":""MultiPoint"",""coordinates"":[]}"
20000406,2000-04-06,96,4,0.0,2000,"{""type"":""MultiPoint"",""coordinates"":[]}"
20000407,2000-04-07,97,4,0.0,2000,"{""type"":""MultiPoint"",""coordinates"":[]}"
20000408,2000-04-08,98,4,0.0,2000,"{""type"":""MultiPoint"",""coordinates"":[]}"
20000409,2000-04-09,99,4,0.0,2000,"{""type"":""MultiPoint"",""coordinates"":[]}"
20000410,2000-04-10,100,4,0.0,2000,"{""type"":""MultiPoint"",""coordinates"":[]}"
20000411,2000-04-11,101,4,0.0,2000,"{""type"":""MultiPoint"",""coordinates"":[]}"
20000412,2000-04-12,102,4,0.0,2000,"{""type"":""MultiPoint"",""coordinates"":[]}"
20000413,2000-04-13,103,4,0.0,2000,"{""type"":""MultiPoint"",""coordinates"":[]}"
20000414,2000-04-14,104,4,0.0,2000,"{""type"":""MultiPoint"",""coordinates"":[]}"
20000415,2000-04-15,105,4,0.0,2000,"{""type"":""MultiPoint"",""coordinates"":[]}"
20000416,2000-04-16,106,4,0.0,2000,"{""type"":""MultiPoint"",""coordinates"":[]}"
20000417,2000-04-17,107,4,0.0,2000,"{""type"":""MultiPoint"",""coordinates"":[]}"
20000418,2000-04-18,108,4,0.0,2000,"{""type"":""MultiPoint"",""coordinates"":[]}"
20000419,2000-04-19,109,4,0.0,2000,"{""type"":""MultiPoint"",""coordinates"":[]}"
20000420,2000-04-20,110,4,0.9368110807561998,2000,"{""type"":""MultiPoint"",""coordinates"":[]}"
20000421,2000-04-21,111,4,2.033270381280374,2000,"{""type"":""MultiPoint"",""coordinates"":[]}"
20000422,2000-04-22,112,4,0.0,2000,"{""type"":""MultiPoint"",""coordinates"":[]}"
20000423,2000-04-23,113,4,0.0,2000,"{""type"":""MultiPoint"",""coordinates"":[]}"
20000424,2000-04-24,114,4,0.0,2000,"{""type"":""MultiPoint"",""coordinates"":[]}"
20000425,2000-04-25,115,4,0.0,2000,"{""type"":""MultiPoint"",""coordinates"":[]}"
20000426,2000-04-26,116,4,0.0,2000,"{""type"":""MultiPoint"",""coordinates"":[]}"
20000427,2000-04-27,117,4,2.8876126629689067,2000,"{""type"":""MultiPoint"",""coordinates"":[]}"
20000428,2000-04-28,118,4,0.18625917569744302,2000,"{""type"":""MultiPoint"",""coordinates"":[]}"
20000429,2000-04-29,119,4,0.021598791929725893,2000,"{""type"":""MultiPoint"",""coordinates"":[]}"
20000430,2000-04-30,120,4,0.0,2000,"{""type"":""MultiPoint"",""coordinates"":[]}"
20000501,2000-05-01,121,5,0.0,2000,"{""type"":""MultiPoint"",""coordinates"":[]}"
20000502,2000-05-02,122,5,0.0,2000,"{""type"":""MultiPoint"",""coordinates"":[]}"
20000503,2000-05-03,123,5,0.0,2000,"{""type"":""MultiPoint"",""coordinates"":[]}"
20000504,2000-05-04,124,5,0.0,2000,"{""type"":""MultiPoint"",""coordinates"":[]}"
20000505,2000-05-05,125,5,0.0,2000,"{""type"":""MultiPoint"",""coordinates"":[]}"
20000506,2000-05-06,126,5,0.0,2000,"{""type"":""MultiPoint"",""coordinates"":[]}"
20000507,2000-05-07,127,5,0.0,2000,"{""type"":""MultiPoint"",""coordinates"":[]}"
20000508,2000-05-08,128,5,0.0,2000,"{""type"":""MultiPoint"",""coordinates"":[]}"
20000509,2000-05-09,129,5,0.0,2000,"{""type"":""MultiPoint"",""coordinates"":[]}"
20000510,2000-05-10,130,5,0.0,2000,"{""type"":""MultiPoint"",""coordinates"":[]}"
20000511,2000-05-11,131,5,0.0,2000,"{""type"":""MultiPoint"",""coordinates"":[]}"
20000512,2000-05-12,132,5,0.0,2000,"{""type"":""MultiPoint"",""coordinates"":[]}"
20000513,2000-05-13,133,5,0.0,2000,"{""type"":""MultiPoint"",""coordinates"":[]}"
20000514,2000-05-14,134,5,0.0,2000,"{""type"":""MultiPoint"",""coordinates"":[]}"
20000515,2000-05-15,135,5,0.0,2000,"{""type"":""MultiPoint"",""coordinates"":[]}"
20000516,2000-05-16,136,5,5.0776069426352395,2000,"{""type"":""MultiPoint"",""coordinates"":[]}"
20000517,2000-05-17,137,5,0.20924068743886512,2000,"{""type"":""MultiPoint"",""coordinates"":[]}"
20000518,2000-05-18,138,5,1.9579384194480045,2000,"{""type"":""MultiPoint"",""coordinates"":[]}"
20000519,2000-05-19,139,5,0.0,2000,"{""type"":""MultiPoint"",""coordinates"":[]}"
20000520,2000-05-20,140,5,0.0,2000,"{""type"":""MultiPoint"",""coordinates"":[]}"
20000521,2000-05-21,141,5,0.0,2000,"{""type"":""MultiPoint"",""coordinates"":[]}"
20000522,2000-05-22,142,5,0.2729908963859045,2000,"{""type"":""MultiPoint"",""coordinates"":[]}"
20000523,2000-05-23,143,5,0.15963436244950246,2000,"{""type"":""MultiPoint"",""coordinates"":[]}"
20000524,2000-05-24,144,5,0.5610616510753514,2000,"{""type"":""MultiPoint"",""coordinates"":[]}"
20000525,2000-05-25,145,5,8.46219107022874,2000,"{""type"":""MultiPoint"",""coordinates"":[]}"
20000526,2000-05-26,146,5,0.0,2000,"{""type"":""MultiPoint"",""coordinates"":[]}"
20000527,2000-05-27,147,5,0.0,2000,"{""type"":""MultiPoint"",""coordinates"":[]}"
20000528,2000-05-28,148,5,6.14261296400341,2000,"{""type"":""MultiPoint"",""coordinates"":[]}"
20000529,2000-05-29,149,5,0.8949295894111305,2000,"{""type"":""MultiPoint"",""coordinates"":[]}"
20000530,2000-05-30,150,5,11.96890164120501,2000,"{""type"":""MultiPoint"",""coordinates"":[]}"
20000531,2000-05-31,151,5,5.008634087495885,2000,"{""type"":""MultiPoint"",""coordinates"":[]}"
20000601,2000-06-01,152,6,0.0,2000,"{""type"":""MultiPoint"",""coordinates"":[]}"
20000602,2000-06-02,153,6,5.349594291920095,2000,"{""type"":""MultiPoint"",""coordinates"":[]}"
20000603,2000-06-03,154,6,0.35144219140672145,2000,"{""type"":""MultiPoint"",""coordinates"":[]}"
20000604,2000-06-04,155,6,1.3762345133641847,2000,"{""type"":""MultiPoint"",""coordinates"":[]}"
20000605,2000-06-05,156,6,1.9765660672594851,2000,"{""type"":""MultiPoint"",""coordinates"":[]}"
20000606,2000-06-06,157,6,0.523791861501064,2000,"{""type"":""MultiPoint"",""coordinates"":[]}"
20000607,2000-06-07,158,6,1.5135911998004576,2000,"{""type"":""MultiPoint"",""coordinates"":[]}"
20000608,2000-06-08,159,6,0.0,2000,"{""type"":""MultiPoint"",""coordinates"":[]}"
20000609,2000-06-09,160,6,0.0,2000,"{""type"":""MultiPoint"",""coordinates"":[]}"
20000610,2000-06-10,161,6,0.01739256097246194,2000,"{""type"":""MultiPoint"",""coordinates"":[]}"
20000611,2000-06-11,162,6,1.2567233196294623,2000,"{""type"":""MultiPoint"",""coordinates"":[]}"
20000612,2000-06-12,163,6,0.0114495113453645,2000,"{""type"":""MultiPoint"",""coordinates"":[]}"
20000613,2000-06-13,164,6,0.2329160350694541,2000,"{""type"":""MultiPoint"",""coordinates"":[]}"
20000614,2000-06-14,165,6,3.380835070471216,2000,"{""type"":""MultiPoint"",""coordinates"":[]}"
20000615,2000-06-15,166,6,0.10680984041199255,2000,"{""type"":""MultiPoint"",""coordinates"":[]}"
20000616,2000-06-16,167,6,9.923619593127125,2000,"{""type"":""MultiPoint"",""coordinates"":[]}"
20000617,2000-06-17,168,6,1.5945771962115023,2000,"{""type"":""MultiPoint"",""coordinates"":[]}"
20000618,2000-06-18,169,6,5.0896941522344035,2000,"{""type"":""MultiPoint"",""coordinates"":[]}"
20000619,2000-06-19,170,6,16.410279467592712,2000,"{""type"":""MultiPoint"",""coordinates"":[]}"
20000620,2000-06-20,171,6,5.347414839407032,2000,"{""type"":""MultiPoint"",""coordinates"":[]}"
20000621,2000-06-21,172,6,0.04646208730634545,2000,"{""type"":""MultiPoint"",""coordinates"":[]}"
20000622,2000-06-22,173,6,0.3354517329822887,2000,"{""type"":""MultiPoint"",""coordinates"":[]}"
20000623,2000-06-23,174,6,8.979269533918549,2000,"{""type"":""MultiPoint"",""coordinates"":[]}"
20000624,2000-06-24,175,6,0.04098892693567758,2000,"{""type"":""MultiPoint"",""coordinates"":[]}"
20000625,2000-06-25,176,6,0.0,2000,"{""type"":""MultiPoint"",""coordinates"":[]}"
20000626,2000-06-26,177,6,3.342312968870417,2000,"{""type"":""MultiPoint"",""coordinates"":[]}"
20000627,2000-06-27,178,6,0.0,2000,"{""type"":""MultiPoint"",""coordinates"":[]}"
20000628,2000-06-28,179,6,5.512506805285059,2000,"{""type"":""MultiPoint"",""coordinates"":[]}"
20000629,2000-06-29,180,6,0.4351774807329531,2000,"{""type"":""MultiPoint"",""coordinates"":[]}"
20000630,2000-06-30,181,6,0.4216842637437007,2000,"{""type"":""MultiPoint"",""coordinates"":[]}"
20000701,2000-07-01,182,7,6.41000245556687,2000,"{""type"":""MultiPoint"",""coordinates"":[]}"
20000702,2000-07-02,183,7,3.659085012421936,2000,"{""type"":""MultiPoint"",""coordinates"":[]}"
20000703,2000-07-03,184,7,0.41281313630797456,2000,"{""type"":""MultiPoint"",""coordinates"":[]}"
20000704,2000-07-04,185,7,2.5760699183569256,2000,"{""type"":""MultiPoint"",""coordinates"":[]}"
20000705,2000-07-05,186,7,0.0,2000,"{""type"":""MultiPoint"",""coordinates"":[]}"
20000706,2000-07-06,187,7,7.450706632568426,2000,"{""type"":""MultiPoint"",""coordinates"":[]}"
20000707,2000-07-07,188,7,6.450957457885622,2000,"{""type"":""MultiPoint"",""coordinates"":[]}"
20000708,2000-07-08,189,7,0.5109213331142824,2000,"{""type"":""MultiPoint"",""coordinates"":[]}"
20000709,2000-07-09,190,7,5.733594257776326,2000,"{""type"":""MultiPoint"",""coordinates"":[]}"
20000710,2000-07-10,191,7,0.7241787884962113,2000,"{""type"":""MultiPoint"",""coordinates"":[]}"
20000711,2000-07-11,192,7,15.218810139091493,2000,"{""type"":""MultiPoint"",""coordinates"":[]}"
20000712,2000-07-12,193,7,0.0,2000,"{""type"":""MultiPoint"",""coordinates"":[]}"
20000713,2000-07-13,194,7,0.0,2000,"{""type"":""MultiPoint"",""coordinates"":[]}"
20000714,2000-07-14,195,7,4.843582736357389,2000,"{""type"":""MultiPoint"",""coordinates"":[]}"
20000715,2000-07-15,196,7,3.878582994497325,2000,"{""type"":""MultiPoint"",""coordinates"":[]}"
20000716,2000-07-16,197,7,20.420343260596024,2000,"{""type"":""MultiPoint"",""coordinates"":[]}"
20000717,2000-07-17,198,7,17.79430290466961,2000,"{""type"":""MultiPoint"",""coordinates"":[]}"
20000718,2000-07-18,199,7,11.204807243528494,2000,"{""type"":""MultiPoint"",""coordinates"":[]}"
20000719,2000-07-19,200,7,0.0,2000,"{""type"":""MultiPoint"",""coordinates"":[]}"
20000720,2000-07-20,201,7,4.0454874215302645,2000,"{""type"":""MultiPoint"",""coordinates"":[]}"
20000721,2000-07-21,202,7,8.124972702135166,2000,"{""type"":""MultiPoint"",""coordinates"":[]}"
20000722,2000-07-22,203,7,30.230107030530426,2000,"{""type"":""MultiPoint"",""coordinates"":[]}"
20000723,2000-07-23,204,7,3.4447897587891587,2000,"{""type"":""MultiPoint"",""coordinates"":[]}"
20000724,2000-07-24,205,7,3.8183956607116714,2000,"{""type"":""MultiPoint"",""coordinates"":[]}"
20000725,2000-07-25,206,7,13.519855969588244,2000,"{""type"":""MultiPoint"",""coordinates"":[]}"
20000726,2000-07-26,207,7,0.08128397203620341,2000,"{""type"":""MultiPoint"",""coordinates"":[]}"
20000727,2000-07-27,208,7,8.661385094300192,2000,"{""type"":""MultiPoint"",""coordinates"":[]}"
20000728,2000-07-28,209,7,28.483551831924462,2000,"{""type"":""MultiPoint"",""coordinates"":[]}"
20000729,2000-07-29,210,7,0.0,2000,"{""type"":""MultiPoint"",""coordinates"":[]}"
20000730,2000-07-30,211,7,12.116849585744879,2000,"{""type"":""MultiPoint"",""coordinates"":[]}"
20000731,2000-07-31,212,7,40.33397107229159,2000,"{""type"":""MultiPoint"",""coordinates"":[]}"
20000801,2000-08-01,213,8,6.147014063073753,2000,"{""type"":""MultiPoint"",""coordinates"":[]}"
20000802,2000-08-02,214,8,8.335643966874644,2000,"{""type"":""MultiPoint"",""coordinates"":[]}"
20000803,2000-08-03,215,8,1.6866291716302306,2000,"{""type"":""MultiPoint"",""coordinates"":[]}"
20000804,2000-08-04,216,8,18.431191038674566,2000,"{""type"":""MultiPoint"",""coordinates"":[]}"
20000805,2000-08-05,217,8,0.0,2000,"{""type"":""MultiPoint"",""coordinates"":[]}"
20000806,2000-08-06,218,8,0.3528346138015599,2000,"{""type"":""MultiPoint"",""coordinates"":[]}"
20000807,2000-08-07,219,8,14.74160062858293,2000,"{""type"":""MultiPoint"",""coordinates"":[]}"
20000808,2000-08-08,220,8,0.7877680663662066,2000,"{""type"":""MultiPoint"",""coordinates"":[]}"
20000809,2000-08-09,221,8,23.863789441491573,2000,"{""type"":""MultiPoint"",""coordinates"":[]}"
20000810,2000-08-10,222,8,0.0,2000,"{""type"":""MultiPoint"",""coordinates"":[]}"
20000811,2000-08-11,223,8,0.0,2000,"{""type"":""MultiPoint"",""coordinates"":[]}"
20000812,2000-08-12,224,8,13.786694804614877,2000,"{""type"":""MultiPoint"",""coordinates"":[]}"
20000813,2000-08-13,225,8,7.368303695889506,2000,"{""type"":""MultiPoint"",""coordinates"":[]}"
20000814,2000-08-14,226,8,10.720821520105924,2000,"{""type"":""MultiPoint"",""coordinates"":[]}"
20000815,2000-08-15,227,8,19.5225208164985,2000,"{""type"":""MultiPoint"",""coordinates"":[]}"
20000816,2000-08-16,228,8,4.389211378326083,2000,"{""type"":""MultiPoint"",""coordinates"":[]}"
20000817,2000-08-17,229,8,37.698476628564,2000,"{""type"":""MultiPoint"",""coordinates"":[]}"
20000818,2000-08-18,230,8,0.0,2000,"{""type"":""MultiPoint"",""coordinates"":[]}"
20000819,2000-08-19,231,8,27.746555684603994,2000,"{""type"":""MultiPoint"",""coordinates"":[]}"
20000820,2000-08-20,232,8,1.3551160072331192,2000,"{""type"":""MultiPoint"",""coordinates"":[]}"
20000821,2000-08-21,233,8,1.1336883950833165,2000,"{""type"":""MultiPoint"",""coordinates"":[]}"
20000822,2000-08-22,234,8,0.0,2000,"{""type"":""MultiPoint"",""coordinates"":[]}"
20000823,2000-08-23,235,8,12.908338361080151,2000,"{""type"":""MultiPoint"",""coordinates"":[]}"
20000824,2000-08-24,236,8,3.7940120985069283,2000,"{""type"":""MultiPoint"",""coordinates"":[]}"
20000825,2000-08-25,237,8,8.953251684838225,2000,"{""type"":""MultiPoint"",""coordinates"":[]}"
20000826,2000-08-26,238,8,14.22965712669132,2000,"{""type"":""MultiPoint"",""coordinates"":[]}"
20000827,2000-08-27,239,8,2.8976586117652836,2000,"{""type"":""MultiPoint"",""coordinates"":[]}"
20000828,2000-08-28,240,8,10.117554138475986,2000,"{""type"":""MultiPoint"",""coordinates"":[]}"
20000829,2000-08-29,241,8,0.3178205292728732,2000,"{""type"":""MultiPoint"",""coordinates"":[]}"
20000830,2000-08-30,242,8,6.232857721067697,2000,"{""type"":""MultiPoint"",""coordinates"":[]}"
20000831,2000-08-31,243,8,0.0,2000,"{""type"":""MultiPoint"",""coordinates"":[]}"
20000901,2000-09-01,244,9,0.0,2000,"{""type"":""MultiPoint"",""coordinates"":[]}"
20000902,2000-09-02,245,9,0.0,2000,"{""type"":""MultiPoint"",""coordinates"":[]}"
20000903,2000-09-03,246,9,5.067167875246852,2000,"{""type"":""MultiPoint"",""coordinates"":[]}"
20000904,2000-09-04,247,9,0.0,2000,"{""type"":""MultiPoint"",""coordinates"":[]}"
20000905,2000-09-05,248,9,4.895655376128712,2000,"{""type"":""MultiPoint"",""coordinates"":[]}"
20000906,2000-09-06,249,9,0.1880213937846286,2000,"{""type"":""MultiPoint"",""coordinates"":[]}"
20000907,2000-09-07,250,9,0.0,2000,"{""type"":""MultiPoint"",""coordinates"":[]}"
20000908,2000-09-08,251,9,3.168501261508826,2000,"{""type"":""MultiPoint"",""coordinates"":[]}"
20000909,2000-09-09,252,9,1.0521437226486432,2000,"{""type"":""MultiPoint"",""coordinates"":[]}"
20000910,2000-09-10,253,9,4.465700776158145,2000,"{""type"":""MultiPoint"",""coordinates"":[]}"
20000911,2000-09-11,254,9,0.0,2000,"{""type"":""MultiPoint"",""coordinates"":[]}"
20000912,2000-09-12,255,9,2.4027876360956144,2000,"{""type"":""MultiPoint"",""coordinates"":[]}"
20000913,2000-09-13,256,9,12.461882594647468,2000,"{""type"":""MultiPoint"",""coordinates"":[]}"
20000914,2000-09-14,257,9,0.0,2000,"{""type"":""MultiPoint"",""coordinates"":[]}"
20000915,2000-09-15,258,9,0.0,2000,"{""type"":""MultiPoint"",""coordinates"":[]}"
20000916,2000-09-16,259,9,7.4769043277386125,2000,"{""type"":""MultiPoint"",""coordinates"":[]}"
20000917,2000-09-17,260,9,12.083847745335154,2000,"{""type"":""MultiPoint"",""coordinates"":[]}"
20000918,2000-09-18,261,9,0.0,2000,"{""type"":""MultiPoint"",""coordinates"":[]}"
20000919,2000-09-19,262,9,0.0,2000,"{""type"":""MultiPoint"",""coordinates"":[]}"
20000920,2000-09-20,263,9,0.3079060751226874,2000,"{""type"":""MultiPoint"",""coordinates"":[]}"
20000921,2000-09-21,264,9,1.6151014672786697,2000,"{""type"":""MultiPoint"",""coordinates"":[]}"
20000922,2000-09-22,265,9,0.662392651817543,2000,"{""type"":""MultiPoint"",""coordinates"":[]}"
20000923,2000-09-23,266,9,1.5102394995275739,2000,"{""type"":""MultiPoint"",""coordinates"":[]}"
20000924,2000-09-24,267,9,0.7422570869530231,2000,"{""type"":""MultiPoint"",""coordinates"":[]}"
20000925,2000-09-25,268,9,0.8844475893366097,2000,"{""type"":""MultiPoint"",""coordinates"":[]}"
20000926,2000-09-26,269,9,0.0,2000,"{""type"":""MultiPoint"",""coordinates"":[]}"
20000927,2000-09-27,270,9,0.0,2000,"{""type"":""MultiPoint"",""coordinates"":[]}"
20000928,2000-09-28,271,9,4.15066115805172,2000,"{""type"":""MultiPoint"",""coordinates"":[]}"
20000929,2000-09-29,272,9,0.4953191883376528,2000,"{""type"":""MultiPoint"",""coordinates"":[]}"
20000930,2000-09-30,273,9,2.106053785277631,2000,"{""type"":""MultiPoint"",""coordinates"":[]}"
20001001,2000-10-01,274,10,0.0,2000,"{""type"":""MultiPoint"",""coordinates"":[]}"
20001002,2000-10-02,275,10,0.017653023353730788,2000,"{""type"":""MultiPoint"",""coordinates"":[]}"
20001003,2000-10-03,276,10,0.08030474547183875,2000,"{""type"":""MultiPoint"",""coordinates"":[]}"
20001004,2000-10-04,277,10,0.0,2000,"{""type"":""MultiPoint"",""coordinates"":[]}"
20001005,2000-10-05,278,10,6.577264731981938,2000,"{""type"":""MultiPoint"",""coordinates"":[]}"
20001006,2000-10-06,279,10,3.7365988710418176,2000,"{""type"":""MultiPoint"",""coordinates"":[]}"
20001007,2000-10-07,280,10,0.0,2000,"{""type"":""MultiPoint"",""coordinates"":[]}"
20001008,2000-10-08,281,10,0.0,2000,"{""type"":""MultiPoint"",""coordinates"":[]}"
20001009,2000-10-09,282,10,5.164472830746524,2000,"{""type"":""MultiPoint"",""coordinates"":[]}"
20001010,2000-10-10,283,10,3.44422126949648,2000,"{""type"":""MultiPoint"",""coordinates"":[]}"
20001011,2000-10-11,284,10,0.0,2000,"{""type"":""MultiPoint"",""coordinates"":[]}"
20001012,2000-10-12,285,10,0.0,2000,"{""type"":""MultiPoint"",""coordinates"":[]}"
20001013,2000-10-13,286,10,0.9861682234813398,2000,"{""type"":""MultiPoint"",""coordinates"":[]}"
20001014,2000-10-14,287,10,0.0,2000,"{""type"":""MultiPoint"",""coordinates"":[]}"
20001015,2000-10-15,288,10,0.0,2000,"{""type"":""MultiPoint"",""coordinates"":[]}"
20001016,2000-10-16,289,10,1.07592082491108,2000,"{""type"":""MultiPoint"",""coordinates"":[]}"
20001017,2000-10-17,290,10,0.0,2000,"{""type"":""MultiPoint"",""coordinates"":[]}"
20001018,2000-10-18,291,10,0.0,2000,"{""type"":""MultiPoint"",""coordinates"":[]}"
20001019,2000-10-19,292,10,0.0,2000,"{""type"":""MultiPoint"",""coordinates"":[]}"
20001020,2000-10-20,293,10,0.0,2000,"{""type"":""MultiPoint"",""coordinates"":[]}"
20001021,2000-10-21,294,10,0.0,2000,"{""type"":""MultiPoint"",""coordinates"":[]}"
20001022,2000-10-22,295,10,0.0,2000,"{""type"":""MultiPoint"",""coordinates"":[]}"
20001023,2000-10-23,296,10,0.0,2000,"{""type"":""MultiPoint"",""coordinates"":[]}"
20001024,2000-10-24,297,10,0.0,2000,"{""type"":""MultiPoint"",""coordinates"":[]}"
20001025,2000-10-25,298,10,0.0,2000,"{""type"":""MultiPoint"",""coordinates"":[]}"
20001026,2000-10-26,299,10,0.0,2000,"{""type"":""MultiPoint"",""coordinates"":[]}"
20001027,2000-10-27,300,10,0.0,2000,"{""type"":""MultiPoint"",""coordinates"":[]}"
20001028,2000-10-28,301,10,0.0,2000,"{""type"":""MultiPoint"",""coordinates"":[]}"
20001029,2000-10-29,302,10,0.0,2000,"{""type"":""MultiPoint"",""coordinates"":[]}"
20001030,2000-10-30,303,10,0.0,2000,"{""type"":""MultiPoint"",""coordinates"":[]}"
20001031,2000-10-31,304,10,0.0,2000,"{""type"":""MultiPoint"",""coordinates"":[]}"
20001101,2000-11-01,305,11,0.0,2000,"{""type"":""MultiPoint"",""coordinates"":[]}"
20001102,2000-11-02,306,11,0.007186881219497835,2000,"{""type"":""MultiPoint"",""coordinates"":[]}"
20001103,2000-11-03,307,11,0.29551917270259775,2000,"{""type"":""MultiPoint"",""coordinates"":[]}"
20001104,2000-11-04,308,11,0.0,2000,"{""type"":""MultiPoint"",""coordinates"":[]}"
20001105,2000-11-05,309,11,0.0,2000,"{""type"":""MultiPoint"",""coordinates"":[]}"
20001106,2000-11-06,310,11,1.2351799528890137,2000,"{""type"":""MultiPoint"",""coordinates"":[]}"
20001107,2000-11-07,311,11,0.0,2000,"{""type"":""MultiPoint"",""coordinates"":[]}"
20001108,2000-11-08,312,11,0.0,2000,"{""type"":""MultiPoint"",""coordinates"":[]}"
20001109,2000-11-09,313,11,0.0,2000,"{""type"":""MultiPoint"",""coordinates"":[]}"
20001110,2000-11-10,314,11,0.0,2000,"{""type"":""MultiPoint"",""coordinates"":[]}"
20001111,2000-11-11,315,11,0.0,2000,"{""type"":""MultiPoint"",""coordinates"":[]}"
20001112,2000-11-12,316,11,0.0,2000,"{""type"":""MultiPoint"",""coordinates"":[]}"
20001113,2000-11-13,317,11,0.0,2000,"{""type"":""MultiPoint"",""coordinates"":[]}"
20001114,2000-11-14,318,11,0.0,2000,"{""type"":""MultiPoint"",""coordinates"":[]}"
20001115,2000-11-15,319,11,0.0,2000,"{""type"":""MultiPoint"",""coordinates"":[]}"
20001116,2000-11-16,320,11,0.0,2000,"{""type"":""MultiPoint"",""coordinates"":[]}"
20001117,2000-11-17,321,11,0.0,2000,"{""type"":""MultiPoint"",""coordinates"":[]}"
20001118,2000-11-18,322,11,0.0,2000,"{""type"":""MultiPoint"",""coordinates"":[]}"
20001119,2000-11-19,323,11,0.0,2000,"{""type"":""MultiPoint"",""coordinates"":[]}"
20001120,2000-11-20,324,11,0.0,2000,"{""type"":""MultiPoint"",""coordinates"":[]}"
20001121,2000-11-21,325,11,0.0,2000,"{""type"":""MultiPoint"",""coordinates"":[]}"
20001122,2000-11-22,326,11,0.0,2000,"{""type"":""MultiPoint"",""coordinates"":[]}"
20001123,2000-11-23,327,11,0.0,2000,"{""type"":""MultiPoint"",""coordinates"":[]}"
20001124,2000-11-24,328,11,0.0,2000,"{""type"":""MultiPoint"",""coordinates"":[]}"
20001125,2000-11-25,329,11,0.0,2000,"{""type"":""MultiPoint"",""coordinates"":[]}"
20001126,2000-11-26,330,11,0.0,2000,"{""type"":""MultiPoint"",""coordinates"":[]}"
20001127,2000-11-27,331,11,0.0,2000,"{""type"":""MultiPoint"",""coordinates"":[]}"
20001128,2000-11-28,332,11,0.0,2000,"{""type"":""MultiPoint"",""coordinates"":[]}"
20001129,2000-11-29,333,11,0.0,2000,"{""type"":""MultiPoint"",""coordinates"":[]}"
20001130,2000-11-30,334,11,0.0,2000,"{""type"":""MultiPoint"",""coordinates"":[]}"
20001201,2000-12-01,335,12,0.0,2000,"{""type"":""MultiPoint"",""coordinates"":[]}"
20001202,2000-12-02,336,12,0.0010038720704666764,2000,"{""type"":""MultiPoint"",""coordinates"":[]}"
20001203,2000-12-03,337,12,0.0,2000,"{""type"":""MultiPoint"",""coordinates"":[]}"
20001204,2000-12-04,338,12,0.0,2000,"{""type"":""MultiPoint"",""coordinates"":[]}"
20001205,2000-12-05,339,12,0.0,2000,"{""type"":""MultiPoint"",""coordinates"":[]}"
20001206,2000-12-06,340,12,0.0,2000,"{""type"":""MultiPoint"",""coordinates"":[]}"
20001207,2000-12-07,341,12,0.0,2000,"{""type"":""MultiPoint"",""coordinates"":[]}"
20001208,2000-12-08,342,12,0.06035239291800694,2000,"{""type"":""MultiPoint"",""coordinates"":[]}"
20001209,2000-12-09,343,12,0.002193306171265002,2000,"{""type"":""MultiPoint"",""coordinates"":[]}"
20001210,2000-12-10,344,12,0.0,2000,"{""type"":""MultiPoint"",""coordinates"":[]}"
20001211,2000-12-11,345,12,0.0,2000,"{""type"":""MultiPoint"",""coordinates"":[]}"
20001212,2000-12-12,346,12,0.0,2000,"{""type"":""MultiPoint"",""coordinates"":[]}"
20001213,2000-12-13,347,12,0.0,2000,"{""type"":""MultiPoint"",""coordinates"":[]}"
20001214,2000-12-14,348,12,0.0,2000,"{""type"":""MultiPoint"",""coordinates"":[]}"
20001215,2000-12-15,349,12,0.0,2000,"{""type"":""MultiPoint"",""coordinates"":[]}"
20001216,2000-12-16,350,12,0.0,2000,"{""type"":""MultiPoint"",""coordinates"":[]}"
20001217,2000-12-17,351,12,0.0,2000,"{""type"":""MultiPoint"",""coordinates"":[]}"
20001218,2000-12-18,352,12,0.0,2000,"{""type"":""MultiPoint"",""coordinates"":[]}"
20001219,2000-12-19,353,12,0.0,2000,"{""type"":""MultiPoint"",""coordinates"":[]}"
20001220,2000-12-20,354,12,0.0,2000,"{""type"":""MultiPoint"",""coordinates"":[]}"
20001221,2000-12-21,355,12,0.0,2000,"{""type"":""MultiPoint"",""coordinates"":[]}"
20001222,2000-12-22,356,12,0.0,2000,"{""type"":""MultiPoint"",""coordinates"":[]}"
20001223,2000-12-23,357,12,0.0,2000,"{""type"":""MultiPoint"",""coordinates"":[]}"
20001224,2000-12-24,358,12,0.0,2000,"{""type"":""MultiPoint"",""coordinates"":[]}"
20001225,2000-12-25,359,12,0.0,2000,"{""type"":""MultiPoint"",""coordinates"":[]}"
20001226,2000-12-26,360,12,0.0,2000,"{""type"":""MultiPoint"",""coordinates"":[]}"
20001227,2000-12-27,361,12,0.0,2000,"{""type"":""MultiPoint"",""coordinates"":[]}"
20001228,2000-12-28,362,12,0.0,2000,"{""type"":""MultiPoint"",""coordinates"":[]}"
20001229,2000-12-29,363,12,0.0,2000,"{""type"":""MultiPoint"",""coordinates"":[]}"
20001230,2000-12-30,364,12,0.0,2000,"{""type"":""MultiPoint"",""coordinates"":[]}"
20001231,2000-12-31,365,12,0.0,2000,"{""type"":""MultiPoint"",""coordinates"":[]}"
20010101,2001-01-01,0,1,0.0,2001,"{""type"":""MultiPoint"",""coordinates"":[]}"
20010102,2001-01-02,1,1,0.0,2001,"{""type"":""MultiPoint"",""coordinates"":[]}"
20010103,2001-01-03,2,1,0.0,2001,"{""type"":""MultiPoint"",""coordinates"":[]}"
20010104,2001-01-04,3,1,0.0,2001,"{""type"":""MultiPoint"",""coordinates"":[]}"
20010105,2001-01-05,4,1,0.0,2001,"{""type"":""MultiPoint"",""coordinates"":[]}"
20010106,2001-01-06,5,1,0.0,2001,"{""type"":""MultiPoint"",""coordinates"":[]}"
20010107,2001-01-07,6,1,0.0,2001,"{""type"":""MultiPoint"",""coordinates"":[]}"
20010108,2001-01-08,7,1,0.0,2001,"{""type"":""MultiPoint"",""coordinates"":[]}"
20010109,2001-01-09,8,1,0.0,2001,"{""type"":""MultiPoint"",""coordinates"":[]}"
20010110,2001-01-10,9,1,0.0,2001,"{""type"":""MultiPoint"",""coordinates"":[]}"
20010111,2001-01-11,10,1,0.0,2001,"{""type"":""MultiPoint"",""coordinates"":[]}"
20010112,2001-01-12,11,1,0.0,2001,"{""type"":""MultiPoint"",""coordinates"":[]}"
20010113,2001-01-13,12,1,0.0,2001,"{""type"":""MultiPoint"",""coordinates"":[]}"
20010114,2001-01-14,13,1,0.0,2001,"{""type"":""MultiPoint"",""coordinates"":[]}"
20010115,2001-01-15,14,1,0.0,2001,"{""type"":""MultiPoint"",""coordinates"":[]}"
20010116,2001-01-16,15,1,0.0,2001,"{""type"":""MultiPoint"",""coordinates"":[]}"
20010117,2001-01-17,16,1,0.0,2001,"{""type"":""MultiPoint"",""coordinates"":[]}"
20010118,2001-01-18,17,1,0.0,2001,"{""type"":""MultiPoint"",""coordinates"":[]}"
20010119,2001-01-19,18,1,0.0,2001,"{""type"":""MultiPoint"",""coordinates"":[]}"
20010120,2001-01-20,19,1,0.0,2001,"{""type"":""MultiPoint"",""coordinates"":[]}"
20010121,2001-01-21,20,1,0.0,2001,"{""type"":""MultiPoint"",""coordinates"":[]}"
20010122,2001-01-22,21,1,0.0,2001,"{""type"":""MultiPoint"",""coordinates"":[]}"
20010123,2001-01-23,22,1,0.0,2001,"{""type"":""MultiPoint"",""coordinates"":[]}"
20010124,2001-01-24,23,1,0.0,2001,"{""type"":""MultiPoint"",""coordinates"":[]}"
20010125,2001-01-25,24,1,0.0,2001,"{""type"":""MultiPoint"",""coordinates"":[]}"
20010126,2001-01-26,25,1,0.0,2001,"{""type"":""MultiPoint"",""coordinates"":[]}"
20010127,2001-01-27,26,1,0.0,2001,"{""type"":""MultiPoint"",""coordinates"":[]}"
20010128,2001-01-28,27,1,0.0,2001,"{""type"":""MultiPoint"",""coordinates"":[]}"
20010129,2001-01-29,28,1,0.0,2001,"{""type"":""MultiPoint"",""coordinates"":[]}"
20010130,2001-01-30,29,1,0.0,2001,"{""type"":""MultiPoint"",""coordinates"":[]}"
20010131,2001-01-31,30,1,0.0,2001,"{""type"":""MultiPoint"",""coordinates"":[]}"
20010201,2001-02-01,31,2,0.0,2001,"{""type"":""MultiPoint"",""coordinates"":[]}"
20010202,2001-02-02,32,2,0.0,2001,"{""type"":""MultiPoint"",""coordinates"":[]}"
20010203,2001-02-03,33,2,0.0,2001,"{""type"":""MultiPoint"",""coordinates"":[]}"
20010204,2001-02-04,34,2,0.0,2001,"{""type"":""MultiPoint"",""coordinates"":[]}"
20010205,2001-02-05,35,2,0.0,2001,"{""type"":""MultiPoint"",""coordinates"":[]}"
20010206,2001-02-06,36,2,0.0,2001,"{""type"":""MultiPoint"",""coordinates"":[]}"
20010207,2001-02-07,37,2,0.0,2001,"{""type"":""MultiPoint"",""coordinates"":[]}"
20010208,2001-02-08,38,2,0.0,2001,"{""type"":""MultiPoint"",""coordinates"":[]}"
20010209,2001-02-09,39,2,0.0,2001,"{""type"":""MultiPoint"",""coordinates"":[]}"
20010210,2001-02-10,40,2,0.0,2001,"{""type"":""MultiPoint"",""coordinates"":[]}"
20010211,2001-02-11,41,2,0.0,2001,"{""type"":""MultiPoint"",""coordinates"":[]}"
20010212,2001-02-12,42,2,0.0,2001,"{""type"":""MultiPoint"",""coordinates"":[]}"
20010213,2001-02-13,43,2,0.0,2001,"{""type"":""MultiPoint"",""coordinates"":[]}"
20010214,2001-02-14,44,2,0.0,2001,"{""type"":""MultiPoint"",""coordinates"":[]}"
20010215,2001-02-15,45,2,0.0,2001,"{""type"":""MultiPoint"",""coordinates"":[]}"
20010216,2001-02-16,46,2,0.0,2001,"{""type"":""MultiPoint"",""coordinates"":[]}"
20010217,2001-02-17,47,2,7.598460796732765E-6,2001,"{""type"":""MultiPoint"",""coordinates"":[]}"
20010218,2001-02-18,48,2,0.0,2001,"{""type"":""MultiPoint"",""coordinates"":[]}"
20010219,2001-02-19,49,2,0.0,2001,"{""type"":""MultiPoint"",""coordinates"":[]}"
20010220,2001-02-20,50,2,0.0,2001,"{""type"":""MultiPoint"",""coordinates"":[]}"
20010221,2001-02-21,51,2,0.00375654589761824,2001,"{""type"":""MultiPoint"",""coordinates"":[]}"
20010222,2001-02-22,52,2,0.0,2001,"{""type"":""MultiPoint"",""coordinates"":[]}"
20010223,2001-02-23,53,2,0.0,2001,"{""type"":""MultiPoint"",""coordinates"":[]}"
20010224,2001-02-24,54,2,0.0,2001,"{""type"":""MultiPoint"",""coordinates"":[]}"
20010225,2001-02-25,55,2,0.0,2001,"{""type"":""MultiPoint"",""coordinates"":[]}"
20010226,2001-02-26,56,2,0.0,2001,"{""type"":""MultiPoint"",""coordinates"":[]}"
20010227,2001-02-27,57,2,0.0,2001,"{""type"":""MultiPoint"",""coordinates"":[]}"
20010228,2001-02-28,58,2,0.006324732589453699,2001,"{""type"":""MultiPoint"",""coordinates"":[]}"
20010301,2001-03-01,59,3,0.008947784896469812,2001,"{""type"":""MultiPoint"",""coordinates"":[]}"
20010302,2001-03-02,60,3,0.00698180845468258,2001,"{""type"":""MultiPoint"",""coordinates"":[]}"
20010303,2001-03-03,61,3,0.0,2001,"{""type"":""MultiPoint"",""coordinates"":[]}"
20010304,2001-03-04,62,3,0.0,2001,"{""type"":""MultiPoint"",""coordinates"":[]}"
20010305,2001-03-05,63,3,0.0,2001,"{""type"":""MultiPoint"",""coordinates"":[]}"
20010306,2001-03-06,64,3,0.0,2001,"{""type"":""MultiPoint"",""coordinates"":[]}"
20010307,2001-03-07,65,3,0.0,2001,"{""type"":""MultiPoint"",""coordinates"":[]}"
20010308,2001-03-08,66,3,0.0,2001,"{""type"":""MultiPoint"",""coordinates"":[]}"
20010309,2001-03-09,67,3,0.0,2001,"{""type"":""MultiPoint"",""coordinates"":[]}"
20010310,2001-03-10,68,3,0.0,2001,"{""type"":""MultiPoint"",""coordinates"":[]}"
20010311,2001-03-11,69,3,0.0,2001,"{""type"":""MultiPoint"",""coordinates"":[]}"
20010312,2001-03-12,70,3,0.01657208088898113,2001,"{""type"":""MultiPoint"",""coordinates"":[]}"
20010313,2001-03-13,71,3,0.1555754486969448,2001,"{""type"":""MultiPoint"",""coordinates"":[]}"
20010314,2001-03-14,72,3,0.0,2001,"{""type"":""MultiPoint"",""coordinates"":[]}"
20010315,2001-03-15,73,3,0.0,2001,"{""type"":""MultiPoint"",""coordinates"":[]}"
20010316,2001-03-16,74,3,0.0,2001,"{""type"":""MultiPoint"",""coordinates"":[]}"
20010317,2001-03-17,75,3,0.0,2001,"{""type"":""MultiPoint"",""coordinates"":[]}"
20010318,2001-03-18,76,3,0.0,2001,"{""type"":""MultiPoint"",""coordinates"":[]}"
20010319,2001-03-19,77,3,0.0,2001,"{""type"":""MultiPoint"",""coordinates"":[]}"
20010320,2001-03-20,78,3,0.0,2001,"{""type"":""MultiPoint"",""coordinates"":[]}"
20010321,2001-03-21,79,3,0.0,2001,"{""type"":""MultiPoint"",""coordinates"":[]}"
20010322,2001-03-22,80,3,0.0,2001,"{""type"":""MultiPoint"",""coordinates"":[]}"
20010323,2001-03-23,81,3,0.0,2001,"{""type"":""MultiPoint"",""coordinates"":[]}"
20010324,2001-03-24,82,3,0.0,2001,"{""type"":""MultiPoint"",""coordinates"":[]}"
20010325,2001-03-25,83,3,0.0,2001,"{""type"":""MultiPoint"",""coordinates"":[]}"
20010326,2001-03-26,84,3,0.04655620864793366,2001,"{""type"":""MultiPoint"",""coordinates"":[]}"
20010327,2001-03-27,85,3,0.0,2001,"{""type"":""MultiPoint"",""coordinates"":[]}"
20010328,2001-03-28,86,3,0.0,2001,"{""type"":""MultiPoint"",""coordinates"":[]}"
20010329,2001-03-29,87,3,0.0,2001,"{""type"":""MultiPoint"",""coordinates"":[]}"
20010330,2001-03-30,88,3,0.0,2001,"{""type"":""MultiPoint"",""coordinates"":[]}"
20010331,2001-03-31,89,3,0.0,2001,"{""type"":""MultiPoint"",""coordinates"":[]}"
20010401,2001-04-01,90,4,0.5583055747112535,2001,"{""type"":""MultiPoint"",""coordinates"":[]}"
20010402,2001-04-02,91,4,0.0,2001,"{""type"":""MultiPoint"",""coordinates"":[]}"
20010403,2001-04-03,92,4,0.5782090893450953,2001,"{""type"":""MultiPoint"",""coordinates"":[]}"
20010404,2001-04-04,93,4,0.0,2001,"{""type"":""MultiPoint"",""coordinates"":[]}"
20010405,2001-04-05,94,4,0.8095467572732593,2001,"{""type"":""MultiPoint"",""coordinates"":[]}"
20010406,2001-04-06,95,4,0.0,2001,"{""type"":""MultiPoint"",""coordinates"":[]}"
20010407,2001-04-07,96,4,0.0,2001,"{""type"":""MultiPoint"",""coordinates"":[]}"
20010408,2001-04-08,97,4,0.0,2001,"{""type"":""MultiPoint"",""coordinates"":[]}"
20010409,2001-04-09,98,4,0.0,2001,"{""type"":""MultiPoint"",""coordinates"":[]}"
20010410,2001-04-10,99,4,0.0,2001,"{""type"":""MultiPoint"",""coordinates"":[]}"
20010411,2001-04-11,100,4,0.0,2001,"{""type"":""MultiPoint"",""coordinates"":[]}"
20010412,2001-04-12,101,4,0.0,2001,"{""type"":""MultiPoint"",""coordinates"":[]}"
20010413,2001-04-13,102,4,0.017009147790947345,2001,"{""type"":""MultiPoint"",""coordinates"":[]}"
20010414,2001-04-14,103,4,0.07220990308607468,2001,"{""type"":""MultiPoint"",""coordinates"":[]}"
20010415,2001-04-15,104,4,0.13336320971351823,2001,"{""type"":""MultiPoint"",""coordinates"":[]}"
20010416,2001-04-16,105,4,0.6903235543999584,2001,"{""type"":""MultiPoint"",""coordinates"":[]}"
20010417,2001-04-17,106,4,0.0,2001,"{""type"":""MultiPoint"",""coordinates"":[]}"
20010418,2001-04-18,107,4,0.007118982120324277,2001,"{""type"":""MultiPoint"",""coordinates"":[]}"
20010419,2001-04-19,108,4,0.4261474489197681,2001,"{""type"":""MultiPoint"",""coordinates"":[]}"
20010420,2001-04-20,109,4,0.1838115790759627,2001,"{""type"":""MultiPoint"",""coordinates"":[]}"
20010421,2001-04-21,110,4,0.0,2001,"{""type"":""MultiPoint"",""coordinates"":[]}"
20010422,2001-04-22,111,4,0.9190486708910873,2001,"{""type"":""MultiPoint"",""coordinates"":[]}"
20010423,2001-04-23,112,4,0.0,2001,"{""type"":""MultiPoint"",""coordinates"":[]}"
20010424,2001-04-24,113,4,0.3843673148186378,2001,"{""type"":""MultiPoint"",""coordinates"":[]}"
20010425,2001-04-25,114,4,0.1888739709737018,2001,"{""type"":""MultiPoint"",""coordinates"":[]}"
20010426,2001-04-26,115,4,0.0,2001,"{""type"":""MultiPoint"",""coordinates"":[]}"
20010427,2001-04-27,116,4,0.0,2001,"{""type"":""MultiPoint"",""coordinates"":[]}"
20010428,2001-04-28,117,4,1.45980874879168,2001,"{""type"":""MultiPoint"",""coordinates"":[]}"
20010429,2001-04-29,118,4,1.3924473146089922,2001,"{""type"":""MultiPoint"",""coordinates"":[]}"
20010430,2001-04-30,119,4,0.811725492594525,2001,"{""type"":""MultiPoint"",""coordinates"":[]}"
20010501,2001-05-01,120,5,1.702541927532008,2001,"{""type"":""MultiPoint"",""coordinates"":[]}"
20010502,2001-05-02,121,5,0.0,2001,"{""type"":""MultiPoint"",""coordinates"":[]}"
20010503,2001-05-03,122,5,2.417651526832089,2001,"{""type"":""MultiPoint"",""coordinates"":[]}"
20010504,2001-05-04,123,5,2.45179370411034,2001,"{""type"":""MultiPoint"",""coordinates"":[]}"
20010505,2001-05-05,124,5,0.31576929790805086,2001,"{""type"":""MultiPoint"",""coordinates"":[]}"
20010506,2001-05-06,125,5,0.0,2001,"{""type"":""MultiPoint"",""coordinates"":[]}"
20010507,2001-05-07,126,5,0.8054266235195167,2001,"{""type"":""MultiPoint"",""coordinates"":[]}"
20010508,2001-05-08,127,5,0.0,2001,"{""type"":""MultiPoint"",""coordinates"":[]}"
20010509,2001-05-09,128,5,0.10998441613908097,2001,"{""type"":""MultiPoint"",""coordinates"":[]}"
20010510,2001-05-10,129,5,5.5864506042176,2001,"{""type"":""MultiPoint"",""coordinates"":[]}"
20010511,2001-05-11,130,5,1.7905830490303456,2001,"{""type"":""MultiPoint"",""coordinates"":[]}"
20010512,2001-05-12,131,5,4.0438213818237125,2001,"{""type"":""MultiPoint"",""coordinates"":[]}"
20010513,2001-05-13,132,5,0.0,2001,"{""type"":""MultiPoint"",""coordinates"":[]}"
20010514,2001-05-14,133,5,5.018398097539378,2001,"{""type"":""MultiPoint"",""coordinates"":[]}"
20010515,2001-05-15,134,5,2.080111090252484,2001,"{""type"":""MultiPoint"",""coordinates"":[]}"
20010516,2001-05-16,135,5,2.5291263149100547,2001,"{""type"":""MultiPoint"",""coordinates"":[]}"
20010517,2001-05-17,136,5,0.0,2001,"{""type"":""MultiPoint"",""coordinates"":[]}"
20010518,2001-05-18,137,5,0.0,2001,"{""type"":""MultiPoint"",""coordinates"":[]}"
20010519,2001-05-19,138,5,0.0,2001,"{""type"":""MultiPoint"",""coordinates"":[]}"
20010520,2001-05-20,139,5,0.0,2001,"{""type"":""MultiPoint"",""coordinates"":[]}"
20010521,2001-05-21,140,5,1.4170610916026634,2001,"{""type"":""MultiPoint"",""coordinates"":[]}"
20010522,2001-05-22,141,5,0.0,2001,"{""type"":""MultiPoint"",""coordinates"":[]}"
20010523,2001-05-23,142,5,0.0,2001,"{""type"":""MultiPoint"",""coordinates"":[]}"
20010524,2001-05-24,143,5,0.0,2001,"{""type"":""MultiPoint"",""coordinates"":[]}"
20010525,2001-05-25,144,5,1.8497176087004146,2001,"{""type"":""MultiPoint"",""coordinates"":[]}"
20010526,2001-05-26,145,5,0.0,2001,"{""type"":""MultiPoint"",""coordinates"":[]}"
20010527,2001-05-27,146,5,0.0,2001,"{""type"":""MultiPoint"",""coordinates"":[]}"
20010528,2001-05-28,147,5,0.9058233514637682,2001,"{""type"":""MultiPoint"",""coordinates"":[]}"
20010529,2001-05-29,148,5,5.477957373587157,2001,"{""type"":""MultiPoint"",""coordinates"":[]}"
20010530,2001-05-30,149,5,0.0,2001,"{""type"":""MultiPoint"",""coordinates"":[]}"
20010531,2001-05-31,150,5,2.1556173946909865,2001,"{""type"":""MultiPoint"",""coordinates"":[]}"
20010601,2001-06-01,151,6,0.0,2001,"{""type"":""MultiPoint"",""coordinates"":[]}"
20010602,2001-06-02,152,6,0.0,2001,"{""type"":""MultiPoint"",""coordinates"":[]}"
20010603,2001-06-03,153,6,2.2001723578293078E-4,2001,"{""type"":""MultiPoint"",""coordinates"":[]}"
20010604,2001-06-04,154,6,0.0,2001,"{""type"":""MultiPoint"",""coordinates"":[]}"
20010605,2001-06-05,155,6,0.0,2001,"{""type"":""MultiPoint"",""coordinates"":[]}"
20010606,2001-06-06,156,6,0.5366178428708834,2001,"{""type"":""MultiPoint"",""coordinates"":[]}"
20010607,2001-06-07,157,6,0.0,2001,"{""type"":""MultiPoint"",""coordinates"":[]}"
20010608,2001-06-08,158,6,0.0,2001,"{""type"":""MultiPoint"",""coordinates"":[]}"
20010609,2001-06-09,159,6,4.7097074829202805,2001,"{""type"":""MultiPoint"",""coordinates"":[]}"
20010610,2001-06-10,160,6,1.9725799677654832,2001,"{""type"":""MultiPoint"",""coordinates"":[]}"
20010611,2001-06-11,161,6,0.833619078118439,2001,"{""type"":""MultiPoint"",""coordinates"":[]}"
20010612,2001-06-12,162,6,0.0,2001,"{""type"":""MultiPoint"",""coordinates"":[]}"
20010613,2001-06-13,163,6,2.829914488965248,2001,"{""type"":""MultiPoint"",""coordinates"":[]}"
20010614,2001-06-14,164,6,1.3084025087864664,2001,"{""type"":""MultiPoint"",""coordinates"":[]}"
20010615,2001-06-15,165,6,5.291765046653286,2001,"{""type"":""MultiPoint"",""coordinates"":[]}"
20010616,2001-06-16,166,6,8.506650871417385,2001,"{""type"":""MultiPoint"",""coordinates"":[]}"
20010617,2001-06-17,167,6,10.117542028285461,2001,"{""type"":""MultiPoint"",""coordinates"":[]}"
20010618,2001-06-18,168,6,2.3479934167474728,2001,"{""type"":""MultiPoint"",""coordinates"":[]}"
20010619,2001-06-19,169,6,1.102735001678678,2001,"{""type"":""MultiPoint"",""coordinates"":[]}"
20010620,2001-06-20,170,6,0.0,2001,"{""type"":""MultiPoint"",""coordinates"":[]}"
20010621,2001-06-21,171,6,13.624499709517867,2001,"{""type"":""MultiPoint"",""coordinates"":[]}"
20010622,2001-06-22,172,6,3.077065438463041,2001,"{""type"":""MultiPoint"",""coordinates"":[]}"
20010623,2001-06-23,173,6,5.434905543802375,2001,"{""type"":""MultiPoint"",""coordinates"":[]}"
20010624,2001-06-24,174,6,0.6908435091497309,2001,"{""type"":""MultiPoint"",""coordinates"":[]}"
20010625,2001-06-25,175,6,0.23293250016491823,2001,"{""type"":""MultiPoint"",""coordinates"":[]}"
20010626,2001-06-26,176,6,7.745836740438242,2001,"{""type"":""MultiPoint"",""coordinates"":[]}"
20010627,2001-06-27,177,6,1.1099335950869196,2001,"{""type"":""MultiPoint"",""coordinates"":[]}"
20010628,2001-06-28,178,6,7.4801021216765164,2001,"{""type"":""MultiPoint"",""coordinates"":[]}"
20010629,2001-06-29,179,6,0.0,2001,"{""type"":""MultiPoint"",""coordinates"":[]}"
20010630,2001-06-30,180,6,8.369828367733819,2001,"{""type"":""MultiPoint"",""coordinates"":[]}"
20010701,2001-07-01,181,7,0.0,2001,"{""type"":""MultiPoint"",""coordinates"":[]}"
20010702,2001-07-02,182,7,0.0,2001,"{""type"":""MultiPoint"",""coordinates"":[]}"
20010703,2001-07-03,183,7,10.97096941130637,2001,"{""type"":""MultiPoint"",""coordinates"":[]}"
20010704,2001-07-04,184,7,25.69625268177978,2001,"{""type"":""MultiPoint"",""coordinates"":[]}"
20010705,2001-07-05,185,7,17.552258493027182,2001,"{""type"":""MultiPoint"",""coordinates"":[]}"
20010706,2001-07-06,186,7,0.12054351051860952,2001,"{""type"":""MultiPoint"",""coordinates"":[]}"
20010707,2001-07-07,187,7,0.0,2001,"{""type"":""MultiPoint"",""coordinates"":[]}"
20010708,2001-07-08,188,7,2.4878907667856254,2001,"{""type"":""MultiPoint"",""coordinates"":[]}"
20010709,2001-07-09,189,7,9.707758672923518,2001,"{""type"":""MultiPoint"",""coordinates"":[]}"
20010710,2001-07-10,190,7,2.7086685397030457,2001,"{""type"":""MultiPoint"",""coordinates"":[]}"
20010711,2001-07-11,191,7,0.0,2001,"{""type"":""MultiPoint"",""coordinates"":[]}"
20010712,2001-07-12,192,7,0.04791366579415043,2001,"{""type"":""MultiPoint"",""coordinates"":[]}"
20010713,2001-07-13,193,7,2.9691238745199993,2001,"{""type"":""MultiPoint"",""coordinates"":[]}"
20010714,2001-07-14,194,7,0.8338405017830117,2001,"{""type"":""MultiPoint"",""coordinates"":[]}"
20010715,2001-07-15,195,7,15.072332543697797,2001,"{""type"":""MultiPoint"",""coordinates"":[]}"
20010716,2001-07-16,196,7,0.0,2001,"{""type"":""MultiPoint"",""coordinates"":[]}"
20010717,2001-07-17,197,7,12.461901194507663,2001,"{""type"":""MultiPoint"",""coordinates"":[]}"
20010718,2001-07-18,198,7,0.0,2001,"{""type"":""MultiPoint"",""coordinates"":[]}"
20010719,2001-07-19,199,7,9.94078239541782,2001,"{""type"":""MultiPoint"",""coordinates"":[]}"
20010720,2001-07-20,200,7,0.0,2001,"{""type"":""MultiPoint"",""coordinates"":[]}"
20010721,2001-07-21,201,7,11.317774626825747,2001,"{""type"":""MultiPoint"",""coordinates"":[]}"
20010722,2001-07-22,202,7,4.103211540494916,2001,"{""type"":""MultiPoint"",""coordinates"":[]}"
20010723,2001-07-23,203,7,35.87462714866356,2001,"{""type"":""MultiPoint"",""coordinates"":[]}"
20010724,2001-07-24,204,7,18.597882052841083,2001,"{""type"":""MultiPoint"",""coordinates"":[]}"
20010725,2001-07-25,205,7,3.3790901821187105,2001,"{""type"":""MultiPoint"",""coordinates"":[]}"
20010726,2001-07-26,206,7,4.414075888461654,2001,"{""type"":""MultiPoint"",""coordinates"":[]}"
20010727,2001-07-27,207,7,15.231934173056624,2001,"{""type"":""MultiPoint"",""coordinates"":[]}"
20010728,2001-07-28,208,7,1.7546601948064726,2001,"{""type"":""MultiPoint"",""coordinates"":[]}"
20010729,2001-07-29,209,7,1.4428879568708557,2001,"{""type"":""MultiPoint"",""coordinates"":[]}"
20010730,2001-07-30,210,7,1.0889831733930275,2001,"{""type"":""MultiPoint"",""coordinates"":[]}"
20010731,2001-07-31,211,7,6.0927736220394735,2001,"{""type"":""MultiPoint"",""coordinates"":[]}"
20010801,2001-08-01,212,8,1.7250991497542223,2001,"{""type"":""MultiPoint"",""coordinates"":[]}"
20010802,2001-08-02,213,8,9.871623241445715,2001,"{""type"":""MultiPoint"",""coordinates"":[]}"
20010803,2001-08-03,214,8,3.8990004922546095,2001,"{""type"":""MultiPoint"",""coordinates"":[]}"
20010804,2001-08-04,215,8,0.0,2001,"{""type"":""MultiPoint"",""coordinates"":[]}"
20010805,2001-08-05,216,8,7.279688245873802,2001,"{""type"":""MultiPoint"",""coordinates"":[]}"
20010806,2001-08-06,217,8,35.35403474984156,2001,"{""type"":""MultiPoint"",""coordinates"":[]}"
20010807,2001-08-07,218,8,0.0,2001,"{""type"":""MultiPoint"",""coordinates"":[]}"
20010808,2001-08-08,219,8,4.940180639201614,2001,"{""type"":""MultiPoint"",""coordinates"":[]}"
20010809,2001-08-09,220,8,0.0,2001,"{""type"":""MultiPoint"",""coordinates"":[]}"
20010810,2001-08-10,221,8,20.449364056231175,2001,"{""type"":""MultiPoint"",""coordinates"":[]}"
20010811,2001-08-11,222,8,0.03783158581666272,2001,"{""type"":""MultiPoint"",""coordinates"":[]}"
20010812,2001-08-12,223,8,3.594371784321268,2001,"{""type"":""MultiPoint"",""coordinates"":[]}"
20010813,2001-08-13,224,8,11.428575200027797,2001,"{""type"":""MultiPoint"",""coordinates"":[]}"
20010814,2001-08-14,225,8,5.234334866961387,2001,"{""type"":""MultiPoint"",""coordinates"":[]}"
20010815,2001-08-15,226,8,2.53826841502455,2001,"{""type"":""MultiPoint"",""coordinates"":[]}"
20010816,2001-08-16,227,8,9.759536462388292,2001,"{""type"":""MultiPoint"",""coordinates"":[]}"
20010817,2001-08-17,228,8,1.5583300686845876,2001,"{""type"":""MultiPoint"",""coordinates"":[]}"
20010818,2001-08-18,229,8,0.0,2001,"{""type"":""MultiPoint"",""coordinates"":[]}"
20010819,2001-08-19,230,8,44.390759286561284,2001,"{""type"":""MultiPoint"",""coordinates"":[]}"
20010820,2001-08-20,231,8,0.0,2001,"{""type"":""MultiPoint"",""coordinates"":[]}"
20010821,2001-08-21,232,8,6.897295737932355,2001,"{""type"":""MultiPoint"",""coordinates"":[]}"
20010822,2001-08-22,233,8,13.10804278648922,2001,"{""type"":""MultiPoint"",""coordinates"":[]}"
20010823,2001-08-23,234,8,4.894576140407713,2001,"{""type"":""MultiPoint"",""coordinates"":[]}"
20010824,2001-08-24,235,8,17.428418286792546,2001,"{""type"":""MultiPoint"",""coordinates"":[]}"
20010825,2001-08-25,236,8,0.0,2001,"{""type"":""MultiPoint"",""coordinates"":[]}"
20010826,2001-08-26,237,8,10.337397419832605,2001,"{""type"":""MultiPoint"",""coordinates"":[]}"
20010827,2001-08-27,238,8,6.525123119070922,2001,"{""type"":""MultiPoint"",""coordinates"":[]}"
20010828,2001-08-28,239,8,25.542143492869606,2001,"{""type"":""MultiPoint"",""coordinates"":[]}"
20010829,2001-08-29,240,8,0.0,2001,"{""type"":""MultiPoint"",""coordinates"":[]}"
20010830,2001-08-30,241,8,5.196161272219324,2001,"{""type"":""MultiPoint"",""coordinates"":[]}"
20010831,2001-08-31,242,8,18.531806099034693,2001,"{""type"":""MultiPoint"",""coordinates"":[]}"
20010901,2001-09-01,243,9,3.151217359296165,2001,"{""type"":""MultiPoint"",""coordinates"":[]}"
20010902,2001-09-02,244,9,17.799539717052635,2001,"{""type"":""MultiPoint"",""coordinates"":[]}"
20010903,2001-09-03,245,9,8.542960566987047,2001,"{""type"":""MultiPoint"",""coordinates"":[]}"
20010904,2001-09-04,246,9,0.19289470195864705,2001,"{""type"":""MultiPoint"",""coordinates"":[]}"
20010905,2001-09-05,247,9,17.97754265998089,2001,"{""type"":""MultiPoint"",""coordinates"":[]}"
20010906,2001-09-06,248,9,0.0,2001,"{""type"":""MultiPoint"",""coordinates"":[]}"
20010907,2001-09-07,249,9,4.407131231759038,2001,"{""type"":""MultiPoint"",""coordinates"":[]}"
20010908,2001-09-08,250,9,11.942437147192257,2001,"{""type"":""MultiPoint"",""coordinates"":[]}"
20010909,2001-09-09,251,9,1.673177886372818,2001,"{""type"":""MultiPoint"",""coordinates"":[]}"
20010910,2001-09-10,252,9,0.0,2001,"{""type"":""MultiPoint"",""coordinates"":[]}"
20010911,2001-09-11,253,9,1.6095573189565984,2001,"{""type"":""MultiPoint"",""coordinates"":[]}"
20010912,2001-09-12,254,9,10.926492291550797,2001,"{""type"":""MultiPoint"",""coordinates"":[]}"
20010913,2001-09-13,255,9,9.442786152137579,2001,"{""type"":""MultiPoint"",""coordinates"":[]}"
20010914,2001-09-14,256,9,2.551785895224254,2001,"{""type"":""MultiPoint"",""coordinates"":[]}"
20010915,2001-09-15,257,9,0.0,2001,"{""type"":""MultiPoint"",""coordinates"":[]}"
20010916,2001-09-16,258,9,9.183218396425389,2001,"{""type"":""MultiPoint"",""coordinates"":[]}"
20010917,2001-09-17,259,9,0.2668191168798884,2001,"{""type"":""MultiPoint"",""coordinates"":[]}"
20010918,2001-09-18,260,9,4.592117709248439,2001,"{""type"":""MultiPoint"",""coordinates"":[]}"
20010919,2001-09-19,261,9,0.40800286519879225,2001,"{""type"":""MultiPoint"",""coordinates"":[]}"
20010920,2001-09-20,262,9,13.320839504979347,2001,"{""type"":""MultiPoint"",""coordinates"":[]}"
20010921,2001-09-21,263,9,0.0,2001,"{""type"":""MultiPoint"",""coordinates"":[]}"
20010922,2001-09-22,264,9,8.61890338085316,2001,"{""type"":""MultiPoint"",""coordinates"":[]}"
20010923,2001-09-23,265,9,5.554156957982578,2001,"{""type"":""MultiPoint"",""coordinates"":[]}"
20010924,2001-09-24,266,9,2.88992158024116,2001,"{""type"":""MultiPoint"",""coordinates"":[]}"
20010925,2001-09-25,267,9,0.0,2001,"{""type"":""MultiPoint"",""coordinates"":[]}"
20010926,2001-09-26,268,9,4.355602595116223,2001,"{""type"":""MultiPoint"",""coordinates"":[]}"
20010927,2001-09-27,269,9,3.1934263438228387,2001,"{""type"":""MultiPoint"",""coordinates"":[]}"
20010928,2001-09-28,270,9,0.0,2001,"{""type"":""MultiPoint"",""coordinates"":[]}"
20010929,2001-09-29,271,9,0.0,2001,"{""type"":""MultiPoint"",""coordinates"":[]}"
20010930,2001-09-30,272,9,5.016612438759867,2001,"{""type"":""MultiPoint"",""coordinates"":[]}"
20011001,2001-10-01,273,10,0.743900360790048,2001,"{""type"":""MultiPoint"",""coordinates"":[]}"
20011002,2001-10-02,274,10,0.0,2001,"{""type"":""MultiPoint"",""coordinates"":[]}"
20011003,2001-10-03,275,10,0.0,2001,"{""type"":""MultiPoint"",""coordinates"":[]}"
20011004,2001-10-04,276,10,1.248216942292106,2001,"{""type"":""MultiPoint"",""coordinates"":[]}"
20011005,2001-10-05,277,10,2.7676457565452677,2001,"{""type"":""MultiPoint"",""coordinates"":[]}"
20011006,2001-10-06,278,10,0.0,2001,"{""type"":""MultiPoint"",""coordinates"":[]}"
20011007,2001-10-07,279,10,0.0,2001,"{""type"":""MultiPoint"",""coordinates"":[]}"
20011008,2001-10-08,280,10,0.0,2001,"{""type"":""MultiPoint"",""coordinates"":[]}"
20011009,2001-10-09,281,10,0.0,2001,"{""type"":""MultiPoint"",""coordinates"":[]}"
20011010,2001-10-10,282,10,0.0,2001,"{""type"":""MultiPoint"",""coordinates"":[]}"
20011011,2001-10-11,283,10,0.0,2001,"{""type"":""MultiPoint"",""coordinates"":[]}"
20011012,2001-10-12,284,10,0.0,2001,"{""type"":""MultiPoint"",""coordinates"":[]}"
20011013,2001-10-13,285,10,0.07952146800255204,2001,"{""type"":""MultiPoint"",""coordinates"":[]}"
20011014,2001-10-14,286,10,0.0,2001,"{""type"":""MultiPoint"",""coordinates"":[]}"
20011015,2001-10-15,287,10,1.8117561769570474,2001,"{""type"":""MultiPoint"",""coordinates"":[]}"
20011016,2001-10-16,288,10,0.0,2001,"{""type"":""MultiPoint"",""coordinates"":[]}"
20011017,2001-10-17,289,10,0.12833432821642882,2001,"{""type"":""MultiPoint"",""coordinates"":[]}"
20011018,2001-10-18,290,10,0.0,2001,"{""type"":""MultiPoint"",""coordinates"":[]}"
20011019,2001-10-19,291,10,0.0,2001,"{""type"":""MultiPoint"",""coordinates"":[]}"
20011020,2001-10-20,292,10,0.0,2001,"{""type"":""MultiPoint"",""coordinates"":[]}"
20011021,2001-10-21,293,10,0.0,2001,"{""type"":""MultiPoint"",""coordinates"":[]}"
20011022,2001-10-22,294,10,0.0013021593118426964,2001,"{""type"":""MultiPoint"",""coordinates"":[]}"
20011023,2001-10-23,295,10,0.3808629206322896,2001,"{""type"":""MultiPoint"",""coordinates"":[]}"
20011024,2001-10-24,296,10,0.0,2001,"{""type"":""MultiPoint"",""coordinates"":[]}"
20011025,2001-10-25,297,10,0.0,2001,"{""type"":""MultiPoint"",""coordinates"":[]}"
20011026,2001-10-26,298,10,0.0,2001,"{""type"":""MultiPoint"",""coordinates"":[]}"
20011027,2001-10-27,299,10,0.0,2001,"{""type"":""MultiPoint"",""coordinates"":[]}"
20011028,2001-10-28,300,10,0.0,2001,"{""type"":""MultiPoint"",""coordinates"":[]}"
20011029,2001-10-29,301,10,0.0,2001,"{""type"":""MultiPoint"",""coordinates"":[]}"
20011030,2001-10-30,302,10,0.0,2001,"{""type"":""MultiPoint"",""coordinates"":[]}"
20011031,2001-10-31,303,10,0.0,2001,"{""type"":""MultiPoint"",""coordinates"":[]}"
20011101,2001-11-01,304,11,0.0,2001,"{""type"":""MultiPoint"",""coordinates"":[]}"
20011102,2001-11-02,305,11,0.0,2001,"{""type"":""MultiPoint"",""coordinates"":[]}"
20011103,2001-11-03,306,11,0.0,2001,"{""type"":""MultiPoint"",""coordinates"":[]}"
20011104,2001-11-04,307,11,0.0,2001,"{""type"":""MultiPoint"",""coordinates"":[]}"
20011105,2001-11-05,308,11,0.0,2001,"{""type"":""MultiPoint"",""coordinates"":[]}"
20011106,2001-11-06,309,11,0.0,2001,"{""type"":""MultiPoint"",""coordinates"":[]}"
20011107,2001-11-07,310,11,0.0,2001,"{""type"":""MultiPoint"",""coordinates"":[]}"
20011108,2001-11-08,311,11,0.0,2001,"{""type"":""MultiPoint"",""coordinates"":[]}"
20011109,2001-11-09,312,11,0.0,2001,"{""type"":""MultiPoint"",""coordinates"":[]}"
20011110,2001-11-10,313,11,0.0,2001,"{""type"":""MultiPoint"",""coordinates"":[]}"
20011111,2001-11-11,314,11,0.0,2001,"{""type"":""MultiPoint"",""coordinates"":[]}"
20011112,2001-11-12,315,11,0.0,2001,"{""type"":""MultiPoint"",""coordinates"":[]}"
20011113,2001-11-13,316,11,0.0,2001,"{""type"":""MultiPoint"",""coordinates"":[]}"
20011114,2001-11-14,317,11,0.0,2001,"{""type"":""MultiPoint"",""coordinates"":[]}"
20011115,2001-11-15,318,11,0.0,2001,"{""type"":""MultiPoint"",""coordinates"":[]}"
20011116,2001-11-16,319,11,0.0,2001,"{""type"":""MultiPoint"",""coordinates"":[]}"
20011117,2001-11-17,320,11,0.0,2001,"{""type"":""MultiPoint"",""coordinates"":[]}"
20011118,2001-11-18,321,11,0.0,2001,"{""type"":""MultiPoint"",""coordinates"":[]}"
20011119,2001-11-19,322,11,0.0,2001,"{""type"":""MultiPoint"",""coordinates"":[]}"
20011120,2001-11-20,323,11,0.0,2001,"{""type"":""MultiPoint"",""coordinates"":[]}"
20011121,2001-11-21,324,11,0.0,2001,"{""type"":""MultiPoint"",""coordinates"":[]}"
20011122,2001-11-22,325,11,0.0,2001,"{""type"":""MultiPoint"",""coordinates"":[]}"
20011123,2001-11-23,326,11,0.0,2001,"{""type"":""MultiPoint"",""coordinates"":[]}"
20011124,2001-11-24,327,11,0.0,2001,"{""type"":""MultiPoint"",""coordinates"":[]}"
20011125,2001-11-25,328,11,0.0,2001,"{""type"":""MultiPoint"",""coordinates"":[]}"
20011126,2001-11-26,329,11,0.0,2001,"{""type"":""MultiPoint"",""coordinates"":[]}"
20011127,2001-11-27,330,11,0.0,2001,"{""type"":""MultiPoint"",""coordinates"":[]}"
20011128,2001-11-28,331,11,0.0,2001,"{""type"":""MultiPoint"",""coordinates"":[]}"
20011129,2001-11-29,332,11,0.0,2001,"{""type"":""MultiPoint"",""coordinates"":[]}"
20011130,2001-11-30,333,11,0.0,2001,"{""type"":""MultiPoint"",""coordinates"":[]}"
20011201,2001-12-01,334,12,0.0,2001,"{""type"":""MultiPoint"",""coordinates"":[]}"
20011202,2001-12-02,335,12,0.0,2001,"{""type"":""MultiPoint"",""coordinates"":[]}"
20011203,2001-12-03,336,12,0.0,2001,"{""type"":""MultiPoint"",""coordinates"":[]}"
20011204,2001-12-04,337,12,0.0,2001,"{""type"":""MultiPoint"",""coordinates"":[]}"
20011205,2001-12-05,338,12,0.0,2001,"{""type"":""MultiPoint"",""coordinates"":[]}"
20011206,2001-12-06,339,12,0.0,2001,"{""type"":""MultiPoint"",""coordinates"":[]}"
20011207,2001-12-07,340,12,0.0,2001,"{""type"":""MultiPoint"",""coordinates"":[]}"
20011208,2001-12-08,341,12,0.00147611689236429,2001,"{""type"":""MultiPoint"",""coordinates"":[]}"
20011209,2001-12-09,342,12,0.0,2001,"{""type"":""MultiPoint"",""coordinates"":[]}"
20011210,2001-12-10,343,12,0.0,2001,"{""type"":""MultiPoint"",""coordinates"":[]}"
20011211,2001-12-11,344,12,0.0,2001,"{""type"":""MultiPoint"",""coordinates"":[]}"
20011212,2001-12-12,345,12,0.0,2001,"{""type"":""MultiPoint"",""coordinates"":[]}"
20011213,2001-12-13,346,12,0.0,2001,"{""type"":""MultiPoint"",""coordinates"":[]}"
20011214,2001-12-14,347,12,0.0,2001,"{""type"":""MultiPoint"",""coordinates"":[]}"
20011215,2001-12-15,348,12,0.0,2001,"{""type"":""MultiPoint"",""coordinates"":[]}"
20011216,2001-12-16,349,12,0.0,2001,"{""type"":""MultiPoint"",""coordinates"":[]}"
20011217,2001-12-17,350,12,0.0,2001,"{""type"":""MultiPoint"",""coordinates"":[]}"
20011218,2001-12-18,351,12,0.0,2001,"{""type"":""MultiPoint"",""coordinates"":[]}"
20011219,2001-12-19,352,12,0.0,2001,"{""type"":""MultiPoint"",""coordinates"":[]}"
20011220,2001-12-20,353,12,0.0,2001,"{""type"":""MultiPoint"",""coordinates"":[]}"
20011221,2001-12-21,354,12,0.0,2001,"{""type"":""MultiPoint"",""coordinates"":[]}"
20011222,2001-12-22,355,12,0.0,2001,"{""type"":""MultiPoint"",""coordinates"":[]}"
20011223,2001-12-23,356,12,0.0,2001,"{""type"":""MultiPoint"",""coordinates"":[]}"
20011224,2001-12-24,357,12,0.0,2001,"{""type"":""MultiPoint"",""coordinates"":[]}"
20011225,2001-12-25,358,12,0.0,2001,"{""type"":""MultiPoint"",""coordinates"":[]}"
20011226,2001-12-26,359,12,0.0,2001,"{""type"":""MultiPoint"",""coordinates"":[]}"
20011227,2001-12-27,360,12,0.0,2001,"{""type"":""MultiPoint"",""coordinates"":[]}"
20011228,2001-12-28,361,12,0.0,2001,"{""type"":""MultiPoint"",""coordinates"":[]}"
20011229,2001-12-29,362,12,0.0,2001,"{""type"":""MultiPoint"",""coordinates"":[]}"
20011230,2001-12-30,363,12,0.0,2001,"{""type"":""MultiPoint"",""coordinates"":[]}"
20011231,2001-12-31,364,12,0.0,2001,"{""type"":""MultiPoint"",""coordinates"":[]}"
20020101,2002-01-01,0,1,0.0,2002,"{""type"":""MultiPoint"",""coordinates"":[]}"
20020102,2002-01-02,1,1,0.0,2002,"{""type"":""MultiPoint"",""coordinates"":[]}"
20020103,2002-01-03,2,1,0.0,2002,"{""type"":""MultiPoint"",""coordinates"":[]}"
20020104,2002-01-04,3,1,0.0,2002,"{""type"":""MultiPoint"",""coordinates"":[]}"
20020105,2002-01-05,4,1,0.0,2002,"{""type"":""MultiPoint"",""coordinates"":[]}"
20020106,2002-01-06,5,1,0.0,2002,"{""type"":""MultiPoint"",""coordinates"":[]}"
20020107,2002-01-07,6,1,0.0,2002,"{""type"":""MultiPoint"",""coordinates"":[]}"
20020108,2002-01-08,7,1,0.0,2002,"{""type"":""MultiPoint"",""coordinates"":[]}"
20020109,2002-01-09,8,1,0.0,2002,"{""type"":""MultiPoint"",""coordinates"":[]}"
20020110,2002-01-10,9,1,0.0,2002,"{""type"":""MultiPoint"",""coordinates"":[]}"
20020111,2002-01-11,10,1,0.0,2002,"{""type"":""MultiPoint"",""coordinates"":[]}"
20020112,2002-01-12,11,1,0.0,2002,"{""type"":""MultiPoint"",""coordinates"":[]}"
20020113,2002-01-13,12,1,0.0,2002,"{""type"":""MultiPoint"",""coordinates"":[]}"
20020114,2002-01-14,13,1,0.0,2002,"{""type"":""MultiPoint"",""coordinates"":[]}"
20020115,2002-01-15,14,1,0.0,2002,"{""type"":""MultiPoint"",""coordinates"":[]}"
20020116,2002-01-16,15,1,0.0,2002,"{""type"":""MultiPoint"",""coordinates"":[]}"
20020117,2002-01-17,16,1,0.0,2002,"{""type"":""MultiPoint"",""coordinates"":[]}"
20020118,2002-01-18,17,1,0.0,2002,"{""type"":""MultiPoint"",""coordinates"":[]}"
20020119,2002-01-19,18,1,0.0,2002,"{""type"":""MultiPoint"",""coordinates"":[]}"
20020120,2002-01-20,19,1,0.0,2002,"{""type"":""MultiPoint"",""coordinates"":[]}"
20020121,2002-01-21,20,1,0.0,2002,"{""type"":""MultiPoint"",""coordinates"":[]}"
20020122,2002-01-22,21,1,0.0,2002,"{""type"":""MultiPoint"",""coordinates"":[]}"
20020123,2002-01-23,22,1,0.0,2002,"{""type"":""MultiPoint"",""coordinates"":[]}"
20020124,2002-01-24,23,1,0.0,2002,"{""type"":""MultiPoint"",""coordinates"":[]}"
20020125,2002-01-25,24,1,0.0,2002,"{""type"":""MultiPoint"",""coordinates"":[]}"
20020126,2002-01-26,25,1,0.0,2002,"{""type"":""MultiPoint"",""coordinates"":[]}"
20020127,2002-01-27,26,1,0.0,2002,"{""type"":""MultiPoint"",""coordinates"":[]}"
20020128,2002-01-28,27,1,0.0,2002,"{""type"":""MultiPoint"",""coordinates"":[]}"
20020129,2002-01-29,28,1,0.0,2002,"{""type"":""MultiPoint"",""coordinates"":[]}"
20020130,2002-01-30,29,1,0.0,2002,"{""type"":""MultiPoint"",""coordinates"":[]}"
20020131,2002-01-31,30,1,7.03343031979243E-6,2002,"{""type"":""MultiPoint"",""coordinates"":[]}"
20020201,2002-02-01,31,2,0.0,2002,"{""type"":""MultiPoint"",""coordinates"":[]}"
20020202,2002-02-02,32,2,0.0,2002,"{""type"":""MultiPoint"",""coordinates"":[]}"
20020203,2002-02-03,33,2,0.0,2002,"{""type"":""MultiPoint"",""coordinates"":[]}"
20020204,2002-02-04,34,2,0.0,2002,"{""type"":""MultiPoint"",""coordinates"":[]}"
20020205,2002-02-05,35,2,0.0,2002,"{""type"":""MultiPoint"",""coordinates"":[]}"
20020206,2002-02-06,36,2,0.0,2002,"{""type"":""MultiPoint"",""coordinates"":[]}"
20020207,2002-02-07,37,2,0.0,2002,"{""type"":""MultiPoint"",""coordinates"":[]}"
20020208,2002-02-08,38,2,0.0,2002,"{""type"":""MultiPoint"",""coordinates"":[]}"
20020209,2002-02-09,39,2,0.0,2002,"{""type"":""MultiPoint"",""coordinates"":[]}"
20020210,2002-02-10,40,2,0.0,2002,"{""type"":""MultiPoint"",""coordinates"":[]}"
20020211,2002-02-11,41,2,0.0,2002,"{""type"":""MultiPoint"",""coordinates"":[]}"
20020212,2002-02-12,42,2,0.0,2002,"{""type"":""MultiPoint"",""coordinates"":[]}"
20020213,2002-02-13,43,2,0.0,2002,"{""type"":""MultiPoint"",""coordinates"":[]}"
20020214,2002-02-14,44,2,0.0,2002,"{""type"":""MultiPoint"",""coordinates"":[]}"
20020215,2002-02-15,45,2,0.0,2002,"{""type"":""MultiPoint"",""coordinates"":[]}"
20020216,2002-02-16,46,2,0.0,2002,"{""type"":""MultiPoint"",""coordinates"":[]}"
20020217,2002-02-17,47,2,0.0,2002,"{""type"":""MultiPoint"",""coordinates"":[]}"
20020218,2002-02-18,48,2,0.0,2002,"{""type"":""MultiPoint"",""coordinates"":[]}"
20020219,2002-02-19,49,2,0.0,2002,"{""type"":""MultiPoint"",""coordinates"":[]}"
20020220,2002-02-20,50,2,0.0,2002,"{""type"":""MultiPoint"",""coordinates"":[]}"
20020221,2002-02-21,51,2,0.0,2002,"{""type"":""MultiPoint"",""coordinates"":[]}"
20020222,2002-02-22,52,2,0.0,2002,"{""type"":""MultiPoint"",""coordinates"":[]}"
20020223,2002-02-23,53,2,0.0,2002,"{""type"":""MultiPoint"",""coordinates"":[]}"
20020224,2002-02-24,54,2,0.0,2002,"{""type"":""MultiPoint"",""coordinates"":[]}"
20020225,2002-02-25,55,2,0.010558769897446935,2002,"{""type"":""MultiPoint"",""coordinates"":[]}"
20020226,2002-02-26,56,2,0.04766422533038188,2002,"{""type"":""MultiPoint"",""coordinates"":[]}"
20020227,2002-02-27,57,2,0.006484706378118558,2002,"{""type"":""MultiPoint"",""coordinates"":[]}"
20020228,2002-02-28,58,2,0.0,2002,"{""type"":""MultiPoint"",""coordinates"":[]}"
20020301,2002-03-01,59,3,0.0,2002,"{""type"":""MultiPoint"",""coordinates"":[]}"
20020302,2002-03-02,60,3,0.03662582829738581,2002,"{""type"":""MultiPoint"",""coordinates"":[]}"
20020303,2002-03-03,61,3,0.0,2002,"{""type"":""MultiPoint"",""coordinates"":[]}"
20020304,2002-03-04,62,3,0.0,2002,"{""type"":""MultiPoint"",""coordinates"":[]}"
20020305,2002-03-05,63,3,0.0,2002,"{""type"":""MultiPoint"",""coordinates"":[]}"
20020306,2002-03-06,64,3,0.0,2002,"{""type"":""MultiPoint"",""coordinates"":[]}"
20020307,2002-03-07,65,3,0.0,2002,"{""type"":""MultiPoint"",""coordinates"":[]}"
20020308,2002-03-08,66,3,0.0,2002,"{""type"":""MultiPoint"",""coordinates"":[]}"
20020309,2002-03-09,67,3,0.0,2002,"{""type"":""MultiPoint"",""coordinates"":[]}"
20020310,2002-03-10,68,3,0.0,2002,"{""type"":""MultiPoint"",""coordinates"":[]}"
20020311,2002-03-11,69,3,0.0,2002,"{""type"":""MultiPoint"",""coordinates"":[]}"
20020312,2002-03-12,70,3,0.0,2002,"{""type"":""MultiPoint"",""coordinates"":[]}"
20020313,2002-03-13,71,3,0.0,2002,"{""type"":""MultiPoint"",""coordinates"":[]}"
20020314,2002-03-14,72,3,0.0,2002,"{""type"":""MultiPoint"",""coordinates"":[]}"
20020315,2002-03-15,73,3,0.0,2002,"{""type"":""MultiPoint"",""coordinates"":[]}"
20020316,2002-03-16,74,3,0.0,2002,"{""type"":""MultiPoint"",""coordinates"":[]}"
20020317,2002-03-17,75,3,0.04922209446484274,2002,"{""type"":""MultiPoint"",""coordinates"":[]}"
20020318,2002-03-18,76,3,0.0,2002,"{""type"":""MultiPoint"",""coordinates"":[]}"
20020319,2002-03-19,77,3,0.0,2002,"{""type"":""MultiPoint"",""coordinates"":[]}"
20020320,2002-03-20,78,3,0.0,2002,"{""type"":""MultiPoint"",""coordinates"":[]}"
20020321,2002-03-21,79,3,0.0,2002,"{""type"":""MultiPoint"",""coordinates"":[]}"
20020322,2002-03-22,80,3,0.0,2002,"{""type"":""MultiPoint"",""coordinates"":[]}"
20020323,2002-03-23,81,3,0.0,2002,"{""type"":""MultiPoint"",""coordinates"":[]}"
20020324,2002-03-24,82,3,0.0,2002,"{""type"":""MultiPoint"",""coordinates"":[]}"
20020325,2002-03-25,83,3,0.0,2002,"{""type"":""MultiPoint"",""coordinates"":[]}"
20020326,2002-03-26,84,3,0.01422034796924255,2002,"{""type"":""MultiPoint"",""coordinates"":[]}"
20020327,2002-03-27,85,3,0.0,2002,"{""type"":""MultiPoint"",""coordinates"":[]}"
20020328,2002-03-28,86,3,0.0,2002,"{""type"":""MultiPoint"",""coordinates"":[]}"
20020329,2002-03-29,87,3,0.22239494198594947,2002,"{""type"":""MultiPoint"",""coordinates"":[]}"
20020330,2002-03-30,88,3,0.0,2002,"{""type"":""MultiPoint"",""coordinates"":[]}"
20020331,2002-03-31,89,3,0.0,2002,"{""type"":""MultiPoint"",""coordinates"":[]}"
20020401,2002-04-01,90,4,0.0,2002,"{""type"":""MultiPoint"",""coordinates"":[]}"
20020402,2002-04-02,91,4,0.0,2002,"{""type"":""MultiPoint"",""coordinates"":[]}"
20020403,2002-04-03,92,4,0.0,2002,"{""type"":""MultiPoint"",""coordinates"":[]}"
20020404,2002-04-04,93,4,0.0,2002,"{""type"":""MultiPoint"",""coordinates"":[]}"
20020405,2002-04-05,94,4,0.0,2002,"{""type"":""MultiPoint"",""coordinates"":[]}"
20020406,2002-04-06,95,4,0.0,2002,"{""type"":""MultiPoint"",""coordinates"":[]}"
20020407,2002-04-07,96,4,0.0,2002,"{""type"":""MultiPoint"",""coordinates"":[]}"
20020408,2002-04-08,97,4,0.0,2002,"{""type"":""MultiPoint"",""coordinates"":[]}"
20020409,2002-04-09,98,4,0.0,2002,"{""type"":""MultiPoint"",""coordinates"":[]}"
20020410,2002-04-10,99,4,1.8685170861370943,2002,"{""type"":""MultiPoint"",""coordinates"":[]}"
20020411,2002-04-11,100,4,2.171678645548478,2002,"{""type"":""MultiPoint"",""coordinates"":[]}"
20020412,2002-04-12,101,4,1.2229113886440879,2002,"{""type"":""MultiPoint"",""coordinates"":[]}"
20020413,2002-04-13,102,4,0.0,2002,"{""type"":""MultiPoint"",""coordinates"":[]}"
20020414,2002-04-14,103,4,0.37195910514876684,2002,"{""type"":""MultiPoint"",""coordinates"":[]}"
20020415,2002-04-15,104,4,0.0,2002,"{""type"":""MultiPoint"",""coordinates"":[]}"
20020416,2002-04-16,105,4,0.0,2002,"{""type"":""MultiPoint"",""coordinates"":[]}"
20020417,2002-04-17,106,4,0.0518919769360963,2002,"{""type"":""MultiPoint"",""coordinates"":[]}"
20020418,2002-04-18,107,4,1.2892724435904115,2002,"{""type"":""MultiPoint"",""coordinates"":[]}"
20020419,2002-04-19,108,4,0.0,2002,"{""type"":""MultiPoint"",""coordinates"":[]}"
20020420,2002-04-20,109,4,0.5441533874983739,2002,"{""type"":""MultiPoint"",""coordinates"":[]}"
20020421,2002-04-21,110,4,0.0,2002,"{""type"":""MultiPoint"",""coordinates"":[]}"
20020422,2002-04-22,111,4,0.0,2002,"{""type"":""MultiPoint"",""coordinates"":[]}"
20020423,2002-04-23,112,4,0.0,2002,"{""type"":""MultiPoint"",""coordinates"":[]}"
20020424,2002-04-24,113,4,0.0,2002,"{""type"":""MultiPoint"",""coordinates"":[]}"
20020425,2002-04-25,114,4,0.0,2002,"{""type"":""MultiPoint"",""coordinates"":[]}"
20020426,2002-04-26,115,4,0.2033787195836938,2002,"{""type"":""MultiPoint"",""coordinates"":[]}"
20020427,2002-04-27,116,4,0.0,2002,"{""type"":""MultiPoint"",""coordinates"":[]}"
20020428,2002-04-28,117,4,0.0,2002,"{""type"":""MultiPoint"",""coordinates"":[]}"
20020429,2002-04-29,118,4,0.0,2002,"{""type"":""MultiPoint"",""coordinates"":[]}"
20020430,2002-04-30,119,4,0.0,2002,"{""type"":""MultiPoint"",""coordinates"":[]}"
20020501,2002-05-01,120,5,0.0,2002,"{""type"":""MultiPoint"",""coordinates"":[]}"
20020502,2002-05-02,121,5,0.0,2002,"{""type"":""MultiPoint"",""coordinates"":[]}"
20020503,2002-05-03,122,5,0.06106595559553667,2002,"{""type"":""MultiPoint"",""coordinates"":[]}"
20020504,2002-05-04,123,5,0.38789268455120046,2002,"{""type"":""MultiPoint"",""coordinates"":[]}"
20020505,2002-05-05,124,5,0.0,2002,"{""type"":""MultiPoint"",""coordinates"":[]}"
20020506,2002-05-06,125,5,0.0,2002,"{""type"":""MultiPoint"",""coordinates"":[]}"
20020507,2002-05-07,126,5,0.0,2002,"{""type"":""MultiPoint"",""coordinates"":[]}"
20020508,2002-05-08,127,5,0.0,2002,"{""type"":""MultiPoint"",""coordinates"":[]}"
20020509,2002-05-09,128,5,0.0,2002,"{""type"":""MultiPoint"",""coordinates"":[]}"
20020510,2002-05-10,129,5,0.0,2002,"{""type"":""MultiPoint"",""coordinates"":[]}"
20020511,2002-05-11,130,5,0.0,2002,"{""type"":""MultiPoint"",""coordinates"":[]}"
20020512,2002-05-12,131,5,2.676989658489443,2002,"{""type"":""MultiPoint"",""coordinates"":[]}"
20020513,2002-05-13,132,5,0.0,2002,"{""type"":""MultiPoint"",""coordinates"":[]}"
20020514,2002-05-14,133,5,0.0,2002,"{""type"":""MultiPoint"",""coordinates"":[]}"
20020515,2002-05-15,134,5,0.0,2002,"{""type"":""MultiPoint"",""coordinates"":[]}"
20020516,2002-05-16,135,5,3.907570987886711,2002,"{""type"":""MultiPoint"",""coordinates"":[]}"
20020517,2002-05-17,136,5,4.9825604449737,2002,"{""type"":""MultiPoint"",""coordinates"":[]}"
20020518,2002-05-18,137,5,0.0,2002,"{""type"":""MultiPoint"",""coordinates"":[]}"
20020519,2002-05-19,138,5,0.0,2002,"{""type"":""MultiPoint"",""coordinates"":[]}"
20020520,2002-05-20,139,5,0.8960640264232693,2002,"{""type"":""MultiPoint"",""coordinates"":[]}"
20020521,2002-05-21,140,5,0.29477407134719635,2002,"{""type"":""MultiPoint"",""coordinates"":[]}"
20020522,2002-05-22,141,5,0.0,2002,"{""type"":""MultiPoint"",""coordinates"":[]}"
20020523,2002-05-23,142,5,0.0,2002,"{""type"":""MultiPoint"",""coordinates"":[]}"
20020524,2002-05-24,143,5,0.0,2002,"{""type"":""MultiPoint"",""coordinates"":[]}"
20020525,2002-05-25,144,5,0.0,2002,"{""type"":""MultiPoint"",""coordinates"":[]}"
20020526,2002-05-26,145,5,0.0,2002,"{""type"":""MultiPoint"",""coordinates"":[]}"
20020527,2002-05-27,146,5,0.026852600502245354,2002,"{""type"":""MultiPoint"",""coordinates"":[]}"
20020528,2002-05-28,147,5,5.787139079716682,2002,"{""type"":""MultiPoint"",""coordinates"":[]}"
20020529,2002-05-29,148,5,0.0,2002,"{""type"":""MultiPoint"",""coordinates"":[]}"
20020530,2002-05-30,149,5,0.0,2002,"{""type"":""MultiPoint"",""coordinates"":[]}"
20020531,2002-05-31,150,5,0.0,2002,"{""type"":""MultiPoint"",""coordinates"":[]}"
20020601,2002-06-01,151,6,8.882801428009293,2002,"{""type"":""MultiPoint"",""coordinates"":[]}"
20020602,2002-06-02,152,6,4.53985644841246,2002,"{""type"":""MultiPoint"",""coordinates"":[]}"
20020603,2002-06-03,153,6,0.06487934701299639,2002,"{""type"":""MultiPoint"",""coordinates"":[]}"
20020604,2002-06-04,154,6,0.0,2002,"{""type"":""MultiPoint"",""coordinates"":[]}"
20020605,2002-06-05,155,6,6.146144271251069,2002,"{""type"":""MultiPoint"",""coordinates"":[]}"
20020606,2002-06-06,156,6,0.04294454690181848,2002,"{""type"":""MultiPoint"",""coordinates"":[]}"
20020607,2002-06-07,157,6,2.3220967863970263,2002,"{""type"":""MultiPoint"",""coordinates"":[]}"
20020608,2002-06-08,158,6,0.0,2002,"{""type"":""MultiPoint"",""coordinates"":[]}"
20020609,2002-06-09,159,6,0.0,2002,"{""type"":""MultiPoint"",""coordinates"":[]}"
20020610,2002-06-10,160,6,16.338980307553545,2002,"{""type"":""MultiPoint"",""coordinates"":[]}"
20020611,2002-06-11,161,6,1.3021388676030068,2002,"{""type"":""MultiPoint"",""coordinates"":[]}"
20020612,2002-06-12,162,6,0.7276491351258899,2002,"{""type"":""MultiPoint"",""coordinates"":[]}"
20020613,2002-06-13,163,6,0.0,2002,"{""type"":""MultiPoint"",""coordinates"":[]}"
20020614,2002-06-14,164,6,1.3499666744233307,2002,"{""type"":""MultiPoint"",""coordinates"":[]}"
20020615,2002-06-15,165,6,3.547667695357318,2002,"{""type"":""MultiPoint"",""coordinates"":[]}"
20020616,2002-06-16,166,6,0.0738083328863587,2002,"{""type"":""MultiPoint"",""coordinates"":[]}"
20020617,2002-06-17,167,6,1.7677102567748657,2002,"{""type"":""MultiPoint"",""coordinates"":[]}"
20020618,2002-06-18,168,6,0.023595896634188564,2002,"{""type"":""MultiPoint"",""coordinates"":[]}"
20020619,2002-06-19,169,6,7.132025884859489,2002,"{""type"":""MultiPoint"",""coordinates"":[]}"
20020620,2002-06-20,170,6,0.09454442161360598,2002,"{""type"":""MultiPoint"",""coordinates"":[]}"
20020621,2002-06-21,171,6,1.2927618469193705,2002,"{""type"":""MultiPoint"",""coordinates"":[]}"
20020622,2002-06-22,172,6,5.45723098730139,2002,"{""type"":""MultiPoint"",""coordinates"":[]}"
20020623,2002-06-23,173,6,0.4054216476307455,2002,"{""type"":""MultiPoint"",""coordinates"":[]}"
20020624,2002-06-24,174,6,12.281520661232989,2002,"{""type"":""MultiPoint"",""coordinates"":[]}"
20020625,2002-06-25,175,6,0.371859514399268,2002,"{""type"":""MultiPoint"",""coordinates"":[]}"
20020626,2002-06-26,176,6,2.563608878507405,2002,"{""type"":""MultiPoint"",""coordinates"":[]}"
20020627,2002-06-27,177,6,1.0907876838148407,2002,"{""type"":""MultiPoint"",""coordinates"":[]}"
20020628,2002-06-28,178,6,1.1773680855812803,2002,"{""type"":""MultiPoint"",""coordinates"":[]}"
20020629,2002-06-29,179,6,0.0,2002,"{""type"":""MultiPoint"",""coordinates"":[]}"
20020630,2002-06-30,180,6,0.0,2002,"{""type"":""MultiPoint"",""coordinates"":[]}"
20020701,2002-07-01,181,7,3.967279236301098,2002,"{""type"":""MultiPoint"",""coordinates"":[]}"
20020702,2002-07-02,182,7,0.7953385398231607,2002,"{""type"":""MultiPoint"",""coordinates"":[]}"
20020703,2002-07-03,183,7,0.0,2002,"{""type"":""MultiPoint"",""coordinates"":[]}"
20020704,2002-07-04,184,7,2.264476105302224,2002,"{""type"":""MultiPoint"",""coordinates"":[]}"
20020705,2002-07-05,185,7,4.221487304058895,2002,"{""type"":""MultiPoint"",""coordinates"":[]}"
20020706,2002-07-06,186,7,0.0,2002,"{""type"":""MultiPoint"",""coordinates"":[]}"
20020707,2002-07-07,187,7,0.48865718713111744,2002,"{""type"":""MultiPoint"",""coordinates"":[]}"
20020708,2002-07-08,188,7,0.0,2002,"{""type"":""MultiPoint"",""coordinates"":[]}"
20020709,2002-07-09,189,7,7.1354187900983685,2002,"{""type"":""MultiPoint"",""coordinates"":[]}"
20020710,2002-07-10,190,7,5.070746655085459,2002,"{""type"":""MultiPoint"",""coordinates"":[]}"
20020711,2002-07-11,191,7,7.147131184819523,2002,"{""type"":""MultiPoint"",""coordinates"":[]}"
20020712,2002-07-12,192,7,0.02980488237708506,2002,"{""type"":""MultiPoint"",""coordinates"":[]}"
20020713,2002-07-13,193,7,13.764060279973119,2002,"{""type"":""MultiPoint"",""coordinates"":[]}"
20020714,2002-07-14,194,7,0.0,2002,"{""type"":""MultiPoint"",""coordinates"":[]}"
20020715,2002-07-15,195,7,2.3349361271403946,2002,"{""type"":""MultiPoint"",""coordinates"":[]}"
20020716,2002-07-16,196,7,19.350344397049422,2002,"{""type"":""MultiPoint"",""coordinates"":[]}"
20020717,2002-07-17,197,7,0.0,2002,"{""type"":""MultiPoint"",""coordinates"":[]}"
20020718,2002-07-18,198,7,0.0,2002,"{""type"":""MultiPoint"",""coordinates"":[]}"
20020719,2002-07-19,199,7,11.714696446511503,2002,"{""type"":""MultiPoint"",""coordinates"":[]}"
20020720,2002-07-20,200,7,0.0,2002,"{""type"":""MultiPoint"",""coordinates"":[]}"
20020721,2002-07-21,201,7,1.2526882224140556,2002,"{""type"":""MultiPoint"",""coordinates"":[]}"
20020722,2002-07-22,202,7,0.0011444918163508843,2002,"{""type"":""MultiPoint"",""coordinates"":[]}"
20020723,2002-07-23,203,7,0.0,2002,"{""type"":""MultiPoint"",""coordinates"":[]}"
20020724,2002-07-24,204,7,7.888928162978412,2002,"{""type"":""MultiPoint"",""coordinates"":[]}"
20020725,2002-07-25,205,7,5.69964007222551,2002,"{""type"":""MultiPoint"",""coordinates"":[]}"
20020726,2002-07-26,206,7,7.320266517182816,2002,"{""type"":""MultiPoint"",""coordinates"":[]}"
20020727,2002-07-27,207,7,6.516218699283189,2002,"{""type"":""MultiPoint"",""coordinates"":[]}"
20020728,2002-07-28,208,7,2.5000981808558715,2002,"{""type"":""MultiPoint"",""coordinates"":[]}"
20020729,2002-07-29,209,7,10.73228452455457,2002,"{""type"":""MultiPoint"",""coordinates"":[]}"
20020730,2002-07-30,210,7,13.175342379147096,2002,"{""type"":""MultiPoint"",""coordinates"":[]}"
20020731,2002-07-31,211,7,0.4085747405641692,2002,"{""type"":""MultiPoint"",""coordinates"":[]}"
20020801,2002-08-01,212,8,19.792915066767975,2002,"{""type"":""MultiPoint"",""coordinates"":[]}"
20020802,2002-08-02,213,8,0.0,2002,"{""type"":""MultiPoint"",""coordinates"":[]}"
20020803,2002-08-03,214,8,9.991523388046444,2002,"{""type"":""MultiPoint"",""coordinates"":[]}"
20020804,2002-08-04,215,8,7.976160178446114,2002,"{""type"":""MultiPoint"",""coordinates"":[]}"
20020805,2002-08-05,216,8,8.82202328226547,2002,"{""type"":""MultiPoint"",""coordinates"":[]}"
20020806,2002-08-06,217,8,2.818794024772138,2002,"{""type"":""MultiPoint"",""coordinates"":[]}"
20020807,2002-08-07,218,8,0.6668587167278613,2002,"{""type"":""MultiPoint"",""coordinates"":[]}"
20020808,2002-08-08,219,8,4.5854052349373156,2002,"{""type"":""MultiPoint"",""coordinates"":[]}"
20020809,2002-08-09,220,8,0.0,2002,"{""type"":""MultiPoint"",""coordinates"":[]}"
20020810,2002-08-10,221,8,13.582889740290936,2002,"{""type"":""MultiPoint"",""coordinates"":[]}"
20020811,2002-08-11,222,8,8.18267827431597,2002,"{""type"":""MultiPoint"",""coordinates"":[]}"
20020812,2002-08-12,223,8,6.092808037234856,2002,"{""type"":""MultiPoint"",""coordinates"":[]}"
20020813,2002-08-13,224,8,0.0,2002,"{""type"":""MultiPoint"",""coordinates"":[]}"
20020814,2002-08-14,225,8,0.0,2002,"{""type"":""MultiPoint"",""coordinates"":[]}"
20020815,2002-08-15,226,8,19.338819503406413,2002,"{""type"":""MultiPoint"",""coordinates"":[]}"
20020816,2002-08-16,227,8,9.808731589182269,2002,"{""type"":""MultiPoint"",""coordinates"":[]}"
20020817,2002-08-17,228,8,5.033687848906916,2002,"{""type"":""MultiPoint"",""coordinates"":[]}"
20020818,2002-08-18,229,8,0.0,2002,"{""type"":""MultiPoint"",""coordinates"":[]}"
20020819,2002-08-19,230,8,2.588123405114286,2002,"{""type"":""MultiPoint"",""coordinates"":[]}"
20020820,2002-08-20,231,8,35.931667829178465,2002,"{""type"":""MultiPoint"",""coordinates"":[]}"
20020821,2002-08-21,232,8,0.0,2002,"{""type"":""MultiPoint"",""coordinates"":[]}"
20020822,2002-08-22,233,8,13.170809032563339,2002,"{""type"":""MultiPoint"",""coordinates"":[]}"
20020823,2002-08-23,234,8,0.0,2002,"{""type"":""MultiPoint"",""coordinates"":[]}"
20020824,2002-08-24,235,8,18.924617311368483,2002,"{""type"":""MultiPoint"",""coordinates"":[]}"
20020825,2002-08-25,236,8,0.0,2002,"{""type"":""MultiPoint"",""coordinates"":[]}"
20020826,2002-08-26,237,8,0.0436831380051182,2002,"{""type"":""MultiPoint"",""coordinates"":[]}"
20020827,2002-08-27,238,8,14.489566601250617,2002,"{""type"":""MultiPoint"",""coordinates"":[]}"
20020828,2002-08-28,239,8,6.827403537163193,2002,"{""type"":""MultiPoint"",""coordinates"":[]}"
20020829,2002-08-29,240,8,4.522178232752467,2002,"{""type"":""MultiPoint"",""coordinates"":[]}"
20020830,2002-08-30,241,8,8.745374534691553,2002,"{""type"":""MultiPoint"",""coordinates"":[]}"
20020831,2002-08-31,242,8,0.0,2002,"{""type"":""MultiPoint"",""coordinates"":[]}"
20020901,2002-09-01,243,9,0.10703840641060261,2002,"{""type"":""MultiPoint"",""coordinates"":[]}"
20020902,2002-09-02,244,9,5.735753420155267,2002,"{""type"":""MultiPoint"",""coordinates"":[]}"
20020903,2002-09-03,245,9,0.3410460081967441,2002,"{""type"":""MultiPoint"",""coordinates"":[]}"
20020904,2002-09-04,246,9,6.1362874732675765,2002,"{""type"":""MultiPoint"",""coordinates"":[]}"
20020905,2002-09-05,247,9,8.916707981315126,2002,"{""type"":""MultiPoint"",""coordinates"":[]}"
20020906,2002-09-06,248,9,0.0,2002,"{""type"":""MultiPoint"",""coordinates"":[]}"
20020907,2002-09-07,249,9,6.105670912805513,2002,"{""type"":""MultiPoint"",""coordinates"":[]}"
20020908,2002-09-08,250,9,7.858710534786512,2002,"{""type"":""MultiPoint"",""coordinates"":[]}"
20020909,2002-09-09,251,9,2.7812691125380535,2002,"{""type"":""MultiPoint"",""coordinates"":[]}"
20020910,2002-09-10,252,9,11.227561811523454,2002,"{""type"":""MultiPoint"",""coordinates"":[]}"
20020911,2002-09-11,253,9,1.2633867348791656,2002,"{""type"":""MultiPoint"",""coordinates"":[]}"
20020912,2002-09-12,254,9,8.291389391100697,2002,"{""type"":""MultiPoint"",""coordinates"":[]}"
20020913,2002-09-13,255,9,4.772087867058345,2002,"{""type"":""MultiPoint"",""coordinates"":[]}"
20020914,2002-09-14,256,9,8.087757219864981,2002,"{""type"":""MultiPoint"",""coordinates"":[]}"
20020915,2002-09-15,257,9,1.80604829876039,2002,"{""type"":""MultiPoint"",""coordinates"":[]}"
20020916,2002-09-16,258,9,0.0,2002,"{""type"":""MultiPoint"",""coordinates"":[]}"
20020917,2002-09-17,259,9,0.0,2002,"{""type"":""MultiPoint"",""coordinates"":[]}"
20020918,2002-09-18,260,9,0.0,2002,"{""type"":""MultiPoint"",""coordinates"":[]}"
20020919,2002-09-19,261,9,5.555769314598767,2002,"{""type"":""MultiPoint"",""coordinates"":[]}"
20020920,2002-09-20,262,9,0.0,2002,"{""type"":""MultiPoint"",""coordinates"":[]}"
20020921,2002-09-21,263,9,2.0434796084364137,2002,"{""type"":""MultiPoint"",""coordinates"":[]}"
20020922,2002-09-22,264,9,0.0,2002,"{""type"":""MultiPoint"",""coordinates"":[]}"
20020923,2002-09-23,265,9,9.589161044797182,2002,"{""type"":""MultiPoint"",""coordinates"":[]}"
20020924,2002-09-24,266,9,0.0,2002,"{""type"":""MultiPoint"",""coordinates"":[]}"
20020925,2002-09-25,267,9,0.0,2002,"{""type"":""MultiPoint"",""coordinates"":[]}"
20020926,2002-09-26,268,9,0.0,2002,"{""type"":""MultiPoint"",""coordinates"":[]}"
20020927,2002-09-27,269,9,1.1107859661801542,2002,"{""type"":""MultiPoint"",""coordinates"":[]}"
20020928,2002-09-28,270,9,1.8763135276848457,2002,"{""type"":""MultiPoint"",""coordinates"":[]}"
20020929,2002-09-29,271,9,0.6373873404593343,2002,"{""type"":""MultiPoint"",""coordinates"":[]}"
20020930,2002-09-30,272,9,3.449439502513203,2002,"{""type"":""MultiPoint"",""coordinates"":[]}"
20021001,2002-10-01,273,10,4.733510352049897,2002,"{""type"":""MultiPoint"",""coordinates"":[]}"
20021002,2002-10-02,274,10,0.0,2002,"{""type"":""MultiPoint"",""coordinates"":[]}"
20021003,2002-10-03,275,10,0.08966390100604923,2002,"{""type"":""MultiPoint"",""coordinates"":[]}"
20021004,2002-10-04,276,10,2.26745085270954,2002,"{""type"":""MultiPoint"",""coordinates"":[]}"
20021005,2002-10-05,277,10,0.0,2002,"{""type"":""MultiPoint"",""coordinates"":[]}"
20021006,2002-10-06,278,10,1.4365747002569327,2002,"{""type"":""MultiPoint"",""coordinates"":[]}"
20021007,2002-10-07,279,10,0.07966756625892289,2002,"{""type"":""MultiPoint"",""coordinates"":[]}"
20021008,2002-10-08,280,10,1.7427838565477363,2002,"{""type"":""MultiPoint"",""coordinates"":[]}"
20021009,2002-10-09,281,10,0.01224446920008441,2002,"{""type"":""MultiPoint"",""coordinates"":[]}"
20021010,2002-10-10,282,10,0.010752162028596197,2002,"{""type"":""MultiPoint"",""coordinates"":[]}"
20021011,2002-10-11,283,10,0.01133205553497931,2002,"{""type"":""MultiPoint"",""coordinates"":[]}"
20021012,2002-10-12,284,10,0.5856496559130978,2002,"{""type"":""MultiPoint"",""coordinates"":[]}"
20021013,2002-10-13,285,10,0.022269073890728346,2002,"{""type"":""MultiPoint"",""coordinates"":[]}"
20021014,2002-10-14,286,10,3.472094805695369,2002,"{""type"":""MultiPoint"",""coordinates"":[]}"
20021015,2002-10-15,287,10,0.40306690623911806,2002,"{""type"":""MultiPoint"",""coordinates"":[]}"
20021016,2002-10-16,288,10,4.728942809139863,2002,"{""type"":""MultiPoint"",""coordinates"":[]}"
20021017,2002-10-17,289,10,1.494249416497892,2002,"{""type"":""MultiPoint"",""coordinates"":[]}"
20021018,2002-10-18,290,10,0.0,2002,"{""type"":""MultiPoint"",""coordinates"":[]}"
20021019,2002-10-19,291,10,0.0,2002,"{""type"":""MultiPoint"",""coordinates"":[]}"
20021020,2002-10-20,292,10,0.0,2002,"{""type"":""MultiPoint"",""coordinates"":[]}"
20021021,2002-10-21,293,10,0.4778787776677295,2002,"{""type"":""MultiPoint"",""coordinates"":[]}"
20021022,2002-10-22,294,10,0.0,2002,"{""type"":""MultiPoint"",""coordinates"":[]}"
20021023,2002-10-23,295,10,0.0,2002,"{""type"":""MultiPoint"",""coordinates"":[]}"
20021024,2002-10-24,296,10,0.1965937292275983,2002,"{""type"":""MultiPoint"",""coordinates"":[]}"
20021025,2002-10-25,297,10,0.0,2002,"{""type"":""MultiPoint"",""coordinates"":[]}"
20021026,2002-10-26,298,10,0.0,2002,"{""type"":""MultiPoint"",""coordinates"":[]}"
20021027,2002-10-27,299,10,0.0,2002,"{""type"":""MultiPoint"",""coordinates"":[]}"
20021028,2002-10-28,300,10,0.004234116380581598,2002,"{""type"":""MultiPoint"",""coordinates"":[]}"
20021029,2002-10-29,301,10,0.05157126088169783,2002,"{""type"":""MultiPoint"",""coordinates"":[]}"
20021030,2002-10-30,302,10,0.0,2002,"{""type"":""MultiPoint"",""coordinates"":[]}"
20021031,2002-10-31,303,10,0.0,2002,"{""type"":""MultiPoint"",""coordinates"":[]}"
20021101,2002-11-01,304,11,0.0,2002,"{""type"":""MultiPoint"",""coordinates"":[]}"
20021102,2002-11-02,305,11,0.0,2002,"{""type"":""MultiPoint"",""coordinates"":[]}"
20021103,2002-11-03,306,11,0.12626477923103313,2002,"{""type"":""MultiPoint"",""coordinates"":[]}"
20021104,2002-11-04,307,11,0.0,2002,"{""type"":""MultiPoint"",""coordinates"":[]}"
20021105,2002-11-05,308,11,0.0,2002,"{""type"":""MultiPoint"",""coordinates"":[]}"
20021106,2002-11-06,309,11,0.0,2002,"{""type"":""MultiPoint"",""coordinates"":[]}"
20021107,2002-11-07,310,11,0.0,2002,"{""type"":""MultiPoint"",""coordinates"":[]}"
20021108,2002-11-08,311,11,0.0,2002,"{""type"":""MultiPoint"",""coordinates"":[]}"
20021109,2002-11-09,312,11,0.0,2002,"{""type"":""MultiPoint"",""coordinates"":[]}"
20021110,2002-11-10,313,11,0.0,2002,"{""type"":""MultiPoint"",""coordinates"":[]}"
20021111,2002-11-11,314,11,0.0,2002,"{""type"":""MultiPoint"",""coordinates"":[]}"
20021112,2002-11-12,315,11,0.0,2002,"{""type"":""MultiPoint"",""coordinates"":[]}"
20021113,2002-11-13,316,11,0.0,2002,"{""type"":""MultiPoint"",""coordinates"":[]}"
20021114,2002-11-14,317,11,0.0,2002,"{""type"":""MultiPoint"",""coordinates"":[]}"
20021115,2002-11-15,318,11,0.0,2002,"{""type"":""MultiPoint"",""coordinates"":[]}"
20021116,2002-11-16,319,11,0.0,2002,"{""type"":""MultiPoint"",""coordinates"":[]}"
20021117,2002-11-17,320,11,0.0,2002,"{""type"":""MultiPoint"",""coordinates"":[]}"
20021118,2002-11-18,321,11,0.0,2002,"{""type"":""MultiPoint"",""coordinates"":[]}"
20021119,2002-11-19,322,11,0.0,2002,"{""type"":""MultiPoint"",""coordinates"":[]}"
20021120,2002-11-20,323,11,0.0,2002,"{""type"":""MultiPoint"",""coordinates"":[]}"
20021121,2002-11-21,324,11,0.0,2002,"{""type"":""MultiPoint"",""coordinates"":[]}"
20021122,2002-11-22,325,11,0.0,2002,"{""type"":""MultiPoint"",""coordinates"":[]}"
20021123,2002-11-23,326,11,0.0,2002,"{""type"":""MultiPoint"",""coordinates"":[]}"
20021124,2002-11-24,327,11,0.0,2002,"{""type"":""MultiPoint"",""coordinates"":[]}"
20021125,2002-11-25,328,11,0.0,2002,"{""type"":""MultiPoint"",""coordinates"":[]}"
20021126,2002-11-26,329,11,0.0,2002,"{""type"":""MultiPoint"",""coordinates"":[]}"
20021127,2002-11-27,330,11,0.0,2002,"{""type"":""MultiPoint"",""coordinates"":[]}"
20021128,2002-11-28,331,11,0.0,2002,"{""type"":""MultiPoint"",""coordinates"":[]}"
20021129,2002-11-29,332,11,0.0,2002,"{""type"":""MultiPoint"",""coordinates"":[]}"
20021130,2002-11-30,333,11,0.0,2002,"{""type"":""MultiPoint"",""coordinates"":[]}"
20021201,2002-12-01,334,12,0.0,2002,"{""type"":""MultiPoint"",""coordinates"":[]}"
20021202,2002-12-02,335,12,0.0,2002,"{""type"":""MultiPoint"",""coordinates"":[]}"
20021203,2002-12-03,336,12,0.0,2002,"{""type"":""MultiPoint"",""coordinates"":[]}"
20021204,2002-12-04,337,12,0.0,2002,"{""type"":""MultiPoint"",""coordinates"":[]}"
20021205,2002-12-05,338,12,0.0,2002,"{""type"":""MultiPoint"",""coordinates"":[]}"
20021206,2002-12-06,339,12,0.0,2002,"{""type"":""MultiPoint"",""coordinates"":[]}"
20021207,2002-12-07,340,12,0.00568775544752813,2002,"{""type"":""MultiPoint"",""coordinates"":[]}"
20021208,2002-12-08,341,12,0.0,2002,"{""type"":""MultiPoint"",""coordinates"":[]}"
20021209,2002-12-09,342,12,0.0,2002,"{""type"":""MultiPoint"",""coordinates"":[]}"
20021210,2002-12-10,343,12,0.0,2002,"{""type"":""MultiPoint"",""coordinates"":[]}"
20021211,2002-12-11,344,12,0.0,2002,"{""type"":""MultiPoint"",""coordinates"":[]}"
20021212,2002-12-12,345,12,0.0,2002,"{""type"":""MultiPoint"",""coordinates"":[]}"
20021213,2002-12-13,346,12,0.0,2002,"{""type"":""MultiPoint"",""coordinates"":[]}"
20021214,2002-12-14,347,12,0.0,2002,"{""type"":""MultiPoint"",""coordinates"":[]}"
20021215,2002-12-15,348,12,0.0,2002,"{""type"":""MultiPoint"",""coordinates"":[]}"
20021216,2002-12-16,349,12,0.0,2002,"{""type"":""MultiPoint"",""coordinates"":[]}"
20021217,2002-12-17,350,12,0.0,2002,"{""type"":""MultiPoint"",""coordinates"":[]}"
20021218,2002-12-18,351,12,0.0,2002,"{""type"":""MultiPoint"",""coordinates"":[]}"
20021219,2002-12-19,352,12,0.0,2002,"{""type"":""MultiPoint"",""coordinates"":[]}"
20021220,2002-12-20,353,12,0.0,2002,"{""type"":""MultiPoint"",""coordinates"":[]}"
20021221,2002-12-21,354,12,0.0,2002,"{""type"":""MultiPoint"",""coordinates"":[]}"
20021222,2002-12-22,355,12,0.0,2002,"{""type"":""MultiPoint"",""coordinates"":[]}"
20021223,2002-12-23,356,12,0.0,2002,"{""type"":""MultiPoint"",""coordinates"":[]}"
20021224,2002-12-24,357,12,0.0,2002,"{""type"":""MultiPoint"",""coordinates"":[]}"
20021225,2002-12-25,358,12,0.0,2002,"{""type"":""MultiPoint"",""coordinates"":[]}"
20021226,2002-12-26,359,12,0.0,2002,"{""type"":""MultiPoint"",""coordinates"":[]}"
20021227,2002-12-27,360,12,0.0,2002,"{""type"":""MultiPoint"",""coordinates"":[]}"
20021228,2002-12-28,361,12,0.0,2002,"{""type"":""MultiPoint"",""coordinates"":[]}"
20021229,2002-12-29,362,12,0.0,2002,"{""type"":""MultiPoint"",""coordinates"":[]}"
20021230,2002-12-30,363,12,0.0,2002,"{""type"":""MultiPoint"",""coordinates"":[]}"
20021231,2002-12-31,364,12,0.0,2002,"{""type"":""MultiPoint"",""coordinates"":[]}"
20030101,2003-01-01,0,1,0.0,2003,"{""type"":""MultiPoint"",""coordinates"":[]}"
20030102,2003-01-02,1,1,0.0,2003,"{""type"":""MultiPoint"",""coordinates"":[]}"
20030103,2003-01-03,2,1,0.0,2003,"{""type"":""MultiPoint"",""coordinates"":[]}"
20030104,2003-01-04,3,1,0.0,2003,"{""type"":""MultiPoint"",""coordinates"":[]}"
20030105,2003-01-05,4,1,0.0,2003,"{""type"":""MultiPoint"",""coordinates"":[]}"
20030106,2003-01-06,5,1,0.0,2003,"{""type"":""MultiPoint"",""coordinates"":[]}"
20030107,2003-01-07,6,1,0.0,2003,"{""type"":""MultiPoint"",""coordinates"":[]}"
20030108,2003-01-08,7,1,0.0,2003,"{""type"":""MultiPoint"",""coordinates"":[]}"
20030109,2003-01-09,8,1,0.0,2003,"{""type"":""MultiPoint"",""coordinates"":[]}"
20030110,2003-01-10,9,1,0.0,2003,"{""type"":""MultiPoint"",""coordinates"":[]}"
20030111,2003-01-11,10,1,0.0,2003,"{""type"":""MultiPoint"",""coordinates"":[]}"
20030112,2003-01-12,11,1,0.0,2003,"{""type"":""MultiPoint"",""coordinates"":[]}"
20030113,2003-01-13,12,1,0.0,2003,"{""type"":""MultiPoint"",""coordinates"":[]}"
20030114,2003-01-14,13,1,0.0,2003,"{""type"":""MultiPoint"",""coordinates"":[]}"
20030115,2003-01-15,14,1,0.0,2003,"{""type"":""MultiPoint"",""coordinates"":[]}"
20030116,2003-01-16,15,1,0.0,2003,"{""type"":""MultiPoint"",""coordinates"":[]}"
20030117,2003-01-17,16,1,0.0,2003,"{""type"":""MultiPoint"",""coordinates"":[]}"
20030118,2003-01-18,17,1,0.0,2003,"{""type"":""MultiPoint"",""coordinates"":[]}"
20030119,2003-01-19,18,1,0.0,2003,"{""type"":""MultiPoint"",""coordinates"":[]}"
20030120,2003-01-20,19,1,0.0,2003,"{""type"":""MultiPoint"",""coordinates"":[]}"
20030121,2003-01-21,20,1,0.0,2003,"{""type"":""MultiPoint"",""coordinates"":[]}"
20030122,2003-01-22,21,1,0.0,2003,"{""type"":""MultiPoint"",""coordinates"":[]}"
20030123,2003-01-23,22,1,0.0,2003,"{""type"":""MultiPoint"",""coordinates"":[]}"
20030124,2003-01-24,23,1,0.0,2003,"{""type"":""MultiPoint"",""coordinates"":[]}"
20030125,2003-01-25,24,1,0.0,2003,"{""type"":""MultiPoint"",""coordinates"":[]}"
20030126,2003-01-26,25,1,0.0,2003,"{""type"":""MultiPoint"",""coordinates"":[]}"
20030127,2003-01-27,26,1,0.0,2003,"{""type"":""MultiPoint"",""coordinates"":[]}"
20030128,2003-01-28,27,1,0.0,2003,"{""type"":""MultiPoint"",""coordinates"":[]}"
20030129,2003-01-29,28,1,0.0,2003,"{""type"":""MultiPoint"",""coordinates"":[]}"
20030130,2003-01-30,29,1,0.0,2003,"{""type"":""MultiPoint"",""coordinates"":[]}"
20030131,2003-01-31,30,1,0.0,2003,"{""type"":""MultiPoint"",""coordinates"":[]}"
20030201,2003-02-01,31,2,0.0,2003,"{""type"":""MultiPoint"",""coordinates"":[]}"
20030202,2003-02-02,32,2,0.0,2003,"{""type"":""MultiPoint"",""coordinates"":[]}"
20030203,2003-02-03,33,2,0.0,2003,"{""type"":""MultiPoint"",""coordinates"":[]}"
20030204,2003-02-04,34,2,0.0,2003,"{""type"":""MultiPoint"",""coordinates"":[]}"
20030205,2003-02-05,35,2,0.0,2003,"{""type"":""MultiPoint"",""coordinates"":[]}"
20030206,2003-02-06,36,2,0.0,2003,"{""type"":""MultiPoint"",""coordinates"":[]}"
20030207,2003-02-07,37,2,0.0,2003,"{""type"":""MultiPoint"",""coordinates"":[]}"
20030208,2003-02-08,38,2,0.0,2003,"{""type"":""MultiPoint"",""coordinates"":[]}"
20030209,2003-02-09,39,2,0.0,2003,"{""type"":""MultiPoint"",""coordinates"":[]}"
20030210,2003-02-10,40,2,0.0,2003,"{""type"":""MultiPoint"",""coordinates"":[]}"
20030211,2003-02-11,41,2,0.0,2003,"{""type"":""MultiPoint"",""coordinates"":[]}"
20030212,2003-02-12,42,2,0.0,2003,"{""type"":""MultiPoint"",""coordinates"":[]}"
20030213,2003-02-13,43,2,0.0,2003,"{""type"":""MultiPoint"",""coordinates"":[]}"
20030214,2003-02-14,44,2,0.0,2003,"{""type"":""MultiPoint"",""coordinates"":[]}"
20030215,2003-02-15,45,2,0.0,2003,"{""type"":""MultiPoint"",""coordinates"":[]}"
20030216,2003-02-16,46,2,1.6668596640480088E-7,2003,"{""type"":""MultiPoint"",""coordinates"":[]}"
20030217,2003-02-17,47,2,0.0,2003,"{""type"":""MultiPoint"",""coordinates"":[]}"
20030218,2003-02-18,48,2,1.8414747186029462E-5,2003,"{""type"":""MultiPoint"",""coordinates"":[]}"
20030219,2003-02-19,49,2,0.0,2003,"{""type"":""MultiPoint"",""coordinates"":[]}"
20030220,2003-02-20,50,2,0.0,2003,"{""type"":""MultiPoint"",""coordinates"":[]}"
20030221,2003-02-21,51,2,0.0,2003,"{""type"":""MultiPoint"",""coordinates"":[]}"
20030222,2003-02-22,52,2,0.0,2003,"{""type"":""MultiPoint"",""coordinates"":[]}"
20030223,2003-02-23,53,2,0.0,2003,"{""type"":""MultiPoint"",""coordinates"":[]}"
20030224,2003-02-24,54,2,0.0,2003,"{""type"":""MultiPoint"",""coordinates"":[]}"
20030225,2003-02-25,55,2,0.0,2003,"{""type"":""MultiPoint"",""coordinates"":[]}"
20030226,2003-02-26,56,2,0.0,2003,"{""type"":""MultiPoint"",""coordinates"":[]}"
20030227,2003-02-27,57,2,0.012163358483929094,2003,"{""type"":""MultiPoint"",""coordinates"":[]}"
20030228,2003-02-28,58,2,0.0,2003,"{""type"":""MultiPoint"",""coordinates"":[]}"
20030301,2003-03-01,59,3,0.0,2003,"{""type"":""MultiPoint"",""coordinates"":[]}"
20030302,2003-03-02,60,3,0.008503323986565232,2003,"{""type"":""MultiPoint"",""coordinates"":[]}"
20030303,2003-03-03,61,3,0.0,2003,"{""type"":""MultiPoint"",""coordinates"":[]}"
20030304,2003-03-04,62,3,0.0,2003,"{""type"":""MultiPoint"",""coordinates"":[]}"
20030305,2003-03-05,63,3,0.0,2003,"{""type"":""MultiPoint"",""coordinates"":[]}"
20030306,2003-03-06,64,3,0.0,2003,"{""type"":""MultiPoint"",""coordinates"":[]}"
20030307,2003-03-07,65,3,0.0,2003,"{""type"":""MultiPoint"",""coordinates"":[]}"
20030308,2003-03-08,66,3,0.0,2003,"{""type"":""MultiPoint"",""coordinates"":[]}"
20030309,2003-03-09,67,3,0.0,2003,"{""type"":""MultiPoint"",""coordinates"":[]}"
20030310,2003-03-10,68,3,0.0,2003,"{""type"":""MultiPoint"",""coordinates"":[]}"
20030311,2003-03-11,69,3,0.0,2003,"{""type"":""MultiPoint"",""coordinates"":[]}"
20030312,2003-03-12,70,3,0.0,2003,"{""type"":""MultiPoint"",""coordinates"":[]}"
20030313,2003-03-13,71,3,9.602246059713139E-4,2003,"{""type"":""MultiPoint"",""coordinates"":[]}"
20030314,2003-03-14,72,3,0.0,2003,"{""type"":""MultiPoint"",""coordinates"":[]}"
20030315,2003-03-15,73,3,0.0,2003,"{""type"":""MultiPoint"",""coordinates"":[]}"
20030316,2003-03-16,74,3,0.0,2003,"{""type"":""MultiPoint"",""coordinates"":[]}"
20030317,2003-03-17,75,3,0.0,2003,"{""type"":""MultiPoint"",""coordinates"":[]}"
20030318,2003-03-18,76,3,0.0,2003,"{""type"":""MultiPoint"",""coordinates"":[]}"
20030319,2003-03-19,77,3,0.0,2003,"{""type"":""MultiPoint"",""coordinates"":[]}"
20030320,2003-03-20,78,3,0.0,2003,"{""type"":""MultiPoint"",""coordinates"":[]}"
20030321,2003-03-21,79,3,0.0,2003,"{""type"":""MultiPoint"",""coordinates"":[]}"
20030322,2003-03-22,80,3,0.0,2003,"{""type"":""MultiPoint"",""coordinates"":[]}"
20030323,2003-03-23,81,3,0.0,2003,"{""type"":""MultiPoint"",""coordinates"":[]}"
20030324,2003-03-24,82,3,0.0,2003,"{""type"":""MultiPoint"",""coordinates"":[]}"
20030325,2003-03-25,83,3,0.0,2003,"{""type"":""MultiPoint"",""coordinates"":[]}"
20030326,2003-03-26,84,3,0.0,2003,"{""type"":""MultiPoint"",""coordinates"":[]}"
20030327,2003-03-27,85,3,0.0,2003,"{""type"":""MultiPoint"",""coordinates"":[]}"
20030328,2003-03-28,86,3,0.09645851570017198,2003,"{""type"":""MultiPoint"",""coordinates"":[]}"
20030329,2003-03-29,87,3,0.0,2003,"{""type"":""MultiPoint"",""coordinates"":[]}"
20030330,2003-03-30,88,3,0.0,2003,"{""type"":""MultiPoint"",""coordinates"":[]}"
20030331,2003-03-31,89,3,0.0,2003,"{""type"":""MultiPoint"",""coordinates"":[]}"
20030401,2003-04-01,90,4,0.0,2003,"{""type"":""MultiPoint"",""coordinates"":[]}"
20030402,2003-04-02,91,4,0.5634986903318487,2003,"{""type"":""MultiPoint"",""coordinates"":[]}"
20030403,2003-04-03,92,4,2.0378548384515525,2003,"{""type"":""MultiPoint"",""coordinates"":[]}"
20030404,2003-04-04,93,4,0.0,2003,"{""type"":""MultiPoint"",""coordinates"":[]}"
20030405,2003-04-05,94,4,0.06541196479257155,2003,"{""type"":""MultiPoint"",""coordinates"":[]}"
20030406,2003-04-06,95,4,0.0,2003,"{""type"":""MultiPoint"",""coordinates"":[]}"
20030407,2003-04-07,96,4,0.0,2003,"{""type"":""MultiPoint"",""coordinates"":[]}"
20030408,2003-04-08,97,4,0.0,2003,"{""type"":""MultiPoint"",""coordinates"":[]}"
20030409,2003-04-09,98,4,0.0,2003,"{""type"":""MultiPoint"",""coordinates"":[]}"
20030410,2003-04-10,99,4,0.0,2003,"{""type"":""MultiPoint"",""coordinates"":[]}"
20030411,2003-04-11,100,4,0.0,2003,"{""type"":""MultiPoint"",""coordinates"":[]}"
20030412,2003-04-12,101,4,0.0,2003,"{""type"":""MultiPoint"",""coordinates"":[]}"
20030413,2003-04-13,102,4,0.8730079890902999,2003,"{""type"":""MultiPoint"",""coordinates"":[]}"
20030414,2003-04-14,103,4,3.2585532234597614,2003,"{""type"":""MultiPoint"",""coordinates"":[]}"
20030415,2003-04-15,104,4,0.5190175783754599,2003,"{""type"":""MultiPoint"",""coordinates"":[]}"
20030416,2003-04-16,105,4,0.22936580377797083,2003,"{""type"":""MultiPoint"",""coordinates"":[]}"
20030417,2003-04-17,106,4,0.539501432086671,2003,"{""type"":""MultiPoint"",""coordinates"":[]}"
20030418,2003-04-18,107,4,0.0,2003,"{""type"":""MultiPoint"",""coordinates"":[]}"
20030419,2003-04-19,108,4,0.0,2003,"{""type"":""MultiPoint"",""coordinates"":[]}"
20030420,2003-04-20,109,4,0.0,2003,"{""type"":""MultiPoint"",""coordinates"":[]}"
20030421,2003-04-21,110,4,0.0,2003,"{""type"":""MultiPoint"",""coordinates"":[]}"
20030422,2003-04-22,111,4,0.0,2003,"{""type"":""MultiPoint"",""coordinates"":[]}"
20030423,2003-04-23,112,4,0.0,2003,"{""type"":""MultiPoint"",""coordinates"":[]}"
20030424,2003-04-24,113,4,0.020864852751144254,2003,"{""type"":""MultiPoint"",""coordinates"":[]}"
20030425,2003-04-25,114,4,0.0,2003,"{""type"":""MultiPoint"",""coordinates"":[]}"
20030426,2003-04-26,115,4,0.0,2003,"{""type"":""MultiPoint"",""coordinates"":[]}"
20030427,2003-04-27,116,4,0.0,2003,"{""type"":""MultiPoint"",""coordinates"":[]}"
20030428,2003-04-28,117,4,0.0,2003,"{""type"":""MultiPoint"",""coordinates"":[]}"
20030429,2003-04-29,118,4,0.0,2003,"{""type"":""MultiPoint"",""coordinates"":[]}"
20030430,2003-04-30,119,4,0.0,2003,"{""type"":""MultiPoint"",""coordinates"":[]}"
20030501,2003-05-01,120,5,0.0,2003,"{""type"":""MultiPoint"",""coordinates"":[]}"
20030502,2003-05-02,121,5,0.0,2003,"{""type"":""MultiPoint"",""coordinates"":[]}"
20030503,2003-05-03,122,5,0.0,2003,"{""type"":""MultiPoint"",""coordinates"":[]}"
20030504,2003-05-04,123,5,0.0,2003,"{""type"":""MultiPoint"",""coordinates"":[]}"
20030505,2003-05-05,124,5,0.0,2003,"{""type"":""MultiPoint"",""coordinates"":[]}"
20030506,2003-05-06,125,5,0.0,2003,"{""type"":""MultiPoint"",""coordinates"":[]}"
20030507,2003-05-07,126,5,0.5281453210425909,2003,"{""type"":""MultiPoint"",""coordinates"":[]}"
20030508,2003-05-08,127,5,0.0,2003,"{""type"":""MultiPoint"",""coordinates"":[]}"
20030509,2003-05-09,128,5,0.0,2003,"{""type"":""MultiPoint"",""coordinates"":[]}"
20030510,2003-05-10,129,5,0.0,2003,"{""type"":""MultiPoint"",""coordinates"":[]}"
20030511,2003-05-11,130,5,0.0,2003,"{""type"":""MultiPoint"",""coordinates"":[]}"
20030512,2003-05-12,131,5,0.0,2003,"{""type"":""MultiPoint"",""coordinates"":[]}"
20030513,2003-05-13,132,5,0.0,2003,"{""type"":""MultiPoint"",""coordinates"":[]}"
20030514,2003-05-14,133,5,0.0,2003,"{""type"":""MultiPoint"",""coordinates"":[]}"
20030515,2003-05-15,134,5,0.0,2003,"{""type"":""MultiPoint"",""coordinates"":[]}"
20030516,2003-05-16,135,5,0.0,2003,"{""type"":""MultiPoint"",""coordinates"":[]}"
20030517,2003-05-17,136,5,0.0,2003,"{""type"":""MultiPoint"",""coordinates"":[]}"
20030518,2003-05-18,137,5,0.0,2003,"{""type"":""MultiPoint"",""coordinates"":[]}"
20030519,2003-05-19,138,5,1.540918686787051,2003,"{""type"":""MultiPoint"",""coordinates"":[]}"
20030520,2003-05-20,139,5,1.7089397121028251,2003,"{""type"":""MultiPoint"",""coordinates"":[]}"
20030521,2003-05-21,140,5,0.9549533767519811,2003,"{""type"":""MultiPoint"",""coordinates"":[]}"
20030522,2003-05-22,141,5,0.9224939279495832,2003,"{""type"":""MultiPoint"",""coordinates"":[]}"
20030523,2003-05-23,142,5,2.84814784391773,2003,"{""type"":""MultiPoint"",""coordinates"":[]}"
20030524,2003-05-24,143,5,0.0,2003,"{""type"":""MultiPoint"",""coordinates"":[]}"
20030525,2003-05-25,144,5,2.3436838399539917,2003,"{""type"":""MultiPoint"",""coordinates"":[]}"
20030526,2003-05-26,145,5,0.0,2003,"{""type"":""MultiPoint"",""coordinates"":[]}"
20030527,2003-05-27,146,5,0.5400268866723541,2003,"{""type"":""MultiPoint"",""coordinates"":[]}"
20030528,2003-05-28,147,5,0.0,2003,"{""type"":""MultiPoint"",""coordinates"":[]}"
20030529,2003-05-29,148,5,6.5438189750663085,2003,"{""type"":""MultiPoint"",""coordinates"":[]}"
20030530,2003-05-30,149,5,0.32917697903283116,2003,"{""type"":""MultiPoint"",""coordinates"":[]}"
20030531,2003-05-31,150,5,8.231632748696564,2003,"{""type"":""MultiPoint"",""coordinates"":[]}"
20030601,2003-06-01,151,6,0.0,2003,"{""type"":""MultiPoint"",""coordinates"":[]}"
20030602,2003-06-02,152,6,10.550208445704083,2003,"{""type"":""MultiPoint"",""coordinates"":[]}"
20030603,2003-06-03,153,6,0.29107132824984466,2003,"{""type"":""MultiPoint"",""coordinates"":[]}"
20030604,2003-06-04,154,6,2.276940964075286,2003,"{""type"":""MultiPoint"",""coordinates"":[]}"
20030605,2003-06-05,155,6,3.680027386721443,2003,"{""type"":""MultiPoint"",""coordinates"":[]}"
20030606,2003-06-06,156,6,0.0,2003,"{""type"":""MultiPoint"",""coordinates"":[]}"
20030607,2003-06-07,157,6,0.0,2003,"{""type"":""MultiPoint"",""coordinates"":[]}"
20030608,2003-06-08,158,6,0.0,2003,"{""type"":""MultiPoint"",""coordinates"":[]}"
20030609,2003-06-09,159,6,8.315884253180222,2003,"{""type"":""MultiPoint"",""coordinates"":[]}"
20030610,2003-06-10,160,6,0.0,2003,"{""type"":""MultiPoint"",""coordinates"":[]}"
20030611,2003-06-11,161,6,0.0,2003,"{""type"":""MultiPoint"",""coordinates"":[]}"
20030612,2003-06-12,162,6,15.149602085180769,2003,"{""type"":""MultiPoint"",""coordinates"":[]}"
20030613,2003-06-13,163,6,0.0,2003,"{""type"":""MultiPoint"",""coordinates"":[]}"
20030614,2003-06-14,164,6,0.09302206232090189,2003,"{""type"":""MultiPoint"",""coordinates"":[]}"
20030615,2003-06-15,165,6,0.0,2003,"{""type"":""MultiPoint"",""coordinates"":[]}"
20030616,2003-06-16,166,6,6.188466813073675,2003,"{""type"":""MultiPoint"",""coordinates"":[]}"
20030617,2003-06-17,167,6,5.749090206507386,2003,"{""type"":""MultiPoint"",""coordinates"":[]}"
20030618,2003-06-18,168,6,5.689447617053891,2003,"{""type"":""MultiPoint"",""coordinates"":[]}"
20030619,2003-06-19,169,6,7.893593033461742,2003,"{""type"":""MultiPoint"",""coordinates"":[]}"
20030620,2003-06-20,170,6,0.8629671895969123,2003,"{""type"":""MultiPoint"",""coordinates"":[]}"
20030621,2003-06-21,171,6,13.829966538494045,2003,"{""type"":""MultiPoint"",""coordinates"":[]}"
20030622,2003-06-22,172,6,1.3065946077115231,2003,"{""type"":""MultiPoint"",""coordinates"":[]}"
20030623,2003-06-23,173,6,15.611426480384507,2003,"{""type"":""MultiPoint"",""coordinates"":[]}"
20030624,2003-06-24,174,6,1.4594820522275105,2003,"{""type"":""MultiPoint"",""coordinates"":[]}"
20030625,2003-06-25,175,6,0.0,2003,"{""type"":""MultiPoint"",""coordinates"":[]}"
20030626,2003-06-26,176,6,2.109158407794199,2003,"{""type"":""MultiPoint"",""coordinates"":[]}"
20030627,2003-06-27,177,6,0.15414101129759655,2003,"{""type"":""MultiPoint"",""coordinates"":[]}"
20030628,2003-06-28,178,6,12.652732810683242,2003,"{""type"":""MultiPoint"",""coordinates"":[]}"
20030629,2003-06-29,179,6,7.300280195671772,2003,"{""type"":""MultiPoint"",""coordinates"":[]}"
20030630,2003-06-30,180,6,12.241879535443857,2003,"{""type"":""MultiPoint"",""coordinates"":[]}"
20030701,2003-07-01,181,7,2.7856271380267543,2003,"{""type"":""MultiPoint"",""coordinates"":[]}"
20030702,2003-07-02,182,7,9.404508977437827,2003,"{""type"":""MultiPoint"",""coordinates"":[]}"
20030703,2003-07-03,183,7,5.290777412587569,2003,"{""type"":""MultiPoint"",""coordinates"":[]}"
20030704,2003-07-04,184,7,0.0,2003,"{""type"":""MultiPoint"",""coordinates"":[]}"
20030705,2003-07-05,185,7,3.078003716152431,2003,"{""type"":""MultiPoint"",""coordinates"":[]}"
20030706,2003-07-06,186,7,14.234650386255742,2003,"{""type"":""MultiPoint"",""coordinates"":[]}"
20030707,2003-07-07,187,7,3.566848937155682,2003,"{""type"":""MultiPoint"",""coordinates"":[]}"
20030708,2003-07-08,188,7,0.002073635415621006,2003,"{""type"":""MultiPoint"",""coordinates"":[]}"
20030709,2003-07-09,189,7,17.15179100516386,2003,"{""type"":""MultiPoint"",""coordinates"":[]}"
20030710,2003-07-10,190,7,0.0,2003,"{""type"":""MultiPoint"",""coordinates"":[]}"
20030711,2003-07-11,191,7,0.0,2003,"{""type"":""MultiPoint"",""coordinates"":[]}"
20030712,2003-07-12,192,7,12.025021780550087,2003,"{""type"":""MultiPoint"",""coordinates"":[]}"
20030713,2003-07-13,193,7,0.0014193520307021461,2003,"{""type"":""MultiPoint"",""coordinates"":[]}"
20030714,2003-07-14,194,7,0.0,2003,"{""type"":""MultiPoint"",""coordinates"":[]}"
20030715,2003-07-15,195,7,5.487162443169699,2003,"{""type"":""MultiPoint"",""coordinates"":[]}"
20030716,2003-07-16,196,7,9.499239292397883,2003,"{""type"":""MultiPoint"",""coordinates"":[]}"
20030717,2003-07-17,197,7,2.6426417920631473,2003,"{""type"":""MultiPoint"",""coordinates"":[]}"
20030718,2003-07-18,198,7,14.714070940046035,2003,"{""type"":""MultiPoint"",""coordinates"":[]}"
20030719,2003-07-19,199,7,11.480373907193119,2003,"{""type"":""MultiPoint"",""coordinates"":[]}"
20030720,2003-07-20,200,7,0.0,2003,"{""type"":""MultiPoint"",""coordinates"":[]}"
20030721,2003-07-21,201,7,0.3748077958568438,2003,"{""type"":""MultiPoint"",""coordinates"":[]}"
20030722,2003-07-22,202,7,0.9029397135749858,2003,"{""type"":""MultiPoint"",""coordinates"":[]}"
20030723,2003-07-23,203,7,14.57519172805209,2003,"{""type"":""MultiPoint"",""coordinates"":[]}"
20030724,2003-07-24,204,7,0.0278620816240407,2003,"{""type"":""MultiPoint"",""coordinates"":[]}"
20030725,2003-07-25,205,7,4.571149132987915,2003,"{""type"":""MultiPoint"",""coordinates"":[]}"
20030726,2003-07-26,206,7,0.0,2003,"{""type"":""MultiPoint"",""coordinates"":[]}"
20030727,2003-07-27,207,7,12.390320207936194,2003,"{""type"":""MultiPoint"",""coordinates"":[]}"
20030728,2003-07-28,208,7,0.0,2003,"{""type"":""MultiPoint"",""coordinates"":[]}"
20030729,2003-07-29,209,7,1.0319719245632608,2003,"{""type"":""MultiPoint"",""coordinates"":[]}"
20030730,2003-07-30,210,7,15.417186814786232,2003,"{""type"":""MultiPoint"",""coordinates"":[]}"
20030731,2003-07-31,211,7,10.243574517768169,2003,"{""type"":""MultiPoint"",""coordinates"":[]}"
20030801,2003-08-01,212,8,0.0,2003,"{""type"":""MultiPoint"",""coordinates"":[]}"
20030802,2003-08-02,213,8,0.15018383539131452,2003,"{""type"":""MultiPoint"",""coordinates"":[]}"
20030803,2003-08-03,214,8,0.0,2003,"{""type"":""MultiPoint"",""coordinates"":[]}"
20030804,2003-08-04,215,8,21.809678743513153,2003,"{""type"":""MultiPoint"",""coordinates"":[]}"
20030805,2003-08-05,216,8,0.5359550690174009,2003,"{""type"":""MultiPoint"",""coordinates"":[]}"
20030806,2003-08-06,217,8,19.58818922139177,2003,"{""type"":""MultiPoint"",""coordinates"":[]}"
20030807,2003-08-07,218,8,5.723175562025415,2003,"{""type"":""MultiPoint"",""coordinates"":[]}"
20030808,2003-08-08,219,8,16.33490621654037,2003,"{""type"":""MultiPoint"",""coordinates"":[]}"
20030809,2003-08-09,220,8,19.888892846571192,2003,"{""type"":""MultiPoint"",""coordinates"":[]}"
20030810,2003-08-10,221,8,2.7751355529138415,2003,"{""type"":""MultiPoint"",""coordinates"":[]}"
20030811,2003-08-11,222,8,5.7771608515478965,2003,"{""type"":""MultiPoint"",""coordinates"":[]}"
20030812,2003-08-12,223,8,8.846516978837496,2003,"{""type"":""MultiPoint"",""coordinates"":[]}"
20030813,2003-08-13,224,8,0.27135914565313213,2003,"{""type"":""MultiPoint"",""coordinates"":[]}"
20030814,2003-08-14,225,8,4.6077865386486145,2003,"{""type"":""MultiPoint"",""coordinates"":[]}"
20030815,2003-08-15,226,8,0.0,2003,"{""type"":""MultiPoint"",""coordinates"":[]}"
20030816,2003-08-16,227,8,14.245904789322267,2003,"{""type"":""MultiPoint"",""coordinates"":[]}"
20030817,2003-08-17,228,8,0.0,2003,"{""type"":""MultiPoint"",""coordinates"":[]}"
20030818,2003-08-18,229,8,9.85973055760774,2003,"{""type"":""MultiPoint"",""coordinates"":[]}"
20030819,2003-08-19,230,8,0.039561750110150985,2003,"{""type"":""MultiPoint"",""coordinates"":[]}"
20030820,2003-08-20,231,8,9.2241509026361,2003,"{""type"":""MultiPoint"",""coordinates"":[]}"
20030821,2003-08-21,232,8,7.8234708070707795,2003,"{""type"":""MultiPoint"",""coordinates"":[]}"
20030822,2003-08-22,233,8,0.7917653219986492,2003,"{""type"":""MultiPoint"",""coordinates"":[]}"
20030823,2003-08-23,234,8,3.3944971589292243,2003,"{""type"":""MultiPoint"",""coordinates"":[]}"
20030824,2003-08-24,235,8,21.82331464445976,2003,"{""type"":""MultiPoint"",""coordinates"":[]}"
20030825,2003-08-25,236,8,6.756926963909661,2003,"{""type"":""MultiPoint"",""coordinates"":[]}"
20030826,2003-08-26,237,8,9.162733606310923,2003,"{""type"":""MultiPoint"",""coordinates"":[]}"
20030827,2003-08-27,238,8,0.0,2003,"{""type"":""MultiPoint"",""coordinates"":[]}"
20030828,2003-08-28,239,8,15.607135794898928,2003,"{""type"":""MultiPoint"",""coordinates"":[]}"
20030829,2003-08-29,240,8,11.90277283865524,2003,"{""type"":""MultiPoint"",""coordinates"":[]}"
20030830,2003-08-30,241,8,0.0,2003,"{""type"":""MultiPoint"",""coordinates"":[]}"
20030831,2003-08-31,242,8,1.8307110183332012,2003,"{""type"":""MultiPoint"",""coordinates"":[]}"
20030901,2003-09-01,243,9,16.217299463253582,2003,"{""type"":""MultiPoint"",""coordinates"":[]}"
20030902,2003-09-02,244,9,0.0,2003,"{""type"":""MultiPoint"",""coordinates"":[]}"
20030903,2003-09-03,245,9,17.93662541397587,2003,"{""type"":""MultiPoint"",""coordinates"":[]}"
20030904,2003-09-04,246,9,0.0,2003,"{""type"":""MultiPoint"",""coordinates"":[]}"
20030905,2003-09-05,247,9,20.365627702662767,2003,"{""type"":""MultiPoint"",""coordinates"":[]}"
20030906,2003-09-06,248,9,3.172193960285017,2003,"{""type"":""MultiPoint"",""coordinates"":[]}"
20030907,2003-09-07,249,9,7.773401742218555,2003,"{""type"":""MultiPoint"",""coordinates"":[]}"
20030908,2003-09-08,250,9,1.6492350480655182,2003,"{""type"":""MultiPoint"",""coordinates"":[]}"
20030909,2003-09-09,251,9,1.6423998485345326,2003,"{""type"":""MultiPoint"",""coordinates"":[]}"
20030910,2003-09-10,252,9,2.433842792159662,2003,"{""type"":""MultiPoint"",""coordinates"":[]}"
20030911,2003-09-11,253,9,6.43801780945477,2003,"{""type"":""MultiPoint"",""coordinates"":[]}"
20030912,2003-09-12,254,9,0.0,2003,"{""type"":""MultiPoint"",""coordinates"":[]}"
20030913,2003-09-13,255,9,22.45348287587309,2003,"{""type"":""MultiPoint"",""coordinates"":[]}"
20030914,2003-09-14,256,9,7.182887422705575,2003,"{""type"":""MultiPoint"",""coordinates"":[]}"
20030915,2003-09-15,257,9,0.0,2003,"{""type"":""MultiPoint"",""coordinates"":[]}"
20030916,2003-09-16,258,9,6.0027390271986,2003,"{""type"":""MultiPoint"",""coordinates"":[]}"
20030917,2003-09-17,259,9,6.0027390271986,2003,"{""type"":""MultiPoint"",""coordinates"":[]}"
20030918,2003-09-18,260,9,0.3664840817286204,2003,"{""type"":""MultiPoint"",""coordinates"":[]}"
20030919,2003-09-19,261,9,0.41896440841627963,2003,"{""type"":""MultiPoint"",""coordinates"":[]}"
20030920,2003-09-20,262,9,2.3714032314347375,2003,"{""type"":""MultiPoint"",""coordinates"":[]}"
20030921,2003-09-21,263,9,0.0,2003,"{""type"":""MultiPoint"",""coordinates"":[]}"
20030922,2003-09-22,264,9,12.73101723682859,2003,"{""type"":""MultiPoint"",""coordinates"":[]}"
20030923,2003-09-23,265,9,0.0,2003,"{""type"":""MultiPoint"",""coordinates"":[]}"
20030924,2003-09-24,266,9,0.0,2003,"{""type"":""MultiPoint"",""coordinates"":[]}"
20030925,2003-09-25,267,9,0.0,2003,"{""type"":""MultiPoint"",""coordinates"":[]}"
20030926,2003-09-26,268,9,0.20151306282390247,2003,"{""type"":""MultiPoint"",""coordinates"":[]}"
20030927,2003-09-27,269,9,0.0,2003,"{""type"":""MultiPoint"",""coordinates"":[]}"
20030928,2003-09-28,270,9,0.0,2003,"{""type"":""MultiPoint"",""coordinates"":[]}"
20030929,2003-09-29,271,9,0.0,2003,"{""type"":""MultiPoint"",""coordinates"":[]}"
20030930,2003-09-30,272,9,0.0,2003,"{""type"":""MultiPoint"",""coordinates"":[]}"
20031001,2003-10-01,273,10,0.0,2003,"{""type"":""MultiPoint"",""coordinates"":[]}"
20031002,2003-10-02,274,10,6.458845722200752E-4,2003,"{""type"":""MultiPoint"",""coordinates"":[]}"
20031003,2003-10-03,275,10,0.0,2003,"{""type"":""MultiPoint"",""coordinates"":[]}"
20031004,2003-10-04,276,10,0.0,2003,"{""type"":""MultiPoint"",""coordinates"":[]}"
20031005,2003-10-05,277,10,1.2573631610651255,2003,"{""type"":""MultiPoint"",""coordinates"":[]}"
20031006,2003-10-06,278,10,2.8686665110740126,2003,"{""type"":""MultiPoint"",""coordinates"":[]}"
20031007,2003-10-07,279,10,0.0,2003,"{""type"":""MultiPoint"",""coordinates"":[]}"
20031008,2003-10-08,280,10,0.0,2003,"{""type"":""MultiPoint"",""coordinates"":[]}"
20031009,2003-10-09,281,10,0.3749456855183097,2003,"{""type"":""MultiPoint"",""coordinates"":[]}"
20031010,2003-10-10,282,10,7.701084826955419,2003,"{""type"":""MultiPoint"",""coordinates"":[]}"
20031011,2003-10-11,283,10,4.523678246383078,2003,"{""type"":""MultiPoint"",""coordinates"":[]}"
20031012,2003-10-12,284,10,5.132825956270939,2003,"{""type"":""MultiPoint"",""coordinates"":[]}"
20031013,2003-10-13,285,10,1.379955005848802,2003,"{""type"":""MultiPoint"",""coordinates"":[]}"
20031014,2003-10-14,286,10,0.0,2003,"{""type"":""MultiPoint"",""coordinates"":[]}"
20031015,2003-10-15,287,10,1.5715324085616762,2003,"{""type"":""MultiPoint"",""coordinates"":[]}"
20031016,2003-10-16,288,10,0.0,2003,"{""type"":""MultiPoint"",""coordinates"":[]}"
20031017,2003-10-17,289,10,0.0,2003,"{""type"":""MultiPoint"",""coordinates"":[]}"
20031018,2003-10-18,290,10,0.0,2003,"{""type"":""MultiPoint"",""coordinates"":[]}"
20031019,2003-10-19,291,10,0.0,2003,"{""type"":""MultiPoint"",""coordinates"":[]}"
20031020,2003-10-20,292,10,1.7067261757437933,2003,"{""type"":""MultiPoint"",""coordinates"":[]}"
20031021,2003-10-21,293,10,0.0,2003,"{""type"":""MultiPoint"",""coordinates"":[]}"
20031022,2003-10-22,294,10,0.0,2003,"{""type"":""MultiPoint"",""coordinates"":[]}"
20031023,2003-10-23,295,10,0.0,2003,"{""type"":""MultiPoint"",""coordinates"":[]}"
20031024,2003-10-24,296,10,0.0,2003,"{""type"":""MultiPoint"",""coordinates"":[]}"
20031025,2003-10-25,297,10,0.0,2003,"{""type"":""MultiPoint"",""coordinates"":[]}"
20031026,2003-10-26,298,10,0.0,2003,"{""type"":""MultiPoint"",""coordinates"":[]}"
20031027,2003-10-27,299,10,0.0,2003,"{""type"":""MultiPoint"",""coordinates"":[]}"
20031028,2003-10-28,300,10,0.0,2003,"{""type"":""MultiPoint"",""coordinates"":[]}"
20031029,2003-10-29,301,10,0.0,2003,"{""type"":""MultiPoint"",""coordinates"":[]}"
20031030,2003-10-30,302,10,0.0,2003,"{""type"":""MultiPoint"",""coordinates"":[]}"
20031031,2003-10-31,303,10,0.0,2003,"{""type"":""MultiPoint"",""coordinates"":[]}"
20031101,2003-11-01,304,11,0.0,2003,"{""type"":""MultiPoint"",""coordinates"":[]}"
20031102,2003-11-02,305,11,0.0,2003,"{""type"":""MultiPoint"",""coordinates"":[]}"
20031103,2003-11-03,306,11,0.0,2003,"{""type"":""MultiPoint"",""coordinates"":[]}"
20031104,2003-11-04,307,11,0.0,2003,"{""type"":""MultiPoint"",""coordinates"":[]}"
20031105,2003-11-05,308,11,0.0,2003,"{""type"":""MultiPoint"",""coordinates"":[]}"
20031106,2003-11-06,309,11,0.0,2003,"{""type"":""MultiPoint"",""coordinates"":[]}"
20031107,2003-11-07,310,11,1.4589666933275776,2003,"{""type"":""MultiPoint"",""coordinates"":[]}"
20031108,2003-11-08,311,11,0.0,2003,"{""type"":""MultiPoint"",""coordinates"":[]}"
20031109,2003-11-09,312,11,0.0,2003,"{""type"":""MultiPoint"",""coordinates"":[]}"
20031110,2003-11-10,313,11,0.0,2003,"{""type"":""MultiPoint"",""coordinates"":[]}"
20031111,2003-11-11,314,11,0.0,2003,"{""type"":""MultiPoint"",""coordinates"":[]}"
20031112,2003-11-12,315,11,0.0,2003,"{""type"":""MultiPoint"",""coordinates"":[]}"
20031113,2003-11-13,316,11,0.0,2003,"{""type"":""MultiPoint"",""coordinates"":[]}"
20031114,2003-11-14,317,11,0.0,2003,"{""type"":""MultiPoint"",""coordinates"":[]}"
20031115,2003-11-15,318,11,0.0,2003,"{""type"":""MultiPoint"",""coordinates"":[]}"
20031116,2003-11-16,319,11,0.0,2003,"{""type"":""MultiPoint"",""coordinates"":[]}"
20031117,2003-11-17,320,11,0.0,2003,"{""type"":""MultiPoint"",""coordinates"":[]}"
20031118,2003-11-18,321,11,0.0,2003,"{""type"":""MultiPoint"",""coordinates"":[]}"
20031119,2003-11-19,322,11,0.0,2003,"{""type"":""MultiPoint"",""coordinates"":[]}"
20031120,2003-11-20,323,11,0.0,2003,"{""type"":""MultiPoint"",""coordinates"":[]}"
20031121,2003-11-21,324,11,0.0,2003,"{""type"":""MultiPoint"",""coordinates"":[]}"
20031122,2003-11-22,325,11,0.0,2003,"{""type"":""MultiPoint"",""coordinates"":[]}"
20031123,2003-11-23,326,11,0.0,2003,"{""type"":""MultiPoint"",""coordinates"":[]}"
20031124,2003-11-24,327,11,0.0,2003,"{""type"":""MultiPoint"",""coordinates"":[]}"
20031125,2003-11-25,328,11,0.0,2003,"{""type"":""MultiPoint"",""coordinates"":[]}"
20031126,2003-11-26,329,11,0.0,2003,"{""type"":""MultiPoint"",""coordinates"":[]}"
20031127,2003-11-27,330,11,0.0,2003,"{""type"":""MultiPoint"",""coordinates"":[]}"
20031128,2003-11-28,331,11,0.0,2003,"{""type"":""MultiPoint"",""coordinates"":[]}"
20031129,2003-11-29,332,11,0.0,2003,"{""type"":""MultiPoint"",""coordinates"":[]}"
20031130,2003-11-30,333,11,0.0,2003,"{""type"":""MultiPoint"",""coordinates"":[]}"
20031201,2003-12-01,334,12,0.0,2003,"{""type"":""MultiPoint"",""coordinates"":[]}"
20031202,2003-12-02,335,12,0.04450084910071186,2003,"{""type"":""MultiPoint"",""coordinates"":[]}"
20031203,2003-12-03,336,12,0.0,2003,"{""type"":""MultiPoint"",""coordinates"":[]}"
20031204,2003-12-04,337,12,0.0,2003,"{""type"":""MultiPoint"",""coordinates"":[]}"
20031205,2003-12-05,338,12,0.0,2003,"{""type"":""MultiPoint"",""coordinates"":[]}"
20031206,2003-12-06,339,12,0.0,2003,"{""type"":""MultiPoint"",""coordinates"":[]}"
20031207,2003-12-07,340,12,0.0,2003,"{""type"":""MultiPoint"",""coordinates"":[]}"
20031208,2003-12-08,341,12,0.0,2003,"{""type"":""MultiPoint"",""coordinates"":[]}"
20031209,2003-12-09,342,12,0.0015538359417991959,2003,"{""type"":""MultiPoint"",""coordinates"":[]}"
20031210,2003-12-10,343,12,0.0,2003,"{""type"":""MultiPoint"",""coordinates"":[]}"
20031211,2003-12-11,344,12,0.0,2003,"{""type"":""MultiPoint"",""coordinates"":[]}"
20031212,2003-12-12,345,12,0.0,2003,"{""type"":""MultiPoint"",""coordinates"":[]}"
20031213,2003-12-13,346,12,0.0,2003,"{""type"":""MultiPoint"",""coordinates"":[]}"
20031214,2003-12-14,347,12,0.0,2003,"{""type"":""MultiPoint"",""coordinates"":[]}"
20031215,2003-12-15,348,12,0.0,2003,"{""type"":""MultiPoint"",""coordinates"":[]}"
20031216,2003-12-16,349,12,0.0,2003,"{""type"":""MultiPoint"",""coordinates"":[]}"
20031217,2003-12-17,350,12,0.0,2003,"{""type"":""MultiPoint"",""coordinates"":[]}"
20031218,2003-12-18,351,12,0.0,2003,"{""type"":""MultiPoint"",""coordinates"":[]}"
20031219,2003-12-19,352,12,0.0,2003,"{""type"":""MultiPoint"",""coordinates"":[]}"
20031220,2003-12-20,353,12,0.0,2003,"{""type"":""MultiPoint"",""coordinates"":[]}"
20031221,2003-12-21,354,12,0.0,2003,"{""type"":""MultiPoint"",""coordinates"":[]}"
20031222,2003-12-22,355,12,0.0,2003,"{""type"":""MultiPoint"",""coordinates"":[]}"
20031223,2003-12-23,356,12,0.0,2003,"{""type"":""MultiPoint"",""coordinates"":[]}"
20031224,2003-12-24,357,12,0.0,2003,"{""type"":""MultiPoint"",""coordinates"":[]}"
20031225,2003-12-25,358,12,0.0,2003,"{""type"":""MultiPoint"",""coordinates"":[]}"
20031226,2003-12-26,359,12,0.0,2003,"{""type"":""MultiPoint"",""coordinates"":[]}"
20031227,2003-12-27,360,12,0.0,2003,"{""type"":""MultiPoint"",""coordinates"":[]}"
20031228,2003-12-28,361,12,0.0,2003,"{""type"":""MultiPoint"",""coordinates"":[]}"
20031229,2003-12-29,362,12,0.0,2003,"{""type"":""MultiPoint"",""coordinates"":[]}"
20031230,2003-12-30,363,12,0.0,2003,"{""type"":""MultiPoint"",""coordinates"":[]}"
20031231,2003-12-31,364,12,0.0,2003,"{""type"":""MultiPoint"",""coordinates"":[]}"
20040101,2004-01-01,0,1,0.0,2004,"{""type"":""MultiPoint"",""coordinates"":[]}"
20040102,2004-01-02,1,1,0.0,2004,"{""type"":""MultiPoint"",""coordinates"":[]}"
20040103,2004-01-03,2,1,0.0,2004,"{""type"":""MultiPoint"",""coordinates"":[]}"
20040104,2004-01-04,3,1,0.0,2004,"{""type"":""MultiPoint"",""coordinates"":[]}"
20040105,2004-01-05,4,1,0.0,2004,"{""type"":""MultiPoint"",""coordinates"":[]}"
20040106,2004-01-06,5,1,0.0,2004,"{""type"":""MultiPoint"",""coordinates"":[]}"
20040107,2004-01-07,6,1,0.0,2004,"{""type"":""MultiPoint"",""coordinates"":[]}"
20040108,2004-01-08,7,1,0.0,2004,"{""type"":""MultiPoint"",""coordinates"":[]}"
20040109,2004-01-09,8,1,0.0,2004,"{""type"":""MultiPoint"",""coordinates"":[]}"
20040110,2004-01-10,9,1,0.0,2004,"{""type"":""MultiPoint"",""coordinates"":[]}"
20040111,2004-01-11,10,1,0.0,2004,"{""type"":""MultiPoint"",""coordinates"":[]}"
20040112,2004-01-12,11,1,0.0,2004,"{""type"":""MultiPoint"",""coordinates"":[]}"
20040113,2004-01-13,12,1,0.0,2004,"{""type"":""MultiPoint"",""coordinates"":[]}"
20040114,2004-01-14,13,1,0.0,2004,"{""type"":""MultiPoint"",""coordinates"":[]}"
20040115,2004-01-15,14,1,0.0,2004,"{""type"":""MultiPoint"",""coordinates"":[]}"
20040116,2004-01-16,15,1,0.0,2004,"{""type"":""MultiPoint"",""coordinates"":[]}"
20040117,2004-01-17,16,1,0.0,2004,"{""type"":""MultiPoint"",""coordinates"":[]}"
20040118,2004-01-18,17,1,0.0,2004,"{""type"":""MultiPoint"",""coordinates"":[]}"
20040119,2004-01-19,18,1,0.0,2004,"{""type"":""MultiPoint"",""coordinates"":[]}"
20040120,2004-01-20,19,1,0.0,2004,"{""type"":""MultiPoint"",""coordinates"":[]}"
20040121,2004-01-21,20,1,4.65704002323551E-6,2004,"{""type"":""MultiPoint"",""coordinates"":[]}"
20040122,2004-01-22,21,1,6.205069237492151E-6,2004,"{""type"":""MultiPoint"",""coordinates"":[]}"
20040123,2004-01-23,22,1,0.0,2004,"{""type"":""MultiPoint"",""coordinates"":[]}"
20040124,2004-01-24,23,1,0.0,2004,"{""type"":""MultiPoint"",""coordinates"":[]}"
20040125,2004-01-25,24,1,0.0,2004,"{""type"":""MultiPoint"",""coordinates"":[]}"
20040126,2004-01-26,25,1,0.0,2004,"{""type"":""MultiPoint"",""coordinates"":[]}"
20040127,2004-01-27,26,1,0.0,2004,"{""type"":""MultiPoint"",""coordinates"":[]}"
20040128,2004-01-28,27,1,0.0,2004,"{""type"":""MultiPoint"",""coordinates"":[]}"
20040129,2004-01-29,28,1,0.0,2004,"{""type"":""MultiPoint"",""coordinates"":[]}"
20040130,2004-01-30,29,1,0.0,2004,"{""type"":""MultiPoint"",""coordinates"":[]}"
20040131,2004-01-31,30,1,0.0,2004,"{""type"":""MultiPoint"",""coordinates"":[]}"
20040201,2004-02-01,31,2,0.0,2004,"{""type"":""MultiPoint"",""coordinates"":[]}"
20040202,2004-02-02,32,2,0.0,2004,"{""type"":""MultiPoint"",""coordinates"":[]}"
20040203,2004-02-03,33,2,0.0,2004,"{""type"":""MultiPoint"",""coordinates"":[]}"
20040204,2004-02-04,34,2,0.0,2004,"{""type"":""MultiPoint"",""coordinates"":[]}"
20040205,2004-02-05,35,2,0.0,2004,"{""type"":""MultiPoint"",""coordinates"":[]}"
20040206,2004-02-06,36,2,0.0,2004,"{""type"":""MultiPoint"",""coordinates"":[]}"
20040207,2004-02-07,37,2,0.0,2004,"{""type"":""MultiPoint"",""coordinates"":[]}"
20040208,2004-02-08,38,2,0.0,2004,"{""type"":""MultiPoint"",""coordinates"":[]}"
20040209,2004-02-09,39,2,0.0,2004,"{""type"":""MultiPoint"",""coordinates"":[]}"
20040210,2004-02-10,40,2,0.0,2004,"{""type"":""MultiPoint"",""coordinates"":[]}"
20040211,2004-02-11,41,2,0.0,2004,"{""type"":""MultiPoint"",""coordinates"":[]}"
20040212,2004-02-12,42,2,0.0,2004,"{""type"":""MultiPoint"",""coordinates"":[]}"
20040213,2004-02-13,43,2,0.0,2004,"{""type"":""MultiPoint"",""coordinates"":[]}"
20040214,2004-02-14,44,2,0.0,2004,"{""type"":""MultiPoint"",""coordinates"":[]}"
20040215,2004-02-15,45,2,0.0,2004,"{""type"":""MultiPoint"",""coordinates"":[]}"
20040216,2004-02-16,46,2,0.0,2004,"{""type"":""MultiPoint"",""coordinates"":[]}"
20040217,2004-02-17,47,2,0.0,2004,"{""type"":""MultiPoint"",""coordinates"":[]}"
20040218,2004-02-18,48,2,0.0,2004,"{""type"":""MultiPoint"",""coordinates"":[]}"
20040219,2004-02-19,49,2,0.0,2004,"{""type"":""MultiPoint"",""coordinates"":[]}"
20040220,2004-02-20,50,2,0.0,2004,"{""type"":""MultiPoint"",""coordinates"":[]}"
20040221,2004-02-21,51,2,0.0,2004,"{""type"":""MultiPoint"",""coordinates"":[]}"
20040222,2004-02-22,52,2,0.0,2004,"{""type"":""MultiPoint"",""coordinates"":[]}"
20040223,2004-02-23,53,2,0.0,2004,"{""type"":""MultiPoint"",""coordinates"":[]}"
20040224,2004-02-24,54,2,0.0,2004,"{""type"":""MultiPoint"",""coordinates"":[]}"
20040225,2004-02-25,55,2,0.0,2004,"{""type"":""MultiPoint"",""coordinates"":[]}"
20040226,2004-02-26,56,2,0.0,2004,"{""type"":""MultiPoint"",""coordinates"":[]}"
20040227,2004-02-27,57,2,0.0,2004,"{""type"":""MultiPoint"",""coordinates"":[]}"
20040228,2004-02-28,58,2,0.0,2004,"{""type"":""MultiPoint"",""coordinates"":[]}"
20040229,2004-02-29,59,2,0.0,2004,"{""type"":""MultiPoint"",""coordinates"":[]}"
20040301,2004-03-01,60,3,0.0,2004,"{""type"":""MultiPoint"",""coordinates"":[]}"
20040302,2004-03-02,61,3,0.0,2004,"{""type"":""MultiPoint"",""coordinates"":[]}"
20040303,2004-03-03,62,3,0.0,2004,"{""type"":""MultiPoint"",""coordinates"":[]}"
20040304,2004-03-04,63,3,0.03951605312689193,2004,"{""type"":""MultiPoint"",""coordinates"":[]}"
20040305,2004-03-05,64,3,0.0,2004,"{""type"":""MultiPoint"",""coordinates"":[]}"
20040306,2004-03-06,65,3,0.0,2004,"{""type"":""MultiPoint"",""coordinates"":[]}"
20040307,2004-03-07,66,3,0.0,2004,"{""type"":""MultiPoint"",""coordinates"":[]}"
20040308,2004-03-08,67,3,0.0,2004,"{""type"":""MultiPoint"",""coordinates"":[]}"
20040309,2004-03-09,68,3,0.0,2004,"{""type"":""MultiPoint"",""coordinates"":[]}"
20040310,2004-03-10,69,3,0.0,2004,"{""type"":""MultiPoint"",""coordinates"":[]}"
20040311,2004-03-11,70,3,0.0,2004,"{""type"":""MultiPoint"",""coordinates"":[]}"
20040312,2004-03-12,71,3,0.0,2004,"{""type"":""MultiPoint"",""coordinates"":[]}"
20040313,2004-03-13,72,3,0.0,2004,"{""type"":""MultiPoint"",""coordinates"":[]}"
20040314,2004-03-14,73,3,0.0,2004,"{""type"":""MultiPoint"",""coordinates"":[]}"
20040315,2004-03-15,74,3,0.0,2004,"{""type"":""MultiPoint"",""coordinates"":[]}"
20040316,2004-03-16,75,3,0.0,2004,"{""type"":""MultiPoint"",""coordinates"":[]}"
20040317,2004-03-17,76,3,0.0,2004,"{""type"":""MultiPoint"",""coordinates"":[]}"
20040318,2004-03-18,77,3,0.0,2004,"{""type"":""MultiPoint"",""coordinates"":[]}"
20040319,2004-03-19,78,3,0.0,2004,"{""type"":""MultiPoint"",""coordinates"":[]}"
20040320,2004-03-20,79,3,0.0,2004,"{""type"":""MultiPoint"",""coordinates"":[]}"
20040321,2004-03-21,80,3,0.0,2004,"{""type"":""MultiPoint"",""coordinates"":[]}"
20040322,2004-03-22,81,3,0.0,2004,"{""type"":""MultiPoint"",""coordinates"":[]}"
20040323,2004-03-23,82,3,0.0,2004,"{""type"":""MultiPoint"",""coordinates"":[]}"
20040324,2004-03-24,83,3,0.0,2004,"{""type"":""MultiPoint"",""coordinates"":[]}"
20040325,2004-03-25,84,3,0.0,2004,"{""type"":""MultiPoint"",""coordinates"":[]}"
20040326,2004-03-26,85,3,0.0,2004,"{""type"":""MultiPoint"",""coordinates"":[]}"
20040327,2004-03-27,86,3,0.0,2004,"{""type"":""MultiPoint"",""coordinates"":[]}"
20040328,2004-03-28,87,3,0.0,2004,"{""type"":""MultiPoint"",""coordinates"":[]}"
20040329,2004-03-29,88,3,0.0,2004,"{""type"":""MultiPoint"",""coordinates"":[]}"
20040330,2004-03-30,89,3,0.0,2004,"{""type"":""MultiPoint"",""coordinates"":[]}"
20040331,2004-03-31,90,3,0.0,2004,"{""type"":""MultiPoint"",""coordinates"":[]}"
20040401,2004-04-01,91,4,0.0,2004,"{""type"":""MultiPoint"",""coordinates"":[]}"
20040402,2004-04-02,92,4,0.0,2004,"{""type"":""MultiPoint"",""coordinates"":[]}"
20040403,2004-04-03,93,4,0.2958590314397247,2004,"{""type"":""MultiPoint"",""coordinates"":[]}"
20040404,2004-04-04,94,4,1.7908417037700184,2004,"{""type"":""MultiPoint"",""coordinates"":[]}"
20040405,2004-04-05,95,4,0.05472789185664327,2004,"{""type"":""MultiPoint"",""coordinates"":[]}"
20040406,2004-04-06,96,4,0.09632875100530759,2004,"{""type"":""MultiPoint"",""coordinates"":[]}"
20040407,2004-04-07,97,4,0.3898983627858788,2004,"{""type"":""MultiPoint"",""coordinates"":[]}"
20040408,2004-04-08,98,4,0.02092667661532007,2004,"{""type"":""MultiPoint"",""coordinates"":[]}"
20040409,2004-04-09,99,4,0.028305942362005062,2004,"{""type"":""MultiPoint"",""coordinates"":[]}"
20040410,2004-04-10,100,4,0.028305942362005062,2004,"{""type"":""MultiPoint"",""coordinates"":[]}"
20040411,2004-04-11,101,4,0.0,2004,"{""type"":""MultiPoint"",""coordinates"":[]}"
20040412,2004-04-12,102,4,0.0,2004,"{""type"":""MultiPoint"",""coordinates"":[]}"
20040413,2004-04-13,103,4,0.0,2004,"{""type"":""MultiPoint"",""coordinates"":[]}"
20040414,2004-04-14,104,4,0.0,2004,"{""type"":""MultiPoint"",""coordinates"":[]}"
20040415,2004-04-15,105,4,0.0,2004,"{""type"":""MultiPoint"",""coordinates"":[]}"
20040416,2004-04-16,106,4,0.0,2004,"{""type"":""MultiPoint"",""coordinates"":[]}"
20040417,2004-04-17,107,4,0.0,2004,"{""type"":""MultiPoint"",""coordinates"":[]}"
20040418,2004-04-18,108,4,0.0,2004,"{""type"":""MultiPoint"",""coordinates"":[]}"
20040419,2004-04-19,109,4,0.0,2004,"{""type"":""MultiPoint"",""coordinates"":[]}"
20040420,2004-04-20,110,4,0.0,2004,"{""type"":""MultiPoint"",""coordinates"":[]}"
20040421,2004-04-21,111,4,0.07959015946927508,2004,"{""type"":""MultiPoint"",""coordinates"":[]}"
20040422,2004-04-22,112,4,0.07146702352951814,2004,"{""type"":""MultiPoint"",""coordinates"":[]}"
20040423,2004-04-23,113,4,0.0,2004,"{""type"":""MultiPoint"",""coordinates"":[]}"
20040424,2004-04-24,114,4,0.0,2004,"{""type"":""MultiPoint"",""coordinates"":[]}"
20040425,2004-04-25,115,4,0.0,2004,"{""type"":""MultiPoint"",""coordinates"":[]}"
20040426,2004-04-26,116,4,0.0,2004,"{""type"":""MultiPoint"",""coordinates"":[]}"
20040427,2004-04-27,117,4,0.20691380597124195,2004,"{""type"":""MultiPoint"",""coordinates"":[]}"
20040428,2004-04-28,118,4,0.4594315386545684,2004,"{""type"":""MultiPoint"",""coordinates"":[]}"
20040429,2004-04-29,119,4,0.0,2004,"{""type"":""MultiPoint"",""coordinates"":[]}"
20040430,2004-04-30,120,4,0.059175467250323056,2004,"{""type"":""MultiPoint"",""coordinates"":[]}"
20040501,2004-05-01,121,5,0.0,2004,"{""type"":""MultiPoint"",""coordinates"":[]}"
20040502,2004-05-02,122,5,0.0,2004,"{""type"":""MultiPoint"",""coordinates"":[]}"
20040503,2004-05-03,123,5,0.0,2004,"{""type"":""MultiPoint"",""coordinates"":[]}"
20040504,2004-05-04,124,5,0.0,2004,"{""type"":""MultiPoint"",""coordinates"":[]}"
20040505,2004-05-05,125,5,0.0,2004,"{""type"":""MultiPoint"",""coordinates"":[]}"
20040506,2004-05-06,126,5,2.0401025119217864,2004,"{""type"":""MultiPoint"",""coordinates"":[]}"
20040507,2004-05-07,127,5,0.2377876477044132,2004,"{""type"":""MultiPoint"",""coordinates"":[]}"
20040508,2004-05-08,128,5,0.05219208481146997,2004,"{""type"":""MultiPoint"",""coordinates"":[]}"
20040509,2004-05-09,129,5,1.7227128652752826,2004,"{""type"":""MultiPoint"",""coordinates"":[]}"
20040510,2004-05-10,130,5,0.05856220091562692,2004,"{""type"":""MultiPoint"",""coordinates"":[]}"
20040511,2004-05-11,131,5,0.0,2004,"{""type"":""MultiPoint"",""coordinates"":[]}"
20040512,2004-05-12,132,5,1.2649268639113649,2004,"{""type"":""MultiPoint"",""coordinates"":[]}"
20040513,2004-05-13,133,5,2.1488047859932697,2004,"{""type"":""MultiPoint"",""coordinates"":[]}"
20040514,2004-05-14,134,5,1.933883980255973,2004,"{""type"":""MultiPoint"",""coordinates"":[]}"
20040515,2004-05-15,135,5,1.8063454772250727,2004,"{""type"":""MultiPoint"",""coordinates"":[]}"
20040516,2004-05-16,136,5,3.3102965168632785,2004,"{""type"":""MultiPoint"",""coordinates"":[]}"
20040517,2004-05-17,137,5,0.0,2004,"{""type"":""MultiPoint"",""coordinates"":[]}"
20040518,2004-05-18,138,5,0.0,2004,"{""type"":""MultiPoint"",""coordinates"":[]}"
20040519,2004-05-19,139,5,4.645323423943582,2004,"{""type"":""MultiPoint"",""coordinates"":[]}"
20040520,2004-05-20,140,5,1.400265500719747,2004,"{""type"":""MultiPoint"",""coordinates"":[]}"
20040521,2004-05-21,141,5,0.06879606164783789,2004,"{""type"":""MultiPoint"",""coordinates"":[]}"
20040522,2004-05-22,142,5,5.703232225037301,2004,"{""type"":""MultiPoint"",""coordinates"":[]}"
20040523,2004-05-23,143,5,0.0,2004,"{""type"":""MultiPoint"",""coordinates"":[]}"
20040524,2004-05-24,144,5,0.0,2004,"{""type"":""MultiPoint"",""coordinates"":[]}"
20040525,2004-05-25,145,5,2.4488011516422574,2004,"{""type"":""MultiPoint"",""coordinates"":[]}"
20040526,2004-05-26,146,5,0.0,2004,"{""type"":""MultiPoint"",""coordinates"":[]}"
20040527,2004-05-27,147,5,11.985463857603536,2004,"{""type"":""MultiPoint"",""coordinates"":[]}"
20040528,2004-05-28,148,5,1.7783513606527246,2004,"{""type"":""MultiPoint"",""coordinates"":[]}"
20040529,2004-05-29,149,5,0.0,2004,"{""type"":""MultiPoint"",""coordinates"":[]}"
20040530,2004-05-30,150,5,1.6471886787822538,2004,"{""type"":""MultiPoint"",""coordinates"":[]}"
20040531,2004-05-31,151,5,0.0,2004,"{""type"":""MultiPoint"",""coordinates"":[]}"
20040601,2004-06-01,152,6,0.0,2004,"{""type"":""MultiPoint"",""coordinates"":[]}"
20040602,2004-06-02,153,6,0.0,2004,"{""type"":""MultiPoint"",""coordinates"":[]}"
20040603,2004-06-03,154,6,6.411156436763768,2004,"{""type"":""MultiPoint"",""coordinates"":[]}"
20040604,2004-06-04,155,6,0.0,2004,"{""type"":""MultiPoint"",""coordinates"":[]}"
20040605,2004-06-05,156,6,0.0,2004,"{""type"":""MultiPoint"",""coordinates"":[]}"
20040606,2004-06-06,157,6,6.6050129998294524,2004,"{""type"":""MultiPoint"",""coordinates"":[]}"
20040607,2004-06-07,158,6,0.039040407749137494,2004,"{""type"":""MultiPoint"",""coordinates"":[]}"
20040608,2004-06-08,159,6,2.1585812677981053,2004,"{""type"":""MultiPoint"",""coordinates"":[]}"
20040609,2004-06-09,160,6,0.0,2004,"{""type"":""MultiPoint"",""coordinates"":[]}"
20040610,2004-06-10,161,6,0.0,2004,"{""type"":""MultiPoint"",""coordinates"":[]}"
20040611,2004-06-11,162,6,0.0,2004,"{""type"":""MultiPoint"",""coordinates"":[]}"
20040612,2004-06-12,163,6,6.015600700146091,2004,"{""type"":""MultiPoint"",""coordinates"":[]}"
20040613,2004-06-13,164,6,3.959172450662675,2004,"{""type"":""MultiPoint"",""coordinates"":[]}"
20040614,2004-06-14,165,6,0.236470222992575,2004,"{""type"":""MultiPoint"",""coordinates"":[]}"
20040615,2004-06-15,166,6,1.1402133293590067,2004,"{""type"":""MultiPoint"",""coordinates"":[]}"
20040616,2004-06-16,167,6,4.074776718512127,2004,"{""type"":""MultiPoint"",""coordinates"":[]}"
20040617,2004-06-17,168,6,1.881123844267803,2004,"{""type"":""MultiPoint"",""coordinates"":[]}"
20040618,2004-06-18,169,6,4.19442669711129,2004,"{""type"":""MultiPoint"",""coordinates"":[]}"
20040619,2004-06-19,170,6,3.6220511035603753,2004,"{""type"":""MultiPoint"",""coordinates"":[]}"
20040620,2004-06-20,171,6,3.170914700796732,2004,"{""type"":""MultiPoint"",""coordinates"":[]}"
20040621,2004-06-21,172,6,2.399680814806318,2004,"{""type"":""MultiPoint"",""coordinates"":[]}"
20040622,2004-06-22,173,6,4.906503329444201,2004,"{""type"":""MultiPoint"",""coordinates"":[]}"
20040623,2004-06-23,174,6,0.0,2004,"{""type"":""MultiPoint"",""coordinates"":[]}"
20040624,2004-06-24,175,6,3.1598952440819805,2004,"{""type"":""MultiPoint"",""coordinates"":[]}"
20040625,2004-06-25,176,6,0.0,2004,"{""type"":""MultiPoint"",""coordinates"":[]}"
20040626,2004-06-26,177,6,0.0,2004,"{""type"":""MultiPoint"",""coordinates"":[]}"
20040627,2004-06-27,178,6,2.6195485132900793,2004,"{""type"":""MultiPoint"",""coordinates"":[]}"
20040628,2004-06-28,179,6,2.1988157785913924,2004,"{""type"":""MultiPoint"",""coordinates"":[]}"
20040629,2004-06-29,180,6,11.000389256083533,2004,"{""type"":""MultiPoint"",""coordinates"":[]}"
20040630,2004-06-30,181,6,4.367927887766024,2004,"{""type"":""MultiPoint"",""coordinates"":[]}"
20040701,2004-07-01,182,7,0.0,2004,"{""type"":""MultiPoint"",""coordinates"":[]}"
20040702,2004-07-02,183,7,0.0,2004,"{""type"":""MultiPoint"",""coordinates"":[]}"
20040703,2004-07-03,184,7,0.0,2004,"{""type"":""MultiPoint"",""coordinates"":[]}"
20040704,2004-07-04,185,7,7.91484019817232,2004,"{""type"":""MultiPoint"",""coordinates"":[]}"
20040705,2004-07-05,186,7,7.867169918506824,2004,"{""type"":""MultiPoint"",""coordinates"":[]}"
20040706,2004-07-06,187,7,6.1115376856285035,2004,"{""type"":""MultiPoint"",""coordinates"":[]}"
20040707,2004-07-07,188,7,0.0,2004,"{""type"":""MultiPoint"",""coordinates"":[]}"
20040708,2004-07-08,189,7,2.903838091922246,2004,"{""type"":""MultiPoint"",""coordinates"":[]}"
20040709,2004-07-09,190,7,0.05038898641412908,2004,"{""type"":""MultiPoint"",""coordinates"":[]}"
20040710,2004-07-10,191,7,9.21939737949307,2004,"{""type"":""MultiPoint"",""coordinates"":[]}"
20040711,2004-07-11,192,7,0.0,2004,"{""type"":""MultiPoint"",""coordinates"":[]}"
20040712,2004-07-12,193,7,0.0,2004,"{""type"":""MultiPoint"",""coordinates"":[]}"
20040713,2004-07-13,194,7,6.136895822520113,2004,"{""type"":""MultiPoint"",""coordinates"":[]}"
20040714,2004-07-14,195,7,10.222796060184741,2004,"{""type"":""MultiPoint"",""coordinates"":[]}"
20040715,2004-07-15,196,7,0.10847577422556251,2004,"{""type"":""MultiPoint"",""coordinates"":[]}"
20040716,2004-07-16,197,7,11.506880034029093,2004,"{""type"":""MultiPoint"",""coordinates"":[]}"
20040717,2004-07-17,198,7,0.0,2004,"{""type"":""MultiPoint"",""coordinates"":[]}"
20040718,2004-07-18,199,7,8.481153297669865,2004,"{""type"":""MultiPoint"",""coordinates"":[]}"
20040719,2004-07-19,200,7,8.14561253213533,2004,"{""type"":""MultiPoint"",""coordinates"":[]}"
20040720,2004-07-20,201,7,0.0,2004,"{""type"":""MultiPoint"",""coordinates"":[]}"
20040721,2004-07-21,202,7,23.156045219737198,2004,"{""type"":""MultiPoint"",""coordinates"":[]}"
20040722,2004-07-22,203,7,6.912611907910631,2004,"{""type"":""MultiPoint"",""coordinates"":[]}"
20040723,2004-07-23,204,7,16.081891000188207,2004,"{""type"":""MultiPoint"",""coordinates"":[]}"
20040724,2004-07-24,205,7,7.747654141660115,2004,"{""type"":""MultiPoint"",""coordinates"":[]}"
20040725,2004-07-25,206,7,18.782144970552928,2004,"{""type"":""MultiPoint"",""coordinates"":[]}"
20040726,2004-07-26,207,7,16.685654022736607,2004,"{""type"":""MultiPoint"",""coordinates"":[]}"
20040727,2004-07-27,208,7,7.045675716770359,2004,"{""type"":""MultiPoint"",""coordinates"":[]}"
20040728,2004-07-28,209,7,0.23175018625605057,2004,"{""type"":""MultiPoint"",""coordinates"":[]}"
20040729,2004-07-29,210,7,0.4375654575871486,2004,"{""type"":""MultiPoint"",""coordinates"":[]}"
20040730,2004-07-30,211,7,0.0,2004,"{""type"":""MultiPoint"",""coordinates"":[]}"
20040731,2004-07-31,212,7,8.521598350413838,2004,"{""type"":""MultiPoint"",""coordinates"":[]}"
20040801,2004-08-01,213,8,0.0,2004,"{""type"":""MultiPoint"",""coordinates"":[]}"
20040802,2004-08-02,214,8,0.0,2004,"{""type"":""MultiPoint"",""coordinates"":[]}"
20040803,2004-08-03,215,8,0.0,2004,"{""type"":""MultiPoint"",""coordinates"":[]}"
20040804,2004-08-04,216,8,5.95540510378018,2004,"{""type"":""MultiPoint"",""coordinates"":[]}"
20040805,2004-08-05,217,8,5.2536982359992885,2004,"{""type"":""MultiPoint"",""coordinates"":[]}"
20040806,2004-08-06,218,8,0.0,2004,"{""type"":""MultiPoint"",""coordinates"":[]}"
20040807,2004-08-07,219,8,19.775066953150205,2004,"{""type"":""MultiPoint"",""coordinates"":[]}"
20040808,2004-08-08,220,8,0.0,2004,"{""type"":""MultiPoint"",""coordinates"":[]}"
20040809,2004-08-09,221,8,0.6935107357125634,2004,"{""type"":""MultiPoint"",""coordinates"":[]}"
20040810,2004-08-10,222,8,4.757321061368366,2004,"{""type"":""MultiPoint"",""coordinates"":[]}"
20040811,2004-08-11,223,8,0.0,2004,"{""type"":""MultiPoint"",""coordinates"":[]}"
20040812,2004-08-12,224,8,1.4107246951883108,2004,"{""type"":""MultiPoint"",""coordinates"":[]}"
20040813,2004-08-13,225,8,4.277250020757574,2004,"{""type"":""MultiPoint"",""coordinates"":[]}"
20040814,2004-08-14,226,8,11.89894065046622,2004,"{""type"":""MultiPoint"",""coordinates"":[]}"
20040815,2004-08-15,227,8,0.0,2004,"{""type"":""MultiPoint"",""coordinates"":[]}"
20040816,2004-08-16,228,8,24.870878315651915,2004,"{""type"":""MultiPoint"",""coordinates"":[]}"
20040817,2004-08-17,229,8,10.245300095868505,2004,"{""type"":""MultiPoint"",""coordinates"":[]}"
20040818,2004-08-18,230,8,0.7680656979357424,2004,"{""type"":""MultiPoint"",""coordinates"":[]}"
20040819,2004-08-19,231,8,3.6263093500709647,2004,"{""type"":""MultiPoint"",""coordinates"":[]}"
20040820,2004-08-20,232,8,6.215053861413669,2004,"{""type"":""MultiPoint"",""coordinates"":[]}"
20040821,2004-08-21,233,8,2.9709278438369404,2004,"{""type"":""MultiPoint"",""coordinates"":[]}"
20040822,2004-08-22,234,8,16.03981036577019,2004,"{""type"":""MultiPoint"",""coordinates"":[]}"
20040823,2004-08-23,235,8,21.57091328705342,2004,"{""type"":""MultiPoint"",""coordinates"":[]}"
20040824,2004-08-24,236,8,19.09553143906815,2004,"{""type"":""MultiPoint"",""coordinates"":[]}"
20040825,2004-08-25,237,8,0.0,2004,"{""type"":""MultiPoint"",""coordinates"":[]}"
20040826,2004-08-26,238,8,0.0,2004,"{""type"":""MultiPoint"",""coordinates"":[]}"
20040827,2004-08-27,239,8,5.708310047927104,2004,"{""type"":""MultiPoint"",""coordinates"":[]}"
20040828,2004-08-28,240,8,0.0,2004,"{""type"":""MultiPoint"",""coordinates"":[]}"
20040829,2004-08-29,241,8,0.08876247490059151,2004,"{""type"":""MultiPoint"",""coordinates"":[]}"
20040830,2004-08-30,242,8,10.557893264031591,2004,"{""type"":""MultiPoint"",""coordinates"":[]}"
20040831,2004-08-31,243,8,4.052950458022291,2004,"{""type"":""MultiPoint"",""coordinates"":[]}"
20040901,2004-09-01,244,9,4.290148173730947,2004,"{""type"":""MultiPoint"",""coordinates"":[]}"
20040902,2004-09-02,245,9,10.611766628379467,2004,"{""type"":""MultiPoint"",""coordinates"":[]}"
20040903,2004-09-03,246,9,3.1597845184611764,2004,"{""type"":""MultiPoint"",""coordinates"":[]}"
20040904,2004-09-04,247,9,2.608686783923373,2004,"{""type"":""MultiPoint"",""coordinates"":[]}"
20040905,2004-09-05,248,9,10.079790011848122,2004,"{""type"":""MultiPoint"",""coordinates"":[]}"
20040906,2004-09-06,249,9,0.0,2004,"{""type"":""MultiPoint"",""coordinates"":[]}"
20040907,2004-09-07,250,9,2.871020439309067,2004,"{""type"":""MultiPoint"",""coordinates"":[]}"
20040908,2004-09-08,251,9,2.7904551812364784,2004,"{""type"":""MultiPoint"",""coordinates"":[]}"
20040909,2004-09-09,252,9,0.0,2004,"{""type"":""MultiPoint"",""coordinates"":[]}"
20040910,2004-09-10,253,9,0.3478291404674634,2004,"{""type"":""MultiPoint"",""coordinates"":[]}"
20040911,2004-09-11,254,9,0.0,2004,"{""type"":""MultiPoint"",""coordinates"":[]}"
20040912,2004-09-12,255,9,12.857935541855225,2004,"{""type"":""MultiPoint"",""coordinates"":[]}"
20040913,2004-09-13,256,9,0.0,2004,"{""type"":""MultiPoint"",""coordinates"":[]}"
20040914,2004-09-14,257,9,0.0,2004,"{""type"":""MultiPoint"",""coordinates"":[]}"
20040915,2004-09-15,258,9,4.595418048344123,2004,"{""type"":""MultiPoint"",""coordinates"":[]}"
20040916,2004-09-16,259,9,0.20477294119118838,2004,"{""type"":""MultiPoint"",""coordinates"":[]}"
20040917,2004-09-17,260,9,8.935378516539652,2004,"{""type"":""MultiPoint"",""coordinates"":[]}"
20040918,2004-09-18,261,9,0.0,2004,"{""type"":""MultiPoint"",""coordinates"":[]}"
20040919,2004-09-19,262,9,0.0,2004,"{""type"":""MultiPoint"",""coordinates"":[]}"
20040920,2004-09-20,263,9,0.0,2004,"{""type"":""MultiPoint"",""coordinates"":[]}"
20040921,2004-09-21,264,9,0.0,2004,"{""type"":""MultiPoint"",""coordinates"":[]}"
20040922,2004-09-22,265,9,0.0,2004,"{""type"":""MultiPoint"",""coordinates"":[]}"
20040923,2004-09-23,266,9,4.395809570995504,2004,"{""type"":""MultiPoint"",""coordinates"":[]}"
20040924,2004-09-24,267,9,5.528137012244828,2004,"{""type"":""MultiPoint"",""coordinates"":[]}"
20040925,2004-09-25,268,9,0.0,2004,"{""type"":""MultiPoint"",""coordinates"":[]}"
20040926,2004-09-26,269,9,0.032661113863676976,2004,"{""type"":""MultiPoint"",""coordinates"":[]}"
20040927,2004-09-27,270,9,2.6530638774755473,2004,"{""type"":""MultiPoint"",""coordinates"":[]}"
20040928,2004-09-28,271,9,6.109640149603647,2004,"{""type"":""MultiPoint"",""coordinates"":[]}"
20040929,2004-09-29,272,9,0.0,2004,"{""type"":""MultiPoint"",""coordinates"":[]}"
20040930,2004-09-30,273,9,1.1854430910005833,2004,"{""type"":""MultiPoint"",""coordinates"":[]}"
20041001,2004-10-01,274,10,3.468816751205088,2004,"{""type"":""MultiPoint"",""coordinates"":[]}"
20041002,2004-10-02,275,10,7.392673760268872,2004,"{""type"":""MultiPoint"",""coordinates"":[]}"
20041003,2004-10-03,276,10,0.0,2004,"{""type"":""MultiPoint"",""coordinates"":[]}"
20041004,2004-10-04,277,10,0.7146121189839345,2004,"{""type"":""MultiPoint"",""coordinates"":[]}"
20041005,2004-10-05,278,10,0.0,2004,"{""type"":""MultiPoint"",""coordinates"":[]}"
20041006,2004-10-06,279,10,0.0,2004,"{""type"":""MultiPoint"",""coordinates"":[]}"
20041007,2004-10-07,280,10,0.03852867734245698,2004,"{""type"":""MultiPoint"",""coordinates"":[]}"
20041008,2004-10-08,281,10,2.346456253734006,2004,"{""type"":""MultiPoint"",""coordinates"":[]}"
20041009,2004-10-09,282,10,0.0,2004,"{""type"":""MultiPoint"",""coordinates"":[]}"
20041010,2004-10-10,283,10,0.03541613478640751,2004,"{""type"":""MultiPoint"",""coordinates"":[]}"
20041011,2004-10-11,284,10,0.40389136570140755,2004,"{""type"":""MultiPoint"",""coordinates"":[]}"
20041012,2004-10-12,285,10,0.0,2004,"{""type"":""MultiPoint"",""coordinates"":[]}"
20041013,2004-10-13,286,10,0.0,2004,"{""type"":""MultiPoint"",""coordinates"":[]}"
20041014,2004-10-14,287,10,0.0,2004,"{""type"":""MultiPoint"",""coordinates"":[]}"
20041015,2004-10-15,288,10,0.0,2004,"{""type"":""MultiPoint"",""coordinates"":[]}"
20041016,2004-10-16,289,10,0.0,2004,"{""type"":""MultiPoint"",""coordinates"":[]}"
20041017,2004-10-17,290,10,0.0,2004,"{""type"":""MultiPoint"",""coordinates"":[]}"
20041018,2004-10-18,291,10,0.0,2004,"{""type"":""MultiPoint"",""coordinates"":[]}"
20041019,2004-10-19,292,10,0.24844290278032996,2004,"{""type"":""MultiPoint"",""coordinates"":[]}"
20041020,2004-10-20,293,10,0.0,2004,"{""type"":""MultiPoint"",""coordinates"":[]}"
20041021,2004-10-21,294,10,0.0,2004,"{""type"":""MultiPoint"",""coordinates"":[]}"
20041022,2004-10-22,295,10,0.0,2004,"{""type"":""MultiPoint"",""coordinates"":[]}"
20041023,2004-10-23,296,10,0.40712882258155886,2004,"{""type"":""MultiPoint"",""coordinates"":[]}"
20041024,2004-10-24,297,10,1.3048758043419322,2004,"{""type"":""MultiPoint"",""coordinates"":[]}"
20041025,2004-10-25,298,10,0.5057566808010946,2004,"{""type"":""MultiPoint"",""coordinates"":[]}"
20041026,2004-10-26,299,10,0.0,2004,"{""type"":""MultiPoint"",""coordinates"":[]}"
20041027,2004-10-27,300,10,0.0,2004,"{""type"":""MultiPoint"",""coordinates"":[]}"
20041028,2004-10-28,301,10,0.49072547673966577,2004,"{""type"":""MultiPoint"",""coordinates"":[]}"
20041029,2004-10-29,302,10,0.0,2004,"{""type"":""MultiPoint"",""coordinates"":[]}"
20041030,2004-10-30,303,10,0.0,2004,"{""type"":""MultiPoint"",""coordinates"":[]}"
20041031,2004-10-31,304,10,0.0,2004,"{""type"":""MultiPoint"",""coordinates"":[]}"
20041101,2004-11-01,305,11,0.0,2004,"{""type"":""MultiPoint"",""coordinates"":[]}"
20041102,2004-11-02,306,11,0.0,2004,"{""type"":""MultiPoint"",""coordinates"":[]}"
20041103,2004-11-03,307,11,0.0,2004,"{""type"":""MultiPoint"",""coordinates"":[]}"
20041104,2004-11-04,308,11,0.0,2004,"{""type"":""MultiPoint"",""coordinates"":[]}"
20041105,2004-11-05,309,11,0.0,2004,"{""type"":""MultiPoint"",""coordinates"":[]}"
20041106,2004-11-06,310,11,0.0,2004,"{""type"":""MultiPoint"",""coordinates"":[]}"
20041107,2004-11-07,311,11,0.0,2004,"{""type"":""MultiPoint"",""coordinates"":[]}"
20041108,2004-11-08,312,11,0.044453093960252606,2004,"{""type"":""MultiPoint"",""coordinates"":[]}"
20041109,2004-11-09,313,11,0.0,2004,"{""type"":""MultiPoint"",""coordinates"":[]}"
20041110,2004-11-10,314,11,0.0,2004,"{""type"":""MultiPoint"",""coordinates"":[]}"
20041111,2004-11-11,315,11,0.0012240092998496328,2004,"{""type"":""MultiPoint"",""coordinates"":[]}"
20041112,2004-11-12,316,11,0.0,2004,"{""type"":""MultiPoint"",""coordinates"":[]}"
20041113,2004-11-13,317,11,0.0,2004,"{""type"":""MultiPoint"",""coordinates"":[]}"
20041114,2004-11-14,318,11,0.0,2004,"{""type"":""MultiPoint"",""coordinates"":[]}"
20041115,2004-11-15,319,11,0.0,2004,"{""type"":""MultiPoint"",""coordinates"":[]}"
20041116,2004-11-16,320,11,0.0,2004,"{""type"":""MultiPoint"",""coordinates"":[]}"
20041117,2004-11-17,321,11,0.0,2004,"{""type"":""MultiPoint"",""coordinates"":[]}"
20041118,2004-11-18,322,11,0.0,2004,"{""type"":""MultiPoint"",""coordinates"":[]}"
20041119,2004-11-19,323,11,0.0,2004,"{""type"":""MultiPoint"",""coordinates"":[]}"
20041120,2004-11-20,324,11,0.0,2004,"{""type"":""MultiPoint"",""coordinates"":[]}"
20041121,2004-11-21,325,11,0.0,2004,"{""type"":""MultiPoint"",""coordinates"":[]}"
20041122,2004-11-22,326,11,0.0,2004,"{""type"":""MultiPoint"",""coordinates"":[]}"
20041123,2004-11-23,327,11,0.0,2004,"{""type"":""MultiPoint"",""coordinates"":[]}"
20041124,2004-11-24,328,11,0.0,2004,"{""type"":""MultiPoint"",""coordinates"":[]}"
20041125,2004-11-25,329,11,0.0,2004,"{""type"":""MultiPoint"",""coordinates"":[]}"
20041126,2004-11-26,330,11,0.0,2004,"{""type"":""MultiPoint"",""coordinates"":[]}"
20041127,2004-11-27,331,11,0.0,2004,"{""type"":""MultiPoint"",""coordinates"":[]}"
20041128,2004-11-28,332,11,0.0,2004,"{""type"":""MultiPoint"",""coordinates"":[]}"
20041129,2004-11-29,333,11,0.0,2004,"{""type"":""MultiPoint"",""coordinates"":[]}"
20041130,2004-11-30,334,11,0.0,2004,"{""type"":""MultiPoint"",""coordinates"":[]}"
20041201,2004-12-01,335,12,0.0,2004,"{""type"":""MultiPoint"",""coordinates"":[]}"
20041202,2004-12-02,336,12,0.0,2004,"{""type"":""MultiPoint"",""coordinates"":[]}"
20041203,2004-12-03,337,12,0.0,2004,"{""type"":""MultiPoint"",""coordinates"":[]}"
20041204,2004-12-04,338,12,0.0,2004,"{""type"":""MultiPoint"",""coordinates"":[]}"
20041205,2004-12-05,339,12,0.0,2004,"{""type"":""MultiPoint"",""coordinates"":[]}"
20041206,2004-12-06,340,12,0.0,2004,"{""type"":""MultiPoint"",""coordinates"":[]}"
20041207,2004-12-07,341,12,0.0,2004,"{""type"":""MultiPoint"",""coordinates"":[]}"
20041208,2004-12-08,342,12,0.0,2004,"{""type"":""MultiPoint"",""coordinates"":[]}"
20041209,2004-12-09,343,12,0.0,2004,"{""type"":""MultiPoint"",""coordinates"":[]}"
20041210,2004-12-10,344,12,0.0,2004,"{""type"":""MultiPoint"",""coordinates"":[]}"
20041211,2004-12-11,345,12,0.0,2004,"{""type"":""MultiPoint"",""coordinates"":[]}"
20041212,2004-12-12,346,12,0.0,2004,"{""type"":""MultiPoint"",""coordinates"":[]}"
20041213,2004-12-13,347,12,0.0,2004,"{""type"":""MultiPoint"",""coordinates"":[]}"
20041214,2004-12-14,348,12,0.0,2004,"{""type"":""MultiPoint"",""coordinates"":[]}"
20041215,2004-12-15,349,12,0.0,2004,"{""type"":""MultiPoint"",""coordinates"":[]}"
20041216,2004-12-16,350,12,0.0,2004,"{""type"":""MultiPoint"",""coordinates"":[]}"
20041217,2004-12-17,351,12,0.0,2004,"{""type"":""MultiPoint"",""coordinates"":[]}"
20041218,2004-12-18,352,12,0.0,2004,"{""type"":""MultiPoint"",""coordinates"":[]}"
20041219,2004-12-19,353,12,0.0,2004,"{""type"":""MultiPoint"",""coordinates"":[]}"
20041220,2004-12-20,354,12,0.0,2004,"{""type"":""MultiPoint"",""coordinates"":[]}"
20041221,2004-12-21,355,12,0.0,2004,"{""type"":""MultiPoint"",""coordinates"":[]}"
20041222,2004-12-22,356,12,0.0,2004,"{""type"":""MultiPoint"",""coordinates"":[]}"
20041223,2004-12-23,357,12,0.0,2004,"{""type"":""MultiPoint"",""coordinates"":[]}"
20041224,2004-12-24,358,12,0.0,2004,"{""type"":""MultiPoint"",""coordinates"":[]}"
20041225,2004-12-25,359,12,0.0,2004,"{""type"":""MultiPoint"",""coordinates"":[]}"
20041226,2004-12-26,360,12,0.0,2004,"{""type"":""MultiPoint"",""coordinates"":[]}"
20041227,2004-12-27,361,12,0.0,2004,"{""type"":""MultiPoint"",""coordinates"":[]}"
20041228,2004-12-28,362,12,0.0,2004,"{""type"":""MultiPoint"",""coordinates"":[]}"
20041229,2004-12-29,363,12,0.0,2004,"{""type"":""MultiPoint"",""coordinates"":[]}"
20041230,2004-12-30,364,12,0.0,2004,"{""type"":""MultiPoint"",""coordinates"":[]}"
20041231,2004-12-31,365,12,0.0,2004,"{""type"":""MultiPoint"",""coordinates"":[]}"
20050101,2005-01-01,0,1,0.0,2005,"{""type"":""MultiPoint"",""coordinates"":[]}"
20050102,2005-01-02,1,1,0.0,2005,"{""type"":""MultiPoint"",""coordinates"":[]}"
20050103,2005-01-03,2,1,0.0,2005,"{""type"":""MultiPoint"",""coordinates"":[]}"
20050104,2005-01-04,3,1,0.0,2005,"{""type"":""MultiPoint"",""coordinates"":[]}"
20050105,2005-01-05,4,1,0.0,2005,"{""type"":""MultiPoint"",""coordinates"":[]}"
20050106,2005-01-06,5,1,0.0,2005,"{""type"":""MultiPoint"",""coordinates"":[]}"
20050107,2005-01-07,6,1,0.0,2005,"{""type"":""MultiPoint"",""coordinates"":[]}"
20050108,2005-01-08,7,1,0.0,2005,"{""type"":""MultiPoint"",""coordinates"":[]}"
20050109,2005-01-09,8,1,0.0,2005,"{""type"":""MultiPoint"",""coordinates"":[]}"
20050110,2005-01-10,9,1,0.0,2005,"{""type"":""MultiPoint"",""coordinates"":[]}"
20050111,2005-01-11,10,1,0.0,2005,"{""type"":""MultiPoint"",""coordinates"":[]}"
20050112,2005-01-12,11,1,0.0,2005,"{""type"":""MultiPoint"",""coordinates"":[]}"
20050113,2005-01-13,12,1,0.0,2005,"{""type"":""MultiPoint"",""coordinates"":[]}"
20050114,2005-01-14,13,1,0.0,2005,"{""type"":""MultiPoint"",""coordinates"":[]}"
20050115,2005-01-15,14,1,0.0,2005,"{""type"":""MultiPoint"",""coordinates"":[]}"
20050116,2005-01-16,15,1,0.0,2005,"{""type"":""MultiPoint"",""coordinates"":[]}"
20050117,2005-01-17,16,1,0.0,2005,"{""type"":""MultiPoint"",""coordinates"":[]}"
20050118,2005-01-18,17,1,0.0,2005,"{""type"":""MultiPoint"",""coordinates"":[]}"
20050119,2005-01-19,18,1,0.0,2005,"{""type"":""MultiPoint"",""coordinates"":[]}"
20050120,2005-01-20,19,1,0.0,2005,"{""type"":""MultiPoint"",""coordinates"":[]}"
20050121,2005-01-21,20,1,0.0,2005,"{""type"":""MultiPoint"",""coordinates"":[]}"
20050122,2005-01-22,21,1,0.0,2005,"{""type"":""MultiPoint"",""coordinates"":[]}"
20050123,2005-01-23,22,1,0.0,2005,"{""type"":""MultiPoint"",""coordinates"":[]}"
20050124,2005-01-24,23,1,0.0,2005,"{""type"":""MultiPoint"",""coordinates"":[]}"
20050125,2005-01-25,24,1,0.0,2005,"{""type"":""MultiPoint"",""coordinates"":[]}"
20050126,2005-01-26,25,1,0.0,2005,"{""type"":""MultiPoint"",""coordinates"":[]}"
20050127,2005-01-27,26,1,0.0,2005,"{""type"":""MultiPoint"",""coordinates"":[]}"
20050128,2005-01-28,27,1,0.0,2005,"{""type"":""MultiPoint"",""coordinates"":[]}"
20050129,2005-01-29,28,1,1.3619066099335388E-9,2005,"{""type"":""MultiPoint"",""coordinates"":[]}"
20050130,2005-01-30,29,1,0.0,2005,"{""type"":""MultiPoint"",""coordinates"":[]}"
20050131,2005-01-31,30,1,0.0,2005,"{""type"":""MultiPoint"",""coordinates"":[]}"
20050201,2005-02-01,31,2,0.0,2005,"{""type"":""MultiPoint"",""coordinates"":[]}"
20050202,2005-02-02,32,2,0.0,2005,"{""type"":""MultiPoint"",""coordinates"":[]}"
20050203,2005-02-03,33,2,0.0,2005,"{""type"":""MultiPoint"",""coordinates"":[]}"
20050204,2005-02-04,34,2,0.0,2005,"{""type"":""MultiPoint"",""coordinates"":[]}"
20050205,2005-02-05,35,2,0.0,2005,"{""type"":""MultiPoint"",""coordinates"":[]}"
20050206,2005-02-06,36,2,0.0,2005,"{""type"":""MultiPoint"",""coordinates"":[]}"
20050207,2005-02-07,37,2,0.0,2005,"{""type"":""MultiPoint"",""coordinates"":[]}"
20050208,2005-02-08,38,2,0.0,2005,"{""type"":""MultiPoint"",""coordinates"":[]}"
20050209,2005-02-09,39,2,0.0,2005,"{""type"":""MultiPoint"",""coordinates"":[]}"
20050210,2005-02-10,40,2,0.0,2005,"{""type"":""MultiPoint"",""coordinates"":[]}"
20050211,2005-02-11,41,2,0.0,2005,"{""type"":""MultiPoint"",""coordinates"":[]}"
20050212,2005-02-12,42,2,0.0,2005,"{""type"":""MultiPoint"",""coordinates"":[]}"
20050213,2005-02-13,43,2,0.0,2005,"{""type"":""MultiPoint"",""coordinates"":[]}"
20050214,2005-02-14,44,2,0.0,2005,"{""type"":""MultiPoint"",""coordinates"":[]}"
20050215,2005-02-15,45,2,0.0,2005,"{""type"":""MultiPoint"",""coordinates"":[]}"
20050216,2005-02-16,46,2,0.0,2005,"{""type"":""MultiPoint"",""coordinates"":[]}"
20050217,2005-02-17,47,2,0.0,2005,"{""type"":""MultiPoint"",""coordinates"":[]}"
20050218,2005-02-18,48,2,0.0,2005,"{""type"":""MultiPoint"",""coordinates"":[]}"
20050219,2005-02-19,49,2,0.0,2005,"{""type"":""MultiPoint"",""coordinates"":[]}"
20050220,2005-02-20,50,2,0.0,2005,"{""type"":""MultiPoint"",""coordinates"":[]}"
20050221,2005-02-21,51,2,0.0,2005,"{""type"":""MultiPoint"",""coordinates"":[]}"
20050222,2005-02-22,52,2,0.0,2005,"{""type"":""MultiPoint"",""coordinates"":[]}"
20050223,2005-02-23,53,2,0.0,2005,"{""type"":""MultiPoint"",""coordinates"":[]}"
20050224,2005-02-24,54,2,0.0,2005,"{""type"":""MultiPoint"",""coordinates"":[]}"
20050225,2005-02-25,55,2,0.0,2005,"{""type"":""MultiPoint"",""coordinates"":[]}"
20050226,2005-02-26,56,2,0.00823616947935203,2005,"{""type"":""MultiPoint"",""coordinates"":[]}"
20050227,2005-02-27,57,2,0.0,2005,"{""type"":""MultiPoint"",""coordinates"":[]}"
20050228,2005-02-28,58,2,0.0,2005,"{""type"":""MultiPoint"",""coordinates"":[]}"
20050301,2005-03-01,59,3,0.0,2005,"{""type"":""MultiPoint"",""coordinates"":[]}"
20050302,2005-03-02,60,3,0.0,2005,"{""type"":""MultiPoint"",""coordinates"":[]}"
20050303,2005-03-03,61,3,0.0,2005,"{""type"":""MultiPoint"",""coordinates"":[]}"
20050304,2005-03-04,62,3,0.0,2005,"{""type"":""MultiPoint"",""coordinates"":[]}"
20050305,2005-03-05,63,3,0.0,2005,"{""type"":""MultiPoint"",""coordinates"":[]}"
20050306,2005-03-06,64,3,0.005073140603489251,2005,"{""type"":""MultiPoint"",""coordinates"":[]}"
20050307,2005-03-07,65,3,0.08415148837816883,2005,"{""type"":""MultiPoint"",""coordinates"":[]}"
20050308,2005-03-08,66,3,0.0,2005,"{""type"":""MultiPoint"",""coordinates"":[]}"
20050309,2005-03-09,67,3,0.0,2005,"{""type"":""MultiPoint"",""coordinates"":[]}"
20050310,2005-03-10,68,3,0.0013857246771311672,2005,"{""type"":""MultiPoint"",""coordinates"":[]}"
20050311,2005-03-11,69,3,0.0,2005,"{""type"":""MultiPoint"",""coordinates"":[]}"
20050312,2005-03-12,70,3,0.0,2005,"{""type"":""MultiPoint"",""coordinates"":[]}"
20050313,2005-03-13,71,3,0.0,2005,"{""type"":""MultiPoint"",""coordinates"":[]}"
20050314,2005-03-14,72,3,0.0,2005,"{""type"":""MultiPoint"",""coordinates"":[]}"
20050315,2005-03-15,73,3,0.0,2005,"{""type"":""MultiPoint"",""coordinates"":[]}"
20050316,2005-03-16,74,3,0.0,2005,"{""type"":""MultiPoint"",""coordinates"":[]}"
20050317,2005-03-17,75,3,0.0,2005,"{""type"":""MultiPoint"",""coordinates"":[]}"
20050318,2005-03-18,76,3,0.0,2005,"{""type"":""MultiPoint"",""coordinates"":[]}"
20050319,2005-03-19,77,3,0.19024882543663102,2005,"{""type"":""MultiPoint"",""coordinates"":[]}"
20050320,2005-03-20,78,3,0.0,2005,"{""type"":""MultiPoint"",""coordinates"":[]}"
20050321,2005-03-21,79,3,0.0,2005,"{""type"":""MultiPoint"",""coordinates"":[]}"
20050322,2005-03-22,80,3,0.0,2005,"{""type"":""MultiPoint"",""coordinates"":[]}"
20050323,2005-03-23,81,3,0.0,2005,"{""type"":""MultiPoint"",""coordinates"":[]}"
20050324,2005-03-24,82,3,0.09023723542796525,2005,"{""type"":""MultiPoint"",""coordinates"":[]}"
20050325,2005-03-25,83,3,0.0,2005,"{""type"":""MultiPoint"",""coordinates"":[]}"
20050326,2005-03-26,84,3,0.0,2005,"{""type"":""MultiPoint"",""coordinates"":[]}"
20050327,2005-03-27,85,3,0.0,2005,"{""type"":""MultiPoint"",""coordinates"":[]}"
20050328,2005-03-28,86,3,0.0,2005,"{""type"":""MultiPoint"",""coordinates"":[]}"
20050329,2005-03-29,87,3,0.0,2005,"{""type"":""MultiPoint"",""coordinates"":[]}"
20050330,2005-03-30,88,3,0.0,2005,"{""type"":""MultiPoint"",""coordinates"":[]}"
20050331,2005-03-31,89,3,0.0,2005,"{""type"":""MultiPoint"",""coordinates"":[]}"
20050401,2005-04-01,90,4,0.0,2005,"{""type"":""MultiPoint"",""coordinates"":[]}"
20050402,2005-04-02,91,4,0.0,2005,"{""type"":""MultiPoint"",""coordinates"":[]}"
20050403,2005-04-03,92,4,0.0,2005,"{""type"":""MultiPoint"",""coordinates"":[]}"
20050404,2005-04-04,93,4,0.0,2005,"{""type"":""MultiPoint"",""coordinates"":[]}"
20050405,2005-04-05,94,4,0.0,2005,"{""type"":""MultiPoint"",""coordinates"":[]}"
20050406,2005-04-06,95,4,0.0,2005,"{""type"":""MultiPoint"",""coordinates"":[]}"
20050407,2005-04-07,96,4,0.0,2005,"{""type"":""MultiPoint"",""coordinates"":[]}"
20050408,2005-04-08,97,4,0.0,2005,"{""type"":""MultiPoint"",""coordinates"":[]}"
20050409,2005-04-09,98,4,0.0,2005,"{""type"":""MultiPoint"",""coordinates"":[]}"
20050410,2005-04-10,99,4,0.0,2005,"{""type"":""MultiPoint"",""coordinates"":[]}"
20050411,2005-04-11,100,4,0.0,2005,"{""type"":""MultiPoint"",""coordinates"":[]}"
20050412,2005-04-12,101,4,0.0,2005,"{""type"":""MultiPoint"",""coordinates"":[]}"
20050413,2005-04-13,102,4,0.0,2005,"{""type"":""MultiPoint"",""coordinates"":[]}"
20050414,2005-04-14,103,4,0.0,2005,"{""type"":""MultiPoint"",""coordinates"":[]}"
20050415,2005-04-15,104,4,0.0,2005,"{""type"":""MultiPoint"",""coordinates"":[]}"
20050416,2005-04-16,105,4,0.0,2005,"{""type"":""MultiPoint"",""coordinates"":[]}"
20050417,2005-04-17,106,4,0.0,2005,"{""type"":""MultiPoint"",""coordinates"":[]}"
20050418,2005-04-18,107,4,0.0,2005,"{""type"":""MultiPoint"",""coordinates"":[]}"
20050419,2005-04-19,108,4,0.9845859375441989,2005,"{""type"":""MultiPoint"",""coordinates"":[]}"
20050420,2005-04-20,109,4,1.324092867599192,2005,"{""type"":""MultiPoint"",""coordinates"":[]}"
20050421,2005-04-21,110,4,0.9563465403268587,2005,"{""type"":""MultiPoint"",""coordinates"":[]}"
20050422,2005-04-22,111,4,1.7695535295763734,2005,"{""type"":""MultiPoint"",""coordinates"":[]}"
20050423,2005-04-23,112,4,0.0,2005,"{""type"":""MultiPoint"",""coordinates"":[]}"
20050424,2005-04-24,113,4,0.0,2005,"{""type"":""MultiPoint"",""coordinates"":[]}"
20050425,2005-04-25,114,4,0.0,2005,"{""type"":""MultiPoint"",""coordinates"":[]}"
20050426,2005-04-26,115,4,0.0,2005,"{""type"":""MultiPoint"",""coordinates"":[]}"
20050427,2005-04-27,116,4,9.177391494611959E-4,2005,"{""type"":""MultiPoint"",""coordinates"":[]}"
20050428,2005-04-28,117,4,1.1891208135696845,2005,"{""type"":""MultiPoint"",""coordinates"":[]}"
20050429,2005-04-29,118,4,0.0,2005,"{""type"":""MultiPoint"",""coordinates"":[]}"
20050430,2005-04-30,119,4,0.39653064974890434,2005,"{""type"":""MultiPoint"",""coordinates"":[]}"
20050501,2005-05-01,120,5,0.0,2005,"{""type"":""MultiPoint"",""coordinates"":[]}"
20050502,2005-05-02,121,5,0.0,2005,"{""type"":""MultiPoint"",""coordinates"":[]}"
20050503,2005-05-03,122,5,1.6889234564284992,2005,"{""type"":""MultiPoint"",""coordinates"":[]}"
20050504,2005-05-04,123,5,0.5643735685119962,2005,"{""type"":""MultiPoint"",""coordinates"":[]}"
20050505,2005-05-05,124,5,0.0,2005,"{""type"":""MultiPoint"",""coordinates"":[]}"
20050506,2005-05-06,125,5,3.26059253543031,2005,"{""type"":""MultiPoint"",""coordinates"":[]}"
20050507,2005-05-07,126,5,1.5324921587193971,2005,"{""type"":""MultiPoint"",""coordinates"":[]}"
20050508,2005-05-08,127,5,0.0,2005,"{""type"":""MultiPoint"",""coordinates"":[]}"
20050509,2005-05-09,128,5,0.0,2005,"{""type"":""MultiPoint"",""coordinates"":[]}"
20050510,2005-05-10,129,5,1.0923861964996981,2005,"{""type"":""MultiPoint"",""coordinates"":[]}"
20050511,2005-05-11,130,5,0.0,2005,"{""type"":""MultiPoint"",""coordinates"":[]}"
20050512,2005-05-12,131,5,0.2541670594080341,2005,"{""type"":""MultiPoint"",""coordinates"":[]}"
20050513,2005-05-13,132,5,0.7620494904955394,2005,"{""type"":""MultiPoint"",""coordinates"":[]}"
20050514,2005-05-14,133,5,0.0,2005,"{""type"":""MultiPoint"",""coordinates"":[]}"
20050515,2005-05-15,134,5,0.0,2005,"{""type"":""MultiPoint"",""coordinates"":[]}"
20050516,2005-05-16,135,5,0.0,2005,"{""type"":""MultiPoint"",""coordinates"":[]}"
20050517,2005-05-17,136,5,0.0,2005,"{""type"":""MultiPoint"",""coordinates"":[]}"
20050518,2005-05-18,137,5,0.0,2005,"{""type"":""MultiPoint"",""coordinates"":[]}"
20050519,2005-05-19,138,5,0.0,2005,"{""type"":""MultiPoint"",""coordinates"":[]}"
20050520,2005-05-20,139,5,0.0,2005,"{""type"":""MultiPoint"",""coordinates"":[]}"
20050521,2005-05-21,140,5,0.0,2005,"{""type"":""MultiPoint"",""coordinates"":[]}"
20050522,2005-05-22,141,5,0.0,2005,"{""type"":""MultiPoint"",""coordinates"":[]}"
20050523,2005-05-23,142,5,0.013572134625016875,2005,"{""type"":""MultiPoint"",""coordinates"":[]}"
20050524,2005-05-24,143,5,0.16984758975128536,2005,"{""type"":""MultiPoint"",""coordinates"":[]}"
20050525,2005-05-25,144,5,0.0,2005,"{""type"":""MultiPoint"",""coordinates"":[]}"
20050526,2005-05-26,145,5,0.0,2005,"{""type"":""MultiPoint"",""coordinates"":[]}"
20050527,2005-05-27,146,5,0.036204904016822276,2005,"{""type"":""MultiPoint"",""coordinates"":[]}"
20050528,2005-05-28,147,5,7.814742662052419,2005,"{""type"":""MultiPoint"",""coordinates"":[]}"
20050529,2005-05-29,148,5,3.4332862309735224,2005,"{""type"":""MultiPoint"",""coordinates"":[]}"
20050530,2005-05-30,149,5,0.0,2005,"{""type"":""MultiPoint"",""coordinates"":[]}"
20050531,2005-05-31,150,5,2.5716743192995715,2005,"{""type"":""MultiPoint"",""coordinates"":[]}"
20050601,2005-06-01,151,6,5.922089533089031,2005,"{""type"":""MultiPoint"",""coordinates"":[]}"
20050602,2005-06-02,152,6,1.3571347380704422,2005,"{""type"":""MultiPoint"",""coordinates"":[]}"
20050603,2005-06-03,153,6,0.0,2005,"{""type"":""MultiPoint"",""coordinates"":[]}"
20050604,2005-06-04,154,6,4.096412583940642,2005,"{""type"":""MultiPoint"",""coordinates"":[]}"
20050605,2005-06-05,155,6,2.4791827318479007,2005,"{""type"":""MultiPoint"",""coordinates"":[]}"
20050606,2005-06-06,156,6,0.0,2005,"{""type"":""MultiPoint"",""coordinates"":[]}"
20050607,2005-06-07,157,6,8.642591402586863,2005,"{""type"":""MultiPoint"",""coordinates"":[]}"
20050608,2005-06-08,158,6,0.0,2005,"{""type"":""MultiPoint"",""coordinates"":[]}"
20050609,2005-06-09,159,6,0.0,2005,"{""type"":""MultiPoint"",""coordinates"":[]}"
20050610,2005-06-10,160,6,1.959180959264083,2005,"{""type"":""MultiPoint"",""coordinates"":[]}"
20050611,2005-06-11,161,6,0.0,2005,"{""type"":""MultiPoint"",""coordinates"":[]}"
20050612,2005-06-12,162,6,10.832974168894953,2005,"{""type"":""MultiPoint"",""coordinates"":[]}"
20050613,2005-06-13,163,6,0.0,2005,"{""type"":""MultiPoint"",""coordinates"":[]}"
20050614,2005-06-14,164,6,0.0,2005,"{""type"":""MultiPoint"",""coordinates"":[]}"
20050615,2005-06-15,165,6,0.0,2005,"{""type"":""MultiPoint"",""coordinates"":[]}"
20050616,2005-06-16,166,6,12.362974640212927,2005,"{""type"":""MultiPoint"",""coordinates"":[]}"
20050617,2005-06-17,167,6,0.0,2005,"{""type"":""MultiPoint"",""coordinates"":[]}"
20050618,2005-06-18,168,6,11.271424597809872,2005,"{""type"":""MultiPoint"",""coordinates"":[]}"
20050619,2005-06-19,169,6,10.765078415892386,2005,"{""type"":""MultiPoint"",""coordinates"":[]}"
20050620,2005-06-20,170,6,0.0,2005,"{""type"":""MultiPoint"",""coordinates"":[]}"
20050621,2005-06-21,171,6,1.0395498287798177,2005,"{""type"":""MultiPoint"",""coordinates"":[]}"
20050622,2005-06-22,172,6,2.136282618458046,2005,"{""type"":""MultiPoint"",""coordinates"":[]}"
20050623,2005-06-23,173,6,1.3932386595179576,2005,"{""type"":""MultiPoint"",""coordinates"":[]}"
20050624,2005-06-24,174,6,0.4132433678990994,2005,"{""type"":""MultiPoint"",""coordinates"":[]}"
20050625,2005-06-25,175,6,0.7411913061925837,2005,"{""type"":""MultiPoint"",""coordinates"":[]}"
20050626,2005-06-26,176,6,0.0,2005,"{""type"":""MultiPoint"",""coordinates"":[]}"
20050627,2005-06-27,177,6,10.794386519751093,2005,"{""type"":""MultiPoint"",""coordinates"":[]}"
20050628,2005-06-28,178,6,4.357185857747895,2005,"{""type"":""MultiPoint"",""coordinates"":[]}"
20050629,2005-06-29,179,6,0.11326082566394076,2005,"{""type"":""MultiPoint"",""coordinates"":[]}"
20050630,2005-06-30,180,6,4.130606937229008,2005,"{""type"":""MultiPoint"",""coordinates"":[]}"
20050701,2005-07-01,181,7,11.110078850083363,2005,"{""type"":""MultiPoint"",""coordinates"":[]}"
20050702,2005-07-02,182,7,11.183542471258777,2005,"{""type"":""MultiPoint"",""coordinates"":[]}"
20050703,2005-07-03,183,7,16.496054797815695,2005,"{""type"":""MultiPoint"",""coordinates"":[]}"
20050704,2005-07-04,184,7,11.991571285956496,2005,"{""type"":""MultiPoint"",""coordinates"":[]}"
20050705,2005-07-05,185,7,0.0,2005,"{""type"":""MultiPoint"",""coordinates"":[]}"
20050706,2005-07-06,186,7,7.885164353983974,2005,"{""type"":""MultiPoint"",""coordinates"":[]}"
20050707,2005-07-07,187,7,0.0,2005,"{""type"":""MultiPoint"",""coordinates"":[]}"
20050708,2005-07-08,188,7,16.468969227040397,2005,"{""type"":""MultiPoint"",""coordinates"":[]}"
20050709,2005-07-09,189,7,0.0,2005,"{""type"":""MultiPoint"",""coordinates"":[]}"
20050710,2005-07-10,190,7,9.327445170364184,2005,"{""type"":""MultiPoint"",""coordinates"":[]}"
20050711,2005-07-11,191,7,2.217466770764459,2005,"{""type"":""MultiPoint"",""coordinates"":[]}"
20050712,2005-07-12,192,7,3.7898908530775683,2005,"{""type"":""MultiPoint"",""coordinates"":[]}"
20050713,2005-07-13,193,7,5.5903836708065064,2005,"{""type"":""MultiPoint"",""coordinates"":[]}"
20050714,2005-07-14,194,7,0.0,2005,"{""type"":""MultiPoint"",""coordinates"":[]}"
20050715,2005-07-15,195,7,3.406216326881857,2005,"{""type"":""MultiPoint"",""coordinates"":[]}"
20050716,2005-07-16,196,7,6.561889502241437,2005,"{""type"":""MultiPoint"",""coordinates"":[]}"
20050717,2005-07-17,197,7,17.12387407650025,2005,"{""type"":""MultiPoint"",""coordinates"":[]}"
20050718,2005-07-18,198,7,0.0,2005,"{""type"":""MultiPoint"",""coordinates"":[]}"
20050719,2005-07-19,199,7,15.253741154224004,2005,"{""type"":""MultiPoint"",""coordinates"":[]}"
20050720,2005-07-20,200,7,7.597341231767154,2005,"{""type"":""MultiPoint"",""coordinates"":[]}"
20050721,2005-07-21,201,7,7.847432700259352,2005,"{""type"":""MultiPoint"",""coordinates"":[]}"
20050722,2005-07-22,202,7,0.0,2005,"{""type"":""MultiPoint"",""coordinates"":[]}"
20050723,2005-07-23,203,7,0.0,2005,"{""type"":""MultiPoint"",""coordinates"":[]}"
20050724,2005-07-24,204,7,6.888866786650795,2005,"{""type"":""MultiPoint"",""coordinates"":[]}"
20050725,2005-07-25,205,7,7.271808535019981,2005,"{""type"":""MultiPoint"",""coordinates"":[]}"
20050726,2005-07-26,206,7,23.877823818884504,2005,"{""type"":""MultiPoint"",""coordinates"":[]}"
20050727,2005-07-27,207,7,0.5647178544316298,2005,"{""type"":""MultiPoint"",""coordinates"":[]}"
20050728,2005-07-28,208,7,0.0,2005,"{""type"":""MultiPoint"",""coordinates"":[]}"
20050729,2005-07-29,209,7,5.4545060845501805,2005,"{""type"":""MultiPoint"",""coordinates"":[]}"
20050730,2005-07-30,210,7,2.232299792410053,2005,"{""type"":""MultiPoint"",""coordinates"":[]}"
20050731,2005-07-31,211,7,12.98626110090504,2005,"{""type"":""MultiPoint"",""coordinates"":[]}"
20050801,2005-08-01,212,8,0.05460001950595468,2005,"{""type"":""MultiPoint"",""coordinates"":[]}"
20050802,2005-08-02,213,8,7.223927892064266,2005,"{""type"":""MultiPoint"",""coordinates"":[]}"
20050803,2005-08-03,214,8,0.0,2005,"{""type"":""MultiPoint"",""coordinates"":[]}"
20050804,2005-08-04,215,8,5.811200691369719,2005,"{""type"":""MultiPoint"",""coordinates"":[]}"
20050805,2005-08-05,216,8,9.899514662390725,2005,"{""type"":""MultiPoint"",""coordinates"":[]}"
20050806,2005-08-06,217,8,0.0,2005,"{""type"":""MultiPoint"",""coordinates"":[]}"
20050807,2005-08-07,218,8,7.222527398003473,2005,"{""type"":""MultiPoint"",""coordinates"":[]}"
20050808,2005-08-08,219,8,16.414991888959328,2005,"{""type"":""MultiPoint"",""coordinates"":[]}"
20050809,2005-08-09,220,8,1.1428430198938404,2005,"{""type"":""MultiPoint"",""coordinates"":[]}"
20050810,2005-08-10,221,8,3.035568867704377,2005,"{""type"":""MultiPoint"",""coordinates"":[]}"
20050811,2005-08-11,222,8,4.597336375800706,2005,"{""type"":""MultiPoint"",""coordinates"":[]}"
20050812,2005-08-12,223,8,9.480253811566326,2005,"{""type"":""MultiPoint"",""coordinates"":[]}"
20050813,2005-08-13,224,8,11.896451554361676,2005,"{""type"":""MultiPoint"",""coordinates"":[]}"
20050814,2005-08-14,225,8,14.75767084848151,2005,"{""type"":""MultiPoint"",""coordinates"":[]}"
20050815,2005-08-15,226,8,1.2267182402668388,2005,"{""type"":""MultiPoint"",""coordinates"":[]}"
20050816,2005-08-16,227,8,0.0,2005,"{""type"":""MultiPoint"",""coordinates"":[]}"
20050817,2005-08-17,228,8,16.514654761140807,2005,"{""type"":""MultiPoint"",""coordinates"":[]}"
20050818,2005-08-18,229,8,37.98725194774257,2005,"{""type"":""MultiPoint"",""coordinates"":[]}"
20050819,2005-08-19,230,8,7.571153281867847,2005,"{""type"":""MultiPoint"",""coordinates"":[]}"
20050820,2005-08-20,231,8,0.0,2005,"{""type"":""MultiPoint"",""coordinates"":[]}"
20050821,2005-08-21,232,8,5.113386382629764,2005,"{""type"":""MultiPoint"",""coordinates"":[]}"
20050822,2005-08-22,233,8,0.0,2005,"{""type"":""MultiPoint"",""coordinates"":[]}"
20050823,2005-08-23,234,8,0.6000325628308217,2005,"{""type"":""MultiPoint"",""coordinates"":[]}"
20050824,2005-08-24,235,8,23.242759065595944,2005,"{""type"":""MultiPoint"",""coordinates"":[]}"
20050825,2005-08-25,236,8,6.56672086846028,2005,"{""type"":""MultiPoint"",""coordinates"":[]}"
20050826,2005-08-26,237,8,1.0608733446911127,2005,"{""type"":""MultiPoint"",""coordinates"":[]}"
20050827,2005-08-27,238,8,1.3800645078567262,2005,"{""type"":""MultiPoint"",""coordinates"":[]}"
20050828,2005-08-28,239,8,27.053877342996277,2005,"{""type"":""MultiPoint"",""coordinates"":[]}"
20050829,2005-08-29,240,8,0.0,2005,"{""type"":""MultiPoint"",""coordinates"":[]}"
20050830,2005-08-30,241,8,1.0977839604772703,2005,"{""type"":""MultiPoint"",""coordinates"":[]}"
20050831,2005-08-31,242,8,3.9278648755743517,2005,"{""type"":""MultiPoint"",""coordinates"":[]}"
20050901,2005-09-01,243,9,3.3846805617464106,2005,"{""type"":""MultiPoint"",""coordinates"":[]}"
20050902,2005-09-02,244,9,8.065911311162631,2005,"{""type"":""MultiPoint"",""coordinates"":[]}"
20050903,2005-09-03,245,9,7.715754800372654,2005,"{""type"":""MultiPoint"",""coordinates"":[]}"
20050904,2005-09-04,246,9,7.825605433679944,2005,"{""type"":""MultiPoint"",""coordinates"":[]}"
20050905,2005-09-05,247,9,0.0,2005,"{""type"":""MultiPoint"",""coordinates"":[]}"
20050906,2005-09-06,248,9,0.0,2005,"{""type"":""MultiPoint"",""coordinates"":[]}"
20050907,2005-09-07,249,9,16.290020344492987,2005,"{""type"":""MultiPoint"",""coordinates"":[]}"
20050908,2005-09-08,250,9,0.0,2005,"{""type"":""MultiPoint"",""coordinates"":[]}"
20050909,2005-09-09,251,9,0.0,2005,"{""type"":""MultiPoint"",""coordinates"":[]}"
20050910,2005-09-10,252,9,1.4993817051180898,2005,"{""type"":""MultiPoint"",""coordinates"":[]}"
20050911,2005-09-11,253,9,0.0,2005,"{""type"":""MultiPoint"",""coordinates"":[]}"
20050912,2005-09-12,254,9,4.336887234247517,2005,"{""type"":""MultiPoint"",""coordinates"":[]}"
20050913,2005-09-13,255,9,0.9228908337090459,2005,"{""type"":""MultiPoint"",""coordinates"":[]}"
20050914,2005-09-14,256,9,0.0832042790422536,2005,"{""type"":""MultiPoint"",""coordinates"":[]}"
20050915,2005-09-15,257,9,10.09462248421962,2005,"{""type"":""MultiPoint"",""coordinates"":[]}"
20050916,2005-09-16,258,9,0.0,2005,"{""type"":""MultiPoint"",""coordinates"":[]}"
20050917,2005-09-17,259,9,0.0,2005,"{""type"":""MultiPoint"",""coordinates"":[]}"
20050918,2005-09-18,260,9,2.322183808895073,2005,"{""type"":""MultiPoint"",""coordinates"":[]}"
20050919,2005-09-19,261,9,0.0,2005,"{""type"":""MultiPoint"",""coordinates"":[]}"
20050920,2005-09-20,262,9,11.219059064898735,2005,"{""type"":""MultiPoint"",""coordinates"":[]}"
20050921,2005-09-21,263,9,2.7883203414483315,2005,"{""type"":""MultiPoint"",""coordinates"":[]}"
20050922,2005-09-22,264,9,4.684458855237789,2005,"{""type"":""MultiPoint"",""coordinates"":[]}"
20050923,2005-09-23,265,9,0.15707546282485113,2005,"{""type"":""MultiPoint"",""coordinates"":[]}"
20050924,2005-09-24,266,9,3.9962071517737323,2005,"{""type"":""MultiPoint"",""coordinates"":[]}"
20050925,2005-09-25,267,9,8.067194501393667,2005,"{""type"":""MultiPoint"",""coordinates"":[]}"
20050926,2005-09-26,268,9,0.0,2005,"{""type"":""MultiPoint"",""coordinates"":[]}"
20050927,2005-09-27,269,9,0.0,2005,"{""type"":""MultiPoint"",""coordinates"":[]}"
20050928,2005-09-28,270,9,0.0,2005,"{""type"":""MultiPoint"",""coordinates"":[]}"
20050929,2005-09-29,271,9,14.411691443333181,2005,"{""type"":""MultiPoint"",""coordinates"":[]}"
20050930,2005-09-30,272,9,0.0,2005,"{""type"":""MultiPoint"",""coordinates"":[]}"
20051001,2005-10-01,273,10,6.3381205306805874,2005,"{""type"":""MultiPoint"",""coordinates"":[]}"
20051002,2005-10-02,274,10,0.6992981652265305,2005,"{""type"":""MultiPoint"",""coordinates"":[]}"
20051003,2005-10-03,275,10,0.0,2005,"{""type"":""MultiPoint"",""coordinates"":[]}"
20051004,2005-10-04,276,10,0.0,2005,"{""type"":""MultiPoint"",""coordinates"":[]}"
20051005,2005-10-05,277,10,5.310405551383791,2005,"{""type"":""MultiPoint"",""coordinates"":[]}"
20051006,2005-10-06,278,10,0.0,2005,"{""type"":""MultiPoint"",""coordinates"":[]}"
20051007,2005-10-07,279,10,0.4048146229258715,2005,"{""type"":""MultiPoint"",""coordinates"":[]}"
20051008,2005-10-08,280,10,1.0217894494923112,2005,"{""type"":""MultiPoint"",""coordinates"":[]}"
20051009,2005-10-09,281,10,0.0,2005,"{""type"":""MultiPoint"",""coordinates"":[]}"
20051010,2005-10-10,282,10,1.9551168833186918,2005,"{""type"":""MultiPoint"",""coordinates"":[]}"
20051011,2005-10-11,283,10,0.0,2005,"{""type"":""MultiPoint"",""coordinates"":[]}"
20051012,2005-10-12,284,10,0.0,2005,"{""type"":""MultiPoint"",""coordinates"":[]}"
20051013,2005-10-13,285,10,3.374312792373993E-4,2005,"{""type"":""MultiPoint"",""coordinates"":[]}"
20051014,2005-10-14,286,10,0.0,2005,"{""type"":""MultiPoint"",""coordinates"":[]}"
20051015,2005-10-15,287,10,0.0,2005,"{""type"":""MultiPoint"",""coordinates"":[]}"
20051016,2005-10-16,288,10,0.0,2005,"{""type"":""MultiPoint"",""coordinates"":[]}"
20051017,2005-10-17,289,10,0.0,2005,"{""type"":""MultiPoint"",""coordinates"":[]}"
20051018,2005-10-18,290,10,3.2173290698215213,2005,"{""type"":""MultiPoint"",""coordinates"":[]}"
20051019,2005-10-19,291,10,2.7991331968007174,2005,"{""type"":""MultiPoint"",""coordinates"":[]}"
20051020,2005-10-20,292,10,0.0,2005,"{""type"":""MultiPoint"",""coordinates"":[]}"
20051021,2005-10-21,293,10,0.0,2005,"{""type"":""MultiPoint"",""coordinates"":[]}"
20051022,2005-10-22,294,10,0.0,2005,"{""type"":""MultiPoint"",""coordinates"":[]}"
20051023,2005-10-23,295,10,0.0,2005,"{""type"":""MultiPoint"",""coordinates"":[]}"
20051024,2005-10-24,296,10,0.0,2005,"{""type"":""MultiPoint"",""coordinates"":[]}"
20051025,2005-10-25,297,10,2.1951541874191036E-4,2005,"{""type"":""MultiPoint"",""coordinates"":[]}"
20051026,2005-10-26,298,10,0.0,2005,"{""type"":""MultiPoint"",""coordinates"":[]}"
20051027,2005-10-27,299,10,0.0,2005,"{""type"":""MultiPoint"",""coordinates"":[]}"
20051028,2005-10-28,300,10,0.0,2005,"{""type"":""MultiPoint"",""coordinates"":[]}"
20051029,2005-10-29,301,10,0.0,2005,"{""type"":""MultiPoint"",""coordinates"":[]}"
20051030,2005-10-30,302,10,0.0,2005,"{""type"":""MultiPoint"",""coordinates"":[]}"
20051031,2005-10-31,303,10,0.0,2005,"{""type"":""MultiPoint"",""coordinates"":[]}"
20051101,2005-11-01,304,11,0.25784443603645196,2005,"{""type"":""MultiPoint"",""coordinates"":[]}"
20051102,2005-11-02,305,11,0.0,2005,"{""type"":""MultiPoint"",""coordinates"":[]}"
20051103,2005-11-03,306,11,0.0,2005,"{""type"":""MultiPoint"",""coordinates"":[]}"
20051104,2005-11-04,307,11,0.0,2005,"{""type"":""MultiPoint"",""coordinates"":[]}"
20051105,2005-11-05,308,11,0.0,2005,"{""type"":""MultiPoint"",""coordinates"":[]}"
20051106,2005-11-06,309,11,0.0,2005,"{""type"":""MultiPoint"",""coordinates"":[]}"
20051107,2005-11-07,310,11,0.0,2005,"{""type"":""MultiPoint"",""coordinates"":[]}"
20051108,2005-11-08,311,11,0.0,2005,"{""type"":""MultiPoint"",""coordinates"":[]}"
20051109,2005-11-09,312,11,0.0,2005,"{""type"":""MultiPoint"",""coordinates"":[]}"
20051110,2005-11-10,313,11,0.0,2005,"{""type"":""MultiPoint"",""coordinates"":[]}"
20051111,2005-11-11,314,11,0.0,2005,"{""type"":""MultiPoint"",""coordinates"":[]}"
20051112,2005-11-12,315,11,0.0,2005,"{""type"":""MultiPoint"",""coordinates"":[]}"
20051113,2005-11-13,316,11,0.0,2005,"{""type"":""MultiPoint"",""coordinates"":[]}"
20051114,2005-11-14,317,11,0.0,2005,"{""type"":""MultiPoint"",""coordinates"":[]}"
20051115,2005-11-15,318,11,0.0,2005,"{""type"":""MultiPoint"",""coordinates"":[]}"
20051116,2005-11-16,319,11,0.0,2005,"{""type"":""MultiPoint"",""coordinates"":[]}"
20051117,2005-11-17,320,11,0.0,2005,"{""type"":""MultiPoint"",""coordinates"":[]}"
20051118,2005-11-18,321,11,0.0,2005,"{""type"":""MultiPoint"",""coordinates"":[]}"
20051119,2005-11-19,322,11,0.0,2005,"{""type"":""MultiPoint"",""coordinates"":[]}"
20051120,2005-11-20,323,11,0.0,2005,"{""type"":""MultiPoint"",""coordinates"":[]}"
20051121,2005-11-21,324,11,0.0,2005,"{""type"":""MultiPoint"",""coordinates"":[]}"
20051122,2005-11-22,325,11,0.0,2005,"{""type"":""MultiPoint"",""coordinates"":[]}"
20051123,2005-11-23,326,11,0.0,2005,"{""type"":""MultiPoint"",""coordinates"":[]}"
20051124,2005-11-24,327,11,0.0,2005,"{""type"":""MultiPoint"",""coordinates"":[]}"
20051125,2005-11-25,328,11,0.0,2005,"{""type"":""MultiPoint"",""coordinates"":[]}"
20051126,2005-11-26,329,11,0.0,2005,"{""type"":""MultiPoint"",""coordinates"":[]}"
20051127,2005-11-27,330,11,0.0,2005,"{""type"":""MultiPoint"",""coordinates"":[]}"
20051128,2005-11-28,331,11,0.0,2005,"{""type"":""MultiPoint"",""coordinates"":[]}"
20051129,2005-11-29,332,11,0.0,2005,"{""type"":""MultiPoint"",""coordinates"":[]}"
20051130,2005-11-30,333,11,0.0,2005,"{""type"":""MultiPoint"",""coordinates"":[]}"
20051201,2005-12-01,334,12,0.0,2005,"{""type"":""MultiPoint"",""coordinates"":[]}"
20051202,2005-12-02,335,12,0.0,2005,"{""type"":""MultiPoint"",""coordinates"":[]}"
20051203,2005-12-03,336,12,0.0,2005,"{""type"":""MultiPoint"",""coordinates"":[]}"
20051204,2005-12-04,337,12,0.0,2005,"{""type"":""MultiPoint"",""coordinates"":[]}"
20051205,2005-12-05,338,12,0.0,2005,"{""type"":""MultiPoint"",""coordinates"":[]}"
20051206,2005-12-06,339,12,0.0,2005,"{""type"":""MultiPoint"",""coordinates"":[]}"
20051207,2005-12-07,340,12,0.0,2005,"{""type"":""MultiPoint"",""coordinates"":[]}"
20051208,2005-12-08,341,12,0.006637305224188533,2005,"{""type"":""MultiPoint"",""coordinates"":[]}"
20051209,2005-12-09,342,12,0.0,2005,"{""type"":""MultiPoint"",""coordinates"":[]}"
20051210,2005-12-10,343,12,0.0,2005,"{""type"":""MultiPoint"",""coordinates"":[]}"
20051211,2005-12-11,344,12,0.0,2005,"{""type"":""MultiPoint"",""coordinates"":[]}"
20051212,2005-12-12,345,12,0.0,2005,"{""type"":""MultiPoint"",""coordinates"":[]}"
20051213,2005-12-13,346,12,0.0,2005,"{""type"":""MultiPoint"",""coordinates"":[]}"
20051214,2005-12-14,347,12,0.0,2005,"{""type"":""MultiPoint"",""coordinates"":[]}"
20051215,2005-12-15,348,12,0.0,2005,"{""type"":""MultiPoint"",""coordinates"":[]}"
20051216,2005-12-16,349,12,0.0,2005,"{""type"":""MultiPoint"",""coordinates"":[]}"
20051217,2005-12-17,350,12,0.0,2005,"{""type"":""MultiPoint"",""coordinates"":[]}"
20051218,2005-12-18,351,12,0.0,2005,"{""type"":""MultiPoint"",""coordinates"":[]}"
20051219,2005-12-19,352,12,0.0,2005,"{""type"":""MultiPoint"",""coordinates"":[]}"
20051220,2005-12-20,353,12,0.0,2005,"{""type"":""MultiPoint"",""coordinates"":[]}"
20051221,2005-12-21,354,12,0.0,2005,"{""type"":""MultiPoint"",""coordinates"":[]}"
20051222,2005-12-22,355,12,0.0,2005,"{""type"":""MultiPoint"",""coordinates"":[]}"
20051223,2005-12-23,356,12,0.0,2005,"{""type"":""MultiPoint"",""coordinates"":[]}"
20051224,2005-12-24,357,12,0.0,2005,"{""type"":""MultiPoint"",""coordinates"":[]}"
20051225,2005-12-25,358,12,0.0,2005,"{""type"":""MultiPoint"",""coordinates"":[]}"
20051226,2005-12-26,359,12,0.0,2005,"{""type"":""MultiPoint"",""coordinates"":[]}"
20051227,2005-12-27,360,12,0.0,2005,"{""type"":""MultiPoint"",""coordinates"":[]}"
20051228,2005-12-28,361,12,0.0,2005,"{""type"":""MultiPoint"",""coordinates"":[]}"
20051229,2005-12-29,362,12,0.0,2005,"{""type"":""MultiPoint"",""coordinates"":[]}"
20051230,2005-12-30,363,12,0.0,2005,"{""type"":""MultiPoint"",""coordinates"":[]}"
20051231,2005-12-31,364,12,0.0,2005,"{""type"":""MultiPoint"",""coordinates"":[]}"
20060101,2006-01-01,0,1,0.0,2006,"{""type"":""MultiPoint"",""coordinates"":[]}"
20060102,2006-01-02,1,1,0.0,2006,"{""type"":""MultiPoint"",""coordinates"":[]}"
20060103,2006-01-03,2,1,0.0,2006,"{""type"":""MultiPoint"",""coordinates"":[]}"
20060104,2006-01-04,3,1,0.0,2006,"{""type"":""MultiPoint"",""coordinates"":[]}"
20060105,2006-01-05,4,1,0.0,2006,"{""type"":""MultiPoint"",""coordinates"":[]}"
20060106,2006-01-06,5,1,0.0,2006,"{""type"":""MultiPoint"",""coordinates"":[]}"
20060107,2006-01-07,6,1,0.0,2006,"{""type"":""MultiPoint"",""coordinates"":[]}"
20060108,2006-01-08,7,1,0.0,2006,"{""type"":""MultiPoint"",""coordinates"":[]}"
20060109,2006-01-09,8,1,0.0,2006,"{""type"":""MultiPoint"",""coordinates"":[]}"
20060110,2006-01-10,9,1,0.0,2006,"{""type"":""MultiPoint"",""coordinates"":[]}"
20060111,2006-01-11,10,1,0.0,2006,"{""type"":""MultiPoint"",""coordinates"":[]}"
20060112,2006-01-12,11,1,0.0,2006,"{""type"":""MultiPoint"",""coordinates"":[]}"
20060113,2006-01-13,12,1,0.0,2006,"{""type"":""MultiPoint"",""coordinates"":[]}"
20060114,2006-01-14,13,1,0.0,2006,"{""type"":""MultiPoint"",""coordinates"":[]}"
20060115,2006-01-15,14,1,0.0,2006,"{""type"":""MultiPoint"",""coordinates"":[]}"
20060116,2006-01-16,15,1,0.0,2006,"{""type"":""MultiPoint"",""coordinates"":[]}"
20060117,2006-01-17,16,1,0.0,2006,"{""type"":""MultiPoint"",""coordinates"":[]}"
20060118,2006-01-18,17,1,0.0,2006,"{""type"":""MultiPoint"",""coordinates"":[]}"
20060119,2006-01-19,18,1,0.0,2006,"{""type"":""MultiPoint"",""coordinates"":[]}"
20060120,2006-01-20,19,1,0.0,2006,"{""type"":""MultiPoint"",""coordinates"":[]}"
20060121,2006-01-21,20,1,0.0,2006,"{""type"":""MultiPoint"",""coordinates"":[]}"
20060122,2006-01-22,21,1,0.0,2006,"{""type"":""MultiPoint"",""coordinates"":[]}"
20060123,2006-01-23,22,1,0.0,2006,"{""type"":""MultiPoint"",""coordinates"":[]}"
20060124,2006-01-24,23,1,0.0,2006,"{""type"":""MultiPoint"",""coordinates"":[]}"
20060125,2006-01-25,24,1,0.0,2006,"{""type"":""MultiPoint"",""coordinates"":[]}"
20060126,2006-01-26,25,1,0.0,2006,"{""type"":""MultiPoint"",""coordinates"":[]}"
20060127,2006-01-27,26,1,7.622554365614804E-10,2006,"{""type"":""MultiPoint"",""coordinates"":[]}"
20060128,2006-01-28,27,1,0.0,2006,"{""type"":""MultiPoint"",""coordinates"":[]}"
20060129,2006-01-29,28,1,0.0,2006,"{""type"":""MultiPoint"",""coordinates"":[]}"
20060130,2006-01-30,29,1,0.0,2006,"{""type"":""MultiPoint"",""coordinates"":[]}"
20060131,2006-01-31,30,1,0.0,2006,"{""type"":""MultiPoint"",""coordinates"":[]}"
20060201,2006-02-01,31,2,0.0,2006,"{""type"":""MultiPoint"",""coordinates"":[]}"
20060202,2006-02-02,32,2,0.0,2006,"{""type"":""MultiPoint"",""coordinates"":[]}"
20060203,2006-02-03,33,2,0.0,2006,"{""type"":""MultiPoint"",""coordinates"":[]}"
20060204,2006-02-04,34,2,0.0,2006,"{""type"":""MultiPoint"",""coordinates"":[]}"
20060205,2006-02-05,35,2,0.0,2006,"{""type"":""MultiPoint"",""coordinates"":[]}"
20060206,2006-02-06,36,2,0.0,2006,"{""type"":""MultiPoint"",""coordinates"":[]}"
20060207,2006-02-07,37,2,0.0,2006,"{""type"":""MultiPoint"",""coordinates"":[]}"
20060208,2006-02-08,38,2,0.0,2006,"{""type"":""MultiPoint"",""coordinates"":[]}"
20060209,2006-02-09,39,2,0.0,2006,"{""type"":""MultiPoint"",""coordinates"":[]}"
20060210,2006-02-10,40,2,0.0,2006,"{""type"":""MultiPoint"",""coordinates"":[]}"
20060211,2006-02-11,41,2,0.0,2006,"{""type"":""MultiPoint"",""coordinates"":[]}"
20060212,2006-02-12,42,2,0.0,2006,"{""type"":""MultiPoint"",""coordinates"":[]}"
20060213,2006-02-13,43,2,0.0,2006,"{""type"":""MultiPoint"",""coordinates"":[]}"
20060214,2006-02-14,44,2,0.0,2006,"{""type"":""MultiPoint"",""coordinates"":[]}"
20060215,2006-02-15,45,2,0.0,2006,"{""type"":""MultiPoint"",""coordinates"":[]}"
20060216,2006-02-16,46,2,0.0,2006,"{""type"":""MultiPoint"",""coordinates"":[]}"
20060217,2006-02-17,47,2,0.0,2006,"{""type"":""MultiPoint"",""coordinates"":[]}"
20060218,2006-02-18,48,2,0.0,2006,"{""type"":""MultiPoint"",""coordinates"":[]}"
20060219,2006-02-19,49,2,0.0,2006,"{""type"":""MultiPoint"",""coordinates"":[]}"
20060220,2006-02-20,50,2,0.0,2006,"{""type"":""MultiPoint"",""coordinates"":[]}"
20060221,2006-02-21,51,2,0.0,2006,"{""type"":""MultiPoint"",""coordinates"":[]}"
20060222,2006-02-22,52,2,0.03606525780812015,2006,"{""type"":""MultiPoint"",""coordinates"":[]}"
20060223,2006-02-23,53,2,0.016181332048782766,2006,"{""type"":""MultiPoint"",""coordinates"":[]}"
20060224,2006-02-24,54,2,0.0,2006,"{""type"":""MultiPoint"",""coordinates"":[]}"
20060225,2006-02-25,55,2,0.0,2006,"{""type"":""MultiPoint"",""coordinates"":[]}"
20060226,2006-02-26,56,2,0.0,2006,"{""type"":""MultiPoint"",""coordinates"":[]}"
20060227,2006-02-27,57,2,0.0,2006,"{""type"":""MultiPoint"",""coordinates"":[]}"
20060228,2006-02-28,58,2,0.01492058791981626,2006,"{""type"":""MultiPoint"",""coordinates"":[]}"
20060301,2006-03-01,59,3,0.0,2006,"{""type"":""MultiPoint"",""coordinates"":[]}"
20060302,2006-03-02,60,3,0.0,2006,"{""type"":""MultiPoint"",""coordinates"":[]}"
20060303,2006-03-03,61,3,0.0,2006,"{""type"":""MultiPoint"",""coordinates"":[]}"
20060304,2006-03-04,62,3,0.0,2006,"{""type"":""MultiPoint"",""coordinates"":[]}"
20060305,2006-03-05,63,3,0.0,2006,"{""type"":""MultiPoint"",""coordinates"":[]}"
20060306,2006-03-06,64,3,0.0,2006,"{""type"":""MultiPoint"",""coordinates"":[]}"
20060307,2006-03-07,65,3,0.0,2006,"{""type"":""MultiPoint"",""coordinates"":[]}"
20060308,2006-03-08,66,3,0.0,2006,"{""type"":""MultiPoint"",""coordinates"":[]}"
20060309,2006-03-09,67,3,0.0,2006,"{""type"":""MultiPoint"",""coordinates"":[]}"
20060310,2006-03-10,68,3,0.0,2006,"{""type"":""MultiPoint"",""coordinates"":[]}"
20060311,2006-03-11,69,3,0.0,2006,"{""type"":""MultiPoint"",""coordinates"":[]}"
20060312,2006-03-12,70,3,0.0,2006,"{""type"":""MultiPoint"",""coordinates"":[]}"
20060313,2006-03-13,71,3,0.0,2006,"{""type"":""MultiPoint"",""coordinates"":[]}"
20060314,2006-03-14,72,3,0.0,2006,"{""type"":""MultiPoint"",""coordinates"":[]}"
20060315,2006-03-15,73,3,0.0,2006,"{""type"":""MultiPoint"",""coordinates"":[]}"
20060316,2006-03-16,74,3,0.0,2006,"{""type"":""MultiPoint"",""coordinates"":[]}"
20060317,2006-03-17,75,3,0.0,2006,"{""type"":""MultiPoint"",""coordinates"":[]}"
20060318,2006-03-18,76,3,0.0,2006,"{""type"":""MultiPoint"",""coordinates"":[]}"
20060319,2006-03-19,77,3,0.0,2006,"{""type"":""MultiPoint"",""coordinates"":[]}"
20060320,2006-03-20,78,3,0.0,2006,"{""type"":""MultiPoint"",""coordinates"":[]}"
20060321,2006-03-21,79,3,0.0,2006,"{""type"":""MultiPoint"",""coordinates"":[]}"
20060322,2006-03-22,80,3,0.03607604961202602,2006,"{""type"":""MultiPoint"",""coordinates"":[]}"
20060323,2006-03-23,81,3,0.0,2006,"{""type"":""MultiPoint"",""coordinates"":[]}"
20060324,2006-03-24,82,3,0.0,2006,"{""type"":""MultiPoint"",""coordinates"":[]}"
20060325,2006-03-25,83,3,0.0,2006,"{""type"":""MultiPoint"",""coordinates"":[]}"
20060326,2006-03-26,84,3,0.0,2006,"{""type"":""MultiPoint"",""coordinates"":[]}"
20060327,2006-03-27,85,3,0.0,2006,"{""type"":""MultiPoint"",""coordinates"":[]}"
20060328,2006-03-28,86,3,0.0,2006,"{""type"":""MultiPoint"",""coordinates"":[]}"
20060329,2006-03-29,87,3,0.0,2006,"{""type"":""MultiPoint"",""coordinates"":[]}"
20060330,2006-03-30,88,3,0.0,2006,"{""type"":""MultiPoint"",""coordinates"":[]}"
20060331,2006-03-31,89,3,0.16408870597479722,2006,"{""type"":""MultiPoint"",""coordinates"":[]}"
20060401,2006-04-01,90,4,0.0,2006,"{""type"":""MultiPoint"",""coordinates"":[]}"
20060402,2006-04-02,91,4,0.0,2006,"{""type"":""MultiPoint"",""coordinates"":[]}"
20060403,2006-04-03,92,4,0.024360678696023236,2006,"{""type"":""MultiPoint"",""coordinates"":[]}"
20060404,2006-04-04,93,4,0.0,2006,"{""type"":""MultiPoint"",""coordinates"":[]}"
20060405,2006-04-05,94,4,0.008744149196027505,2006,"{""type"":""MultiPoint"",""coordinates"":[]}"
20060406,2006-04-06,95,4,0.0,2006,"{""type"":""MultiPoint"",""coordinates"":[]}"
20060407,2006-04-07,96,4,0.0,2006,"{""type"":""MultiPoint"",""coordinates"":[]}"
20060408,2006-04-08,97,4,0.0,2006,"{""type"":""MultiPoint"",""coordinates"":[]}"
20060409,2006-04-09,98,4,0.0,2006,"{""type"":""MultiPoint"",""coordinates"":[]}"
20060410,2006-04-10,99,4,0.18994155087596615,2006,"{""type"":""MultiPoint"",""coordinates"":[]}"
20060411,2006-04-11,100,4,0.0,2006,"{""type"":""MultiPoint"",""coordinates"":[]}"
20060412,2006-04-12,101,4,0.0,2006,"{""type"":""MultiPoint"",""coordinates"":[]}"
20060413,2006-04-13,102,4,0.0,2006,"{""type"":""MultiPoint"",""coordinates"":[]}"
20060414,2006-04-14,103,4,0.0,2006,"{""type"":""MultiPoint"",""coordinates"":[]}"
20060415,2006-04-15,104,4,0.0,2006,"{""type"":""MultiPoint"",""coordinates"":[]}"
20060416,2006-04-16,105,4,0.0,2006,"{""type"":""MultiPoint"",""coordinates"":[]}"
20060417,2006-04-17,106,4,0.0,2006,"{""type"":""MultiPoint"",""coordinates"":[]}"
20060418,2006-04-18,107,4,0.0,2006,"{""type"":""MultiPoint"",""coordinates"":[]}"
20060419,2006-04-19,108,4,0.0,2006,"{""type"":""MultiPoint"",""coordinates"":[]}"
20060420,2006-04-20,109,4,0.0,2006,"{""type"":""MultiPoint"",""coordinates"":[]}"
20060421,2006-04-21,110,4,0.0,2006,"{""type"":""MultiPoint"",""coordinates"":[]}"
20060422,2006-04-22,111,4,0.0,2006,"{""type"":""MultiPoint"",""coordinates"":[]}"
20060423,2006-04-23,112,4,0.0,2006,"{""type"":""MultiPoint"",""coordinates"":[]}"
20060424,2006-04-24,113,4,0.0,2006,"{""type"":""MultiPoint"",""coordinates"":[]}"
20060425,2006-04-25,114,4,0.020810301255698157,2006,"{""type"":""MultiPoint"",""coordinates"":[]}"
20060426,2006-04-26,115,4,0.014640685626128377,2006,"{""type"":""MultiPoint"",""coordinates"":[]}"
20060427,2006-04-27,116,4,0.03211768378501223,2006,"{""type"":""MultiPoint"",""coordinates"":[]}"
20060428,2006-04-28,117,4,0.731400859924939,2006,"{""type"":""MultiPoint"",""coordinates"":[]}"
20060429,2006-04-29,118,4,1.750203093790163,2006,"{""type"":""MultiPoint"",""coordinates"":[]}"
20060430,2006-04-30,119,4,0.9418815358909528,2006,"{""type"":""MultiPoint"",""coordinates"":[]}"
20060501,2006-05-01,120,5,7.793924764114504,2006,"{""type"":""MultiPoint"",""coordinates"":[]}"
20060502,2006-05-02,121,5,0.0,2006,"{""type"":""MultiPoint"",""coordinates"":[]}"
20060503,2006-05-03,122,5,0.0,2006,"{""type"":""MultiPoint"",""coordinates"":[]}"
20060504,2006-05-04,123,5,0.0,2006,"{""type"":""MultiPoint"",""coordinates"":[]}"
20060505,2006-05-05,124,5,0.0,2006,"{""type"":""MultiPoint"",""coordinates"":[]}"
20060506,2006-05-06,125,5,5.31474504973256,2006,"{""type"":""MultiPoint"",""coordinates"":[]}"
20060507,2006-05-07,126,5,2.6495198834695586,2006,"{""type"":""MultiPoint"",""coordinates"":[]}"
20060508,2006-05-08,127,5,5.155987132915437,2006,"{""type"":""MultiPoint"",""coordinates"":[]}"
20060509,2006-05-09,128,5,4.082061316004175,2006,"{""type"":""MultiPoint"",""coordinates"":[]}"
20060510,2006-05-10,129,5,6.044566276735021,2006,"{""type"":""MultiPoint"",""coordinates"":[]}"
20060511,2006-05-11,130,5,5.710642510486089,2006,"{""type"":""MultiPoint"",""coordinates"":[]}"
20060512,2006-05-12,131,5,0.0,2006,"{""type"":""MultiPoint"",""coordinates"":[]}"
20060513,2006-05-13,132,5,0.0,2006,"{""type"":""MultiPoint"",""coordinates"":[]}"
20060514,2006-05-14,133,5,0.0,2006,"{""type"":""MultiPoint"",""coordinates"":[]}"
20060515,2006-05-15,134,5,0.08034349691988242,2006,"{""type"":""MultiPoint"",""coordinates"":[]}"
20060516,2006-05-16,135,5,5.791334182915298,2006,"{""type"":""MultiPoint"",""coordinates"":[]}"
20060517,2006-05-17,136,5,1.2671553457248421,2006,"{""type"":""MultiPoint"",""coordinates"":[]}"
20060518,2006-05-18,137,5,0.5863998742310405,2006,"{""type"":""MultiPoint"",""coordinates"":[]}"
20060519,2006-05-19,138,5,0.0,2006,"{""type"":""MultiPoint"",""coordinates"":[]}"
20060520,2006-05-20,139,5,0.0,2006,"{""type"":""MultiPoint"",""coordinates"":[]}"
20060521,2006-05-21,140,5,2.985795778599228,2006,"{""type"":""MultiPoint"",""coordinates"":[]}"
20060522,2006-05-22,141,5,5.473732610153995,2006,"{""type"":""MultiPoint"",""coordinates"":[]}"
20060523,2006-05-23,142,5,0.0,2006,"{""type"":""MultiPoint"",""coordinates"":[]}"
20060524,2006-05-24,143,5,3.299971674357011,2006,"{""type"":""MultiPoint"",""coordinates"":[]}"
20060525,2006-05-25,144,5,0.06856581871522302,2006,"{""type"":""MultiPoint"",""coordinates"":[]}"
20060526,2006-05-26,145,5,1.3398521275160502,2006,"{""type"":""MultiPoint"",""coordinates"":[]}"
20060527,2006-05-27,146,5,0.3100340920265275,2006,"{""type"":""MultiPoint"",""coordinates"":[]}"
20060528,2006-05-28,147,5,0.0,2006,"{""type"":""MultiPoint"",""coordinates"":[]}"
20060529,2006-05-29,148,5,3.52336457045297,2006,"{""type"":""MultiPoint"",""coordinates"":[]}"
20060530,2006-05-30,149,5,0.0,2006,"{""type"":""MultiPoint"",""coordinates"":[]}"
20060531,2006-05-31,150,5,3.3259971802200177,2006,"{""type"":""MultiPoint"",""coordinates"":[]}"
20060601,2006-06-01,151,6,0.0,2006,"{""type"":""MultiPoint"",""coordinates"":[]}"
20060602,2006-06-02,152,6,0.03796464076111118,2006,"{""type"":""MultiPoint"",""coordinates"":[]}"
20060603,2006-06-03,153,6,0.0,2006,"{""type"":""MultiPoint"",""coordinates"":[]}"
20060604,2006-06-04,154,6,1.5205527448399183,2006,"{""type"":""MultiPoint"",""coordinates"":[]}"
20060605,2006-06-05,155,6,15.077767540426814,2006,"{""type"":""MultiPoint"",""coordinates"":[]}"
20060606,2006-06-06,156,6,5.77568832249376,2006,"{""type"":""MultiPoint"",""coordinates"":[]}"
20060607,2006-06-07,157,6,0.0,2006,"{""type"":""MultiPoint"",""coordinates"":[]}"
20060608,2006-06-08,158,6,0.8704138767320252,2006,"{""type"":""MultiPoint"",""coordinates"":[]}"
20060609,2006-06-09,159,6,14.401798403742383,2006,"{""type"":""MultiPoint"",""coordinates"":[]}"
20060610,2006-06-10,160,6,23.13720090291504,2006,"{""type"":""MultiPoint"",""coordinates"":[]}"
20060611,2006-06-11,161,6,0.0,2006,"{""type"":""MultiPoint"",""coordinates"":[]}"
20060612,2006-06-12,162,6,0.0,2006,"{""type"":""MultiPoint"",""coordinates"":[]}"
20060613,2006-06-13,163,6,0.0,2006,"{""type"":""MultiPoint"",""coordinates"":[]}"
20060614,2006-06-14,164,6,12.086343388152278,2006,"{""type"":""MultiPoint"",""coordinates"":[]}"
20060615,2006-06-15,165,6,0.6373449778127114,2006,"{""type"":""MultiPoint"",""coordinates"":[]}"
20060616,2006-06-16,166,6,17.357073105970546,2006,"{""type"":""MultiPoint"",""coordinates"":[]}"
20060617,2006-06-17,167,6,0.0,2006,"{""type"":""MultiPoint"",""coordinates"":[]}"
20060618,2006-06-18,168,6,0.0,2006,"{""type"":""MultiPoint"",""coordinates"":[]}"
20060619,2006-06-19,169,6,13.77650091080978,2006,"{""type"":""MultiPoint"",""coordinates"":[]}"
20060620,2006-06-20,170,6,3.7510075531376073,2006,"{""type"":""MultiPoint"",""coordinates"":[]}"
20060621,2006-06-21,171,6,0.7359545923596823,2006,"{""type"":""MultiPoint"",""coordinates"":[]}"
20060622,2006-06-22,172,6,0.0,2006,"{""type"":""MultiPoint"",""coordinates"":[]}"
20060623,2006-06-23,173,6,22.220088450076155,2006,"{""type"":""MultiPoint"",""coordinates"":[]}"
20060624,2006-06-24,174,6,3.955233305793017,2006,"{""type"":""MultiPoint"",""coordinates"":[]}"
20060625,2006-06-25,175,6,0.0,2006,"{""type"":""MultiPoint"",""coordinates"":[]}"
20060626,2006-06-26,176,6,0.3499456126280505,2006,"{""type"":""MultiPoint"",""coordinates"":[]}"
20060627,2006-06-27,177,6,0.0,2006,"{""type"":""MultiPoint"",""coordinates"":[]}"
20060628,2006-06-28,178,6,4.90804473771556,2006,"{""type"":""MultiPoint"",""coordinates"":[]}"
20060629,2006-06-29,179,6,14.601035301320314,2006,"{""type"":""MultiPoint"",""coordinates"":[]}"
20060630,2006-06-30,180,6,0.0,2006,"{""type"":""MultiPoint"",""coordinates"":[]}"
20060701,2006-07-01,181,7,2.258679994004012,2006,"{""type"":""MultiPoint"",""coordinates"":[]}"
20060702,2006-07-02,182,7,7.047412148653386,2006,"{""type"":""MultiPoint"",""coordinates"":[]}"
20060703,2006-07-03,183,7,5.470178502789817,2006,"{""type"":""MultiPoint"",""coordinates"":[]}"
20060704,2006-07-04,184,7,6.951896658744593,2006,"{""type"":""MultiPoint"",""coordinates"":[]}"
20060705,2006-07-05,185,7,9.70557734328323,2006,"{""type"":""MultiPoint"",""coordinates"":[]}"
20060706,2006-07-06,186,7,0.0,2006,"{""type"":""MultiPoint"",""coordinates"":[]}"
20060707,2006-07-07,187,7,3.576743588255854,2006,"{""type"":""MultiPoint"",""coordinates"":[]}"
20060708,2006-07-08,188,7,7.175235555582316,2006,"{""type"":""MultiPoint"",""coordinates"":[]}"
20060709,2006-07-09,189,7,0.0,2006,"{""type"":""MultiPoint"",""coordinates"":[]}"
20060710,2006-07-10,190,7,0.22218798287766217,2006,"{""type"":""MultiPoint"",""coordinates"":[]}"
20060711,2006-07-11,191,7,7.434360503205972,2006,"{""type"":""MultiPoint"",""coordinates"":[]}"
20060712,2006-07-12,192,7,28.395877408613007,2006,"{""type"":""MultiPoint"",""coordinates"":[]}"
20060713,2006-07-13,193,7,0.0,2006,"{""type"":""MultiPoint"",""coordinates"":[]}"
20060714,2006-07-14,194,7,1.2092209573452202,2006,"{""type"":""MultiPoint"",""coordinates"":[]}"
20060715,2006-07-15,195,7,1.9764714991840944,2006,"{""type"":""MultiPoint"",""coordinates"":[]}"
20060716,2006-07-16,196,7,3.4979404510661247,2006,"{""type"":""MultiPoint"",""coordinates"":[]}"
20060717,2006-07-17,197,7,25.079005467865723,2006,"{""type"":""MultiPoint"",""coordinates"":[]}"
20060718,2006-07-18,198,7,14.997124335156217,2006,"{""type"":""MultiPoint"",""coordinates"":[]}"
20060719,2006-07-19,199,7,12.258104845565672,2006,"{""type"":""MultiPoint"",""coordinates"":[]}"
20060720,2006-07-20,200,7,11.721196104923461,2006,"{""type"":""MultiPoint"",""coordinates"":[]}"
20060721,2006-07-21,201,7,19.368945608707577,2006,"{""type"":""MultiPoint"",""coordinates"":[]}"
20060722,2006-07-22,202,7,6.726034760545991,2006,"{""type"":""MultiPoint"",""coordinates"":[]}"
20060723,2006-07-23,203,7,0.7024488820253352,2006,"{""type"":""MultiPoint"",""coordinates"":[]}"
20060724,2006-07-24,204,7,2.11793120466003,2006,"{""type"":""MultiPoint"",""coordinates"":[]}"
20060725,2006-07-25,205,7,11.16717867748316,2006,"{""type"":""MultiPoint"",""coordinates"":[]}"
20060726,2006-07-26,206,7,0.5316917614361678,2006,"{""type"":""MultiPoint"",""coordinates"":[]}"
20060727,2006-07-27,207,7,13.5933622816195,2006,"{""type"":""MultiPoint"",""coordinates"":[]}"
20060728,2006-07-28,208,7,11.111839496633705,2006,"{""type"":""MultiPoint"",""coordinates"":[]}"
20060729,2006-07-29,209,7,0.12423296649046618,2006,"{""type"":""MultiPoint"",""coordinates"":[]}"
20060730,2006-07-30,210,7,1.446770899034675,2006,"{""type"":""MultiPoint"",""coordinates"":[]}"
20060731,2006-07-31,211,7,7.232477043708685,2006,"{""type"":""MultiPoint"",""coordinates"":[]}"
20060801,2006-08-01,212,8,9.974876618852804,2006,"{""type"":""MultiPoint"",""coordinates"":[]}"
20060802,2006-08-02,213,8,16.817731959485943,2006,"{""type"":""MultiPoint"",""coordinates"":[]}"
20060803,2006-08-03,214,8,1.2355706530718502,2006,"{""type"":""MultiPoint"",""coordinates"":[]}"
20060804,2006-08-04,215,8,2.9887667955514527,2006,"{""type"":""MultiPoint"",""coordinates"":[]}"
20060805,2006-08-05,216,8,24.9611257718185,2006,"{""type"":""MultiPoint"",""coordinates"":[]}"
20060806,2006-08-06,217,8,0.0,2006,"{""type"":""MultiPoint"",""coordinates"":[]}"
20060807,2006-08-07,218,8,10.843783540946701,2006,"{""type"":""MultiPoint"",""coordinates"":[]}"
20060808,2006-08-08,219,8,11.585030107126066,2006,"{""type"":""MultiPoint"",""coordinates"":[]}"
20060809,2006-08-09,220,8,4.120435744376436,2006,"{""type"":""MultiPoint"",""coordinates"":[]}"
20060810,2006-08-10,221,8,12.227213992154535,2006,"{""type"":""MultiPoint"",""coordinates"":[]}"
20060811,2006-08-11,222,8,10.954855343827541,2006,"{""type"":""MultiPoint"",""coordinates"":[]}"
20060812,2006-08-12,223,8,14.032492196873926,2006,"{""type"":""MultiPoint"",""coordinates"":[]}"
20060813,2006-08-13,224,8,0.0690597187389027,2006,"{""type"":""MultiPoint"",""coordinates"":[]}"
20060814,2006-08-14,225,8,0.42042777193114417,2006,"{""type"":""MultiPoint"",""coordinates"":[]}"
20060815,2006-08-15,226,8,9.263046754329693,2006,"{""type"":""MultiPoint"",""coordinates"":[]}"
20060816,2006-08-16,227,8,24.109008469659994,2006,"{""type"":""MultiPoint"",""coordinates"":[]}"
20060817,2006-08-17,228,8,14.002761247347406,2006,"{""type"":""MultiPoint"",""coordinates"":[]}"
20060818,2006-08-18,229,8,0.0,2006,"{""type"":""MultiPoint"",""coordinates"":[]}"
20060819,2006-08-19,230,8,0.07295418220077277,2006,"{""type"":""MultiPoint"",""coordinates"":[]}"
20060820,2006-08-20,231,8,10.062912780805542,2006,"{""type"":""MultiPoint"",""coordinates"":[]}"
20060821,2006-08-21,232,8,2.1097508595470957,2006,"{""type"":""MultiPoint"",""coordinates"":[]}"
20060822,2006-08-22,233,8,3.784842677200447,2006,"{""type"":""MultiPoint"",""coordinates"":[]}"
20060823,2006-08-23,234,8,0.0,2006,"{""type"":""MultiPoint"",""coordinates"":[]}"
20060824,2006-08-24,235,8,11.918113718979146,2006,"{""type"":""MultiPoint"",""coordinates"":[]}"
20060825,2006-08-25,236,8,2.7938578033428376,2006,"{""type"":""MultiPoint"",""coordinates"":[]}"
20060826,2006-08-26,237,8,2.7311521982716958,2006,"{""type"":""MultiPoint"",""coordinates"":[]}"
20060827,2006-08-27,238,8,1.6202439541249116,2006,"{""type"":""MultiPoint"",""coordinates"":[]}"
20060828,2006-08-28,239,8,11.351956867940311,2006,"{""type"":""MultiPoint"",""coordinates"":[]}"
20060829,2006-08-29,240,8,12.629009099969018,2006,"{""type"":""MultiPoint"",""coordinates"":[]}"
20060830,2006-08-30,241,8,0.0,2006,"{""type"":""MultiPoint"",""coordinates"":[]}"
20060831,2006-08-31,242,8,2.4102653609004014,2006,"{""type"":""MultiPoint"",""coordinates"":[]}"
20060901,2006-09-01,243,9,0.0,2006,"{""type"":""MultiPoint"",""coordinates"":[]}"
20060902,2006-09-02,244,9,7.098541860604999,2006,"{""type"":""MultiPoint"",""coordinates"":[]}"
20060903,2006-09-03,245,9,0.0,2006,"{""type"":""MultiPoint"",""coordinates"":[]}"
20060904,2006-09-04,246,9,2.1256874379698036,2006,"{""type"":""MultiPoint"",""coordinates"":[]}"
20060905,2006-09-05,247,9,7.908718496342653,2006,"{""type"":""MultiPoint"",""coordinates"":[]}"
20060906,2006-09-06,248,9,2.4191590561255722,2006,"{""type"":""MultiPoint"",""coordinates"":[]}"
20060907,2006-09-07,249,9,0.7907253872358957,2006,"{""type"":""MultiPoint"",""coordinates"":[]}"
20060908,2006-09-08,250,9,7.055990583473062,2006,"{""type"":""MultiPoint"",""coordinates"":[]}"
20060909,2006-09-09,251,9,0.8867224152665678,2006,"{""type"":""MultiPoint"",""coordinates"":[]}"
20060910,2006-09-10,252,9,4.522580093760424,2006,"{""type"":""MultiPoint"",""coordinates"":[]}"
20060911,2006-09-11,253,9,0.08603334908533578,2006,"{""type"":""MultiPoint"",""coordinates"":[]}"
20060912,2006-09-12,254,9,0.9907561096962806,2006,"{""type"":""MultiPoint"",""coordinates"":[]}"
20060913,2006-09-13,255,9,4.555312220378307,2006,"{""type"":""MultiPoint"",""coordinates"":[]}"
20060914,2006-09-14,256,9,14.423524523187469,2006,"{""type"":""MultiPoint"",""coordinates"":[]}"
20060915,2006-09-15,257,9,0.0,2006,"{""type"":""MultiPoint"",""coordinates"":[]}"
20060916,2006-09-16,258,9,0.0,2006,"{""type"":""MultiPoint"",""coordinates"":[]}"
20060917,2006-09-17,259,9,3.730240461589748,2006,"{""type"":""MultiPoint"",""coordinates"":[]}"
20060918,2006-09-18,260,9,2.8683903217315674,2006,"{""type"":""MultiPoint"",""coordinates"":[]}"
20060919,2006-09-19,261,9,1.9280018623712443,2006,"{""type"":""MultiPoint"",""coordinates"":[]}"
20060920,2006-09-20,262,9,10.772208420728358,2006,"{""type"":""MultiPoint"",""coordinates"":[]}"
20060921,2006-09-21,263,9,5.411601733821386,2006,"{""type"":""MultiPoint"",""coordinates"":[]}"
20060922,2006-09-22,264,9,0.0,2006,"{""type"":""MultiPoint"",""coordinates"":[]}"
20060923,2006-09-23,265,9,1.389065477819248,2006,"{""type"":""MultiPoint"",""coordinates"":[]}"
20060924,2006-09-24,266,9,0.0,2006,"{""type"":""MultiPoint"",""coordinates"":[]}"
20060925,2006-09-25,267,9,3.2739056735304146,2006,"{""type"":""MultiPoint"",""coordinates"":[]}"
20060926,2006-09-26,268,9,6.173856589363975,2006,"{""type"":""MultiPoint"",""coordinates"":[]}"
20060927,2006-09-27,269,9,1.0774918336352632,2006,"{""type"":""MultiPoint"",""coordinates"":[]}"
20060928,2006-09-28,270,9,0.0,2006,"{""type"":""MultiPoint"",""coordinates"":[]}"
20060929,2006-09-29,271,9,1.9014072224134788,2006,"{""type"":""MultiPoint"",""coordinates"":[]}"
20060930,2006-09-30,272,9,6.32833571706958,2006,"{""type"":""MultiPoint"",""coordinates"":[]}"
20061001,2006-10-01,273,10,0.0,2006,"{""type"":""MultiPoint"",""coordinates"":[]}"
20061002,2006-10-02,274,10,0.0,2006,"{""type"":""MultiPoint"",""coordinates"":[]}"
20061003,2006-10-03,275,10,3.563688940495683,2006,"{""type"":""MultiPoint"",""coordinates"":[]}"
20061004,2006-10-04,276,10,0.0,2006,"{""type"":""MultiPoint"",""coordinates"":[]}"
20061005,2006-10-05,277,10,1.5129404921039638,2006,"{""type"":""MultiPoint"",""coordinates"":[]}"
20061006,2006-10-06,278,10,0.41147132166826406,2006,"{""type"":""MultiPoint"",""coordinates"":[]}"
20061007,2006-10-07,279,10,0.0,2006,"{""type"":""MultiPoint"",""coordinates"":[]}"
20061008,2006-10-08,280,10,0.0,2006,"{""type"":""MultiPoint"",""coordinates"":[]}"
20061009,2006-10-09,281,10,2.2537737060098464,2006,"{""type"":""MultiPoint"",""coordinates"":[]}"
20061010,2006-10-10,282,10,2.453214210197462,2006,"{""type"":""MultiPoint"",""coordinates"":[]}"
20061011,2006-10-11,283,10,3.8032189956346967,2006,"{""type"":""MultiPoint"",""coordinates"":[]}"
20061012,2006-10-12,284,10,1.4878666764510744,2006,"{""type"":""MultiPoint"",""coordinates"":[]}"
20061013,2006-10-13,285,10,0.0,2006,"{""type"":""MultiPoint"",""coordinates"":[]}"
20061014,2006-10-14,286,10,0.0,2006,"{""type"":""MultiPoint"",""coordinates"":[]}"
20061015,2006-10-15,287,10,0.0,2006,"{""type"":""MultiPoint"",""coordinates"":[]}"
20061016,2006-10-16,288,10,4.40573788038644,2006,"{""type"":""MultiPoint"",""coordinates"":[]}"
20061017,2006-10-17,289,10,0.0,2006,"{""type"":""MultiPoint"",""coordinates"":[]}"
20061018,2006-10-18,290,10,0.8039200783460583,2006,"{""type"":""MultiPoint"",""coordinates"":[]}"
20061019,2006-10-19,291,10,0.6724732524807039,2006,"{""type"":""MultiPoint"",""coordinates"":[]}"
20061020,2006-10-20,292,10,0.407839713769045,2006,"{""type"":""MultiPoint"",""coordinates"":[]}"
20061021,2006-10-21,293,10,0.24210557132032653,2006,"{""type"":""MultiPoint"",""coordinates"":[]}"
20061022,2006-10-22,294,10,0.0,2006,"{""type"":""MultiPoint"",""coordinates"":[]}"
20061023,2006-10-23,295,10,0.0,2006,"{""type"":""MultiPoint"",""coordinates"":[]}"
20061024,2006-10-24,296,10,0.0,2006,"{""type"":""MultiPoint"",""coordinates"":[]}"
20061025,2006-10-25,297,10,0.06659378285784842,2006,"{""type"":""MultiPoint"",""coordinates"":[]}"
20061026,2006-10-26,298,10,0.0,2006,"{""type"":""MultiPoint"",""coordinates"":[]}"
20061027,2006-10-27,299,10,2.6019766441452123,2006,"{""type"":""MultiPoint"",""coordinates"":[]}"
20061028,2006-10-28,300,10,0.07203250952252399,2006,"{""type"":""MultiPoint"",""coordinates"":[]}"
20061029,2006-10-29,301,10,0.0,2006,"{""type"":""MultiPoint"",""coordinates"":[]}"
20061030,2006-10-30,302,10,0.0,2006,"{""type"":""MultiPoint"",""coordinates"":[]}"
20061031,2006-10-31,303,10,0.0,2006,"{""type"":""MultiPoint"",""coordinates"":[]}"
20061101,2006-11-01,304,11,0.0,2006,"{""type"":""MultiPoint"",""coordinates"":[]}"
20061102,2006-11-02,305,11,0.0,2006,"{""type"":""MultiPoint"",""coordinates"":[]}"
20061103,2006-11-03,306,11,0.0,2006,"{""type"":""MultiPoint"",""coordinates"":[]}"
20061104,2006-11-04,307,11,0.0,2006,"{""type"":""MultiPoint"",""coordinates"":[]}"
20061105,2006-11-05,308,11,0.0,2006,"{""type"":""MultiPoint"",""coordinates"":[]}"
20061106,2006-11-06,309,11,0.0,2006,"{""type"":""MultiPoint"",""coordinates"":[]}"
20061107,2006-11-07,310,11,0.79008695560532,2006,"{""type"":""MultiPoint"",""coordinates"":[]}"
20061108,2006-11-08,311,11,0.0,2006,"{""type"":""MultiPoint"",""coordinates"":[]}"
20061109,2006-11-09,312,11,0.0,2006,"{""type"":""MultiPoint"",""coordinates"":[]}"
20061110,2006-11-10,313,11,0.0,2006,"{""type"":""MultiPoint"",""coordinates"":[]}"
20061111,2006-11-11,314,11,0.0,2006,"{""type"":""MultiPoint"",""coordinates"":[]}"
20061112,2006-11-12,315,11,0.0,2006,"{""type"":""MultiPoint"",""coordinates"":[]}"
20061113,2006-11-13,316,11,0.0,2006,"{""type"":""MultiPoint"",""coordinates"":[]}"
20061114,2006-11-14,317,11,0.0,2006,"{""type"":""MultiPoint"",""coordinates"":[]}"
20061115,2006-11-15,318,11,0.0,2006,"{""type"":""MultiPoint"",""coordinates"":[]}"
20061116,2006-11-16,319,11,0.0,2006,"{""type"":""MultiPoint"",""coordinates"":[]}"
20061117,2006-11-17,320,11,0.0,2006,"{""type"":""MultiPoint"",""coordinates"":[]}"
20061118,2006-11-18,321,11,0.0,2006,"{""type"":""MultiPoint"",""coordinates"":[]}"
20061119,2006-11-19,322,11,0.0,2006,"{""type"":""MultiPoint"",""coordinates"":[]}"
20061120,2006-11-20,323,11,0.0,2006,"{""type"":""MultiPoint"",""coordinates"":[]}"
20061121,2006-11-21,324,11,0.0,2006,"{""type"":""MultiPoint"",""coordinates"":[]}"
20061122,2006-11-22,325,11,0.0,2006,"{""type"":""MultiPoint"",""coordinates"":[]}"
20061123,2006-11-23,326,11,0.0,2006,"{""type"":""MultiPoint"",""coordinates"":[]}"
20061124,2006-11-24,327,11,0.0,2006,"{""type"":""MultiPoint"",""coordinates"":[]}"
20061125,2006-11-25,328,11,0.0,2006,"{""type"":""MultiPoint"",""coordinates"":[]}"
20061126,2006-11-26,329,11,0.0,2006,"{""type"":""MultiPoint"",""coordinates"":[]}"
20061127,2006-11-27,330,11,0.0,2006,"{""type"":""MultiPoint"",""coordinates"":[]}"
20061128,2006-11-28,331,11,0.0,2006,"{""type"":""MultiPoint"",""coordinates"":[]}"
20061129,2006-11-29,332,11,0.0,2006,"{""type"":""MultiPoint"",""coordinates"":[]}"
20061130,2006-11-30,333,11,0.0,2006,"{""type"":""MultiPoint"",""coordinates"":[]}"
20061201,2006-12-01,334,12,0.0,2006,"{""type"":""MultiPoint"",""coordinates"":[]}"
20061202,2006-12-02,335,12,0.0,2006,"{""type"":""MultiPoint"",""coordinates"":[]}"
20061203,2006-12-03,336,12,0.0,2006,"{""type"":""MultiPoint"",""coordinates"":[]}"
20061204,2006-12-04,337,12,0.0,2006,"{""type"":""MultiPoint"",""coordinates"":[]}"
20061205,2006-12-05,338,12,0.0,2006,"{""type"":""MultiPoint"",""coordinates"":[]}"
20061206,2006-12-06,339,12,0.0,2006,"{""type"":""MultiPoint"",""coordinates"":[]}"
20061207,2006-12-07,340,12,0.0,2006,"{""type"":""MultiPoint"",""coordinates"":[]}"
20061208,2006-12-08,341,12,0.0,2006,"{""type"":""MultiPoint"",""coordinates"":[]}"
20061209,2006-12-09,342,12,0.0,2006,"{""type"":""MultiPoint"",""coordinates"":[]}"
20061210,2006-12-10,343,12,0.0,2006,"{""type"":""MultiPoint"",""coordinates"":[]}"
20061211,2006-12-11,344,12,0.0,2006,"{""type"":""MultiPoint"",""coordinates"":[]}"
20061212,2006-12-12,345,12,0.0,2006,"{""type"":""MultiPoint"",""coordinates"":[]}"
20061213,2006-12-13,346,12,0.0,2006,"{""type"":""MultiPoint"",""coordinates"":[]}"
20061214,2006-12-14,347,12,0.0,2006,"{""type"":""MultiPoint"",""coordinates"":[]}"
20061215,2006-12-15,348,12,0.0,2006,"{""type"":""MultiPoint"",""coordinates"":[]}"
20061216,2006-12-16,349,12,0.0,2006,"{""type"":""MultiPoint"",""coordinates"":[]}"
20061217,2006-12-17,350,12,0.0,2006,"{""type"":""MultiPoint"",""coordinates"":[]}"
20061218,2006-12-18,351,12,0.0,2006,"{""type"":""MultiPoint"",""coordinates"":[]}"
20061219,2006-12-19,352,12,0.0,2006,"{""type"":""MultiPoint"",""coordinates"":[]}"
20061220,2006-12-20,353,12,0.0,2006,"{""type"":""MultiPoint"",""coordinates"":[]}"
20061221,2006-12-21,354,12,0.0,2006,"{""type"":""MultiPoint"",""coordinates"":[]}"
20061222,2006-12-22,355,12,0.0,2006,"{""type"":""MultiPoint"",""coordinates"":[]}"
20061223,2006-12-23,356,12,0.0,2006,"{""type"":""MultiPoint"",""coordinates"":[]}"
20061224,2006-12-24,357,12,0.0,2006,"{""type"":""MultiPoint"",""coordinates"":[]}"
20061225,2006-12-25,358,12,0.0,2006,"{""type"":""MultiPoint"",""coordinates"":[]}"
20061226,2006-12-26,359,12,0.0,2006,"{""type"":""MultiPoint"",""coordinates"":[]}"
20061227,2006-12-27,360,12,0.0,2006,"{""type"":""MultiPoint"",""coordinates"":[]}"
20061228,2006-12-28,361,12,0.0,2006,"{""type"":""MultiPoint"",""coordinates"":[]}"
20061229,2006-12-29,362,12,0.0,2006,"{""type"":""MultiPoint"",""coordinates"":[]}"
20061230,2006-12-30,363,12,0.0,2006,"{""type"":""MultiPoint"",""coordinates"":[]}"
20061231,2006-12-31,364,12,0.0,2006,"{""type"":""MultiPoint"",""coordinates"":[]}"
20070101,2007-01-01,0,1,0.0,2007,"{""type"":""MultiPoint"",""coordinates"":[]}"
20070102,2007-01-02,1,1,0.0,2007,"{""type"":""MultiPoint"",""coordinates"":[]}"
20070103,2007-01-03,2,1,0.0,2007,"{""type"":""MultiPoint"",""coordinates"":[]}"
20070104,2007-01-04,3,1,0.0,2007,"{""type"":""MultiPoint"",""coordinates"":[]}"
20070105,2007-01-05,4,1,0.0,2007,"{""type"":""MultiPoint"",""coordinates"":[]}"
20070106,2007-01-06,5,1,0.0,2007,"{""type"":""MultiPoint"",""coordinates"":[]}"
20070107,2007-01-07,6,1,0.0,2007,"{""type"":""MultiPoint"",""coordinates"":[]}"
20070108,2007-01-08,7,1,0.0,2007,"{""type"":""MultiPoint"",""coordinates"":[]}"
20070109,2007-01-09,8,1,0.0,2007,"{""type"":""MultiPoint"",""coordinates"":[]}"
20070110,2007-01-10,9,1,0.0,2007,"{""type"":""MultiPoint"",""coordinates"":[]}"
20070111,2007-01-11,10,1,0.0,2007,"{""type"":""MultiPoint"",""coordinates"":[]}"
20070112,2007-01-12,11,1,0.0,2007,"{""type"":""MultiPoint"",""coordinates"":[]}"
20070113,2007-01-13,12,1,0.0,2007,"{""type"":""MultiPoint"",""coordinates"":[]}"
20070114,2007-01-14,13,1,0.0,2007,"{""type"":""MultiPoint"",""coordinates"":[]}"
20070115,2007-01-15,14,1,0.0,2007,"{""type"":""MultiPoint"",""coordinates"":[]}"
20070116,2007-01-16,15,1,0.0,2007,"{""type"":""MultiPoint"",""coordinates"":[]}"
20070117,2007-01-17,16,1,0.0,2007,"{""type"":""MultiPoint"",""coordinates"":[]}"
20070118,2007-01-18,17,1,0.0,2007,"{""type"":""MultiPoint"",""coordinates"":[]}"
20070119,2007-01-19,18,1,0.0,2007,"{""type"":""MultiPoint"",""coordinates"":[]}"
20070120,2007-01-20,19,1,0.0,2007,"{""type"":""MultiPoint"",""coordinates"":[]}"
20070121,2007-01-21,20,1,0.0,2007,"{""type"":""MultiPoint"",""coordinates"":[]}"
20070122,2007-01-22,21,1,0.0,2007,"{""type"":""MultiPoint"",""coordinates"":[]}"
20070123,2007-01-23,22,1,0.0,2007,"{""type"":""MultiPoint"",""coordinates"":[]}"
20070124,2007-01-24,23,1,0.0,2007,"{""type"":""MultiPoint"",""coordinates"":[]}"
20070125,2007-01-25,24,1,0.0,2007,"{""type"":""MultiPoint"",""coordinates"":[]}"
20070126,2007-01-26,25,1,0.0,2007,"{""type"":""MultiPoint"",""coordinates"":[]}"
20070127,2007-01-27,26,1,0.0,2007,"{""type"":""MultiPoint"",""coordinates"":[]}"
20070128,2007-01-28,27,1,0.0,2007,"{""type"":""MultiPoint"",""coordinates"":[]}"
20070129,2007-01-29,28,1,0.0,2007,"{""type"":""MultiPoint"",""coordinates"":[]}"
20070130,2007-01-30,29,1,0.0,2007,"{""type"":""MultiPoint"",""coordinates"":[]}"
20070131,2007-01-31,30,1,0.0,2007,"{""type"":""MultiPoint"",""coordinates"":[]}"
20070201,2007-02-01,31,2,0.0,2007,"{""type"":""MultiPoint"",""coordinates"":[]}"
20070202,2007-02-02,32,2,0.0,2007,"{""type"":""MultiPoint"",""coordinates"":[]}"
20070203,2007-02-03,33,2,0.0,2007,"{""type"":""MultiPoint"",""coordinates"":[]}"
20070204,2007-02-04,34,2,0.0,2007,"{""type"":""MultiPoint"",""coordinates"":[]}"
20070205,2007-02-05,35,2,0.0,2007,"{""type"":""MultiPoint"",""coordinates"":[]}"
20070206,2007-02-06,36,2,0.0,2007,"{""type"":""MultiPoint"",""coordinates"":[]}"
20070207,2007-02-07,37,2,0.0,2007,"{""type"":""MultiPoint"",""coordinates"":[]}"
20070208,2007-02-08,38,2,0.0,2007,"{""type"":""MultiPoint"",""coordinates"":[]}"
20070209,2007-02-09,39,2,0.0,2007,"{""type"":""MultiPoint"",""coordinates"":[]}"
20070210,2007-02-10,40,2,0.0,2007,"{""type"":""MultiPoint"",""coordinates"":[]}"
20070211,2007-02-11,41,2,0.0,2007,"{""type"":""MultiPoint"",""coordinates"":[]}"
20070212,2007-02-12,42,2,0.0,2007,"{""type"":""MultiPoint"",""coordinates"":[]}"
20070213,2007-02-13,43,2,0.0,2007,"{""type"":""MultiPoint"",""coordinates"":[]}"
20070214,2007-02-14,44,2,0.0,2007,"{""type"":""MultiPoint"",""coordinates"":[]}"
20070215,2007-02-15,45,2,0.0,2007,"{""type"":""MultiPoint"",""coordinates"":[]}"
20070216,2007-02-16,46,2,0.0,2007,"{""type"":""MultiPoint"",""coordinates"":[]}"
20070217,2007-02-17,47,2,0.0,2007,"{""type"":""MultiPoint"",""coordinates"":[]}"
20070218,2007-02-18,48,2,0.0,2007,"{""type"":""MultiPoint"",""coordinates"":[]}"
20070219,2007-02-19,49,2,0.0,2007,"{""type"":""MultiPoint"",""coordinates"":[]}"
20070220,2007-02-20,50,2,0.0,2007,"{""type"":""MultiPoint"",""coordinates"":[]}"
20070221,2007-02-21,51,2,0.0,2007,"{""type"":""MultiPoint"",""coordinates"":[]}"
20070222,2007-02-22,52,2,0.001361714205657593,2007,"{""type"":""MultiPoint"",""coordinates"":[]}"
20070223,2007-02-23,53,2,0.0,2007,"{""type"":""MultiPoint"",""coordinates"":[]}"
20070224,2007-02-24,54,2,0.025485322920092385,2007,"{""type"":""MultiPoint"",""coordinates"":[]}"
20070225,2007-02-25,55,2,0.0,2007,"{""type"":""MultiPoint"",""coordinates"":[]}"
20070226,2007-02-26,56,2,0.002697115584729827,2007,"{""type"":""MultiPoint"",""coordinates"":[]}"
20070227,2007-02-27,57,2,0.0,2007,"{""type"":""MultiPoint"",""coordinates"":[]}"
20070228,2007-02-28,58,2,0.0,2007,"{""type"":""MultiPoint"",""coordinates"":[]}"
20070301,2007-03-01,59,3,0.0,2007,"{""type"":""MultiPoint"",""coordinates"":[]}"
20070302,2007-03-02,60,3,0.0,2007,"{""type"":""MultiPoint"",""coordinates"":[]}"
20070303,2007-03-03,61,3,0.0,2007,"{""type"":""MultiPoint"",""coordinates"":[]}"
20070304,2007-03-04,62,3,0.0,2007,"{""type"":""MultiPoint"",""coordinates"":[]}"
20070305,2007-03-05,63,3,0.0,2007,"{""type"":""MultiPoint"",""coordinates"":[]}"
20070306,2007-03-06,64,3,0.0,2007,"{""type"":""MultiPoint"",""coordinates"":[]}"
20070307,2007-03-07,65,3,0.010462267695086666,2007,"{""type"":""MultiPoint"",""coordinates"":[]}"
20070308,2007-03-08,66,3,0.0,2007,"{""type"":""MultiPoint"",""coordinates"":[]}"
20070309,2007-03-09,67,3,0.0,2007,"{""type"":""MultiPoint"",""coordinates"":[]}"
20070310,2007-03-10,68,3,0.0,2007,"{""type"":""MultiPoint"",""coordinates"":[]}"
20070311,2007-03-11,69,3,0.0,2007,"{""type"":""MultiPoint"",""coordinates"":[]}"
20070312,2007-03-12,70,3,0.0,2007,"{""type"":""MultiPoint"",""coordinates"":[]}"
20070313,2007-03-13,71,3,0.0,2007,"{""type"":""MultiPoint"",""coordinates"":[]}"
20070314,2007-03-14,72,3,0.0,2007,"{""type"":""MultiPoint"",""coordinates"":[]}"
20070315,2007-03-15,73,3,0.0,2007,"{""type"":""MultiPoint"",""coordinates"":[]}"
20070316,2007-03-16,74,3,0.0,2007,"{""type"":""MultiPoint"",""coordinates"":[]}"
20070317,2007-03-17,75,3,0.0,2007,"{""type"":""MultiPoint"",""coordinates"":[]}"
20070318,2007-03-18,76,3,0.0,2007,"{""type"":""MultiPoint"",""coordinates"":[]}"
20070319,2007-03-19,77,3,0.0,2007,"{""type"":""MultiPoint"",""coordinates"":[]}"
20070320,2007-03-20,78,3,0.0,2007,"{""type"":""MultiPoint"",""coordinates"":[]}"
20070321,2007-03-21,79,3,0.0,2007,"{""type"":""MultiPoint"",""coordinates"":[]}"
20070322,2007-03-22,80,3,0.0,2007,"{""type"":""MultiPoint"",""coordinates"":[]}"
20070323,2007-03-23,81,3,0.0,2007,"{""type"":""MultiPoint"",""coordinates"":[]}"
20070324,2007-03-24,82,3,0.0,2007,"{""type"":""MultiPoint"",""coordinates"":[]}"
20070325,2007-03-25,83,3,0.0,2007,"{""type"":""MultiPoint"",""coordinates"":[]}"
20070326,2007-03-26,84,3,0.0,2007,"{""type"":""MultiPoint"",""coordinates"":[]}"
20070327,2007-03-27,85,3,0.0,2007,"{""type"":""MultiPoint"",""coordinates"":[]}"
20070328,2007-03-28,86,3,0.0,2007,"{""type"":""MultiPoint"",""coordinates"":[]}"
20070329,2007-03-29,87,3,0.0,2007,"{""type"":""MultiPoint"",""coordinates"":[]}"
20070330,2007-03-30,88,3,0.0,2007,"{""type"":""MultiPoint"",""coordinates"":[]}"
20070331,2007-03-31,89,3,0.0,2007,"{""type"":""MultiPoint"",""coordinates"":[]}"
20070401,2007-04-01,90,4,0.0,2007,"{""type"":""MultiPoint"",""coordinates"":[]}"
20070402,2007-04-02,91,4,0.032366976537405084,2007,"{""type"":""MultiPoint"",""coordinates"":[]}"
20070403,2007-04-03,92,4,0.0,2007,"{""type"":""MultiPoint"",""coordinates"":[]}"
20070404,2007-04-04,93,4,0.0058796427749978316,2007,"{""type"":""MultiPoint"",""coordinates"":[]}"
20070405,2007-04-05,94,4,0.01352660387465212,2007,"{""type"":""MultiPoint"",""coordinates"":[]}"
20070406,2007-04-06,95,4,0.0,2007,"{""type"":""MultiPoint"",""coordinates"":[]}"
20070407,2007-04-07,96,4,0.0,2007,"{""type"":""MultiPoint"",""coordinates"":[]}"
20070408,2007-04-08,97,4,0.0,2007,"{""type"":""MultiPoint"",""coordinates"":[]}"
20070409,2007-04-09,98,4,0.0,2007,"{""type"":""MultiPoint"",""coordinates"":[]}"
20070410,2007-04-10,99,4,0.0,2007,"{""type"":""MultiPoint"",""coordinates"":[]}"
20070411,2007-04-11,100,4,0.0,2007,"{""type"":""MultiPoint"",""coordinates"":[]}"
20070412,2007-04-12,101,4,0.0,2007,"{""type"":""MultiPoint"",""coordinates"":[]}"
20070413,2007-04-13,102,4,0.0,2007,"{""type"":""MultiPoint"",""coordinates"":[]}"
20070414,2007-04-14,103,4,0.056180661965134264,2007,"{""type"":""MultiPoint"",""coordinates"":[]}"
20070415,2007-04-15,104,4,0.0,2007,"{""type"":""MultiPoint"",""coordinates"":[]}"
20070416,2007-04-16,105,4,0.07682294688807499,2007,"{""type"":""MultiPoint"",""coordinates"":[]}"
20070417,2007-04-17,106,4,0.0,2007,"{""type"":""MultiPoint"",""coordinates"":[]}"
20070418,2007-04-18,107,4,0.0,2007,"{""type"":""MultiPoint"",""coordinates"":[]}"
20070419,2007-04-19,108,4,0.0,2007,"{""type"":""MultiPoint"",""coordinates"":[]}"
20070420,2007-04-20,109,4,0.0,2007,"{""type"":""MultiPoint"",""coordinates"":[]}"
20070421,2007-04-21,110,4,0.0,2007,"{""type"":""MultiPoint"",""coordinates"":[]}"
20070422,2007-04-22,111,4,0.0,2007,"{""type"":""MultiPoint"",""coordinates"":[]}"
20070423,2007-04-23,112,4,0.0,2007,"{""type"":""MultiPoint"",""coordinates"":[]}"
20070424,2007-04-24,113,4,0.10572110926025953,2007,"{""type"":""MultiPoint"",""coordinates"":[]}"
20070425,2007-04-25,114,4,0.6836654954935023,2007,"{""type"":""MultiPoint"",""coordinates"":[]}"
20070426,2007-04-26,115,4,4.203007511961316,2007,"{""type"":""MultiPoint"",""coordinates"":[]}"
20070427,2007-04-27,116,4,0.0,2007,"{""type"":""MultiPoint"",""coordinates"":[]}"
20070428,2007-04-28,117,4,1.50987355594329,2007,"{""type"":""MultiPoint"",""coordinates"":[]}"
20070429,2007-04-29,118,4,0.3167555065149363,2007,"{""type"":""MultiPoint"",""coordinates"":[]}"
20070430,2007-04-30,119,4,0.108755713171193,2007,"{""type"":""MultiPoint"",""coordinates"":[]}"
20070501,2007-05-01,120,5,0.5851673360365787,2007,"{""type"":""MultiPoint"",""coordinates"":[]}"
20070502,2007-05-02,121,5,2.051587976071121,2007,"{""type"":""MultiPoint"",""coordinates"":[]}"
20070503,2007-05-03,122,5,0.0,2007,"{""type"":""MultiPoint"",""coordinates"":[]}"
20070504,2007-05-04,123,5,2.539400567675987,2007,"{""type"":""MultiPoint"",""coordinates"":[]}"
20070505,2007-05-05,124,5,0.0,2007,"{""type"":""MultiPoint"",""coordinates"":[]}"
20070506,2007-05-06,125,5,0.7375061935329231,2007,"{""type"":""MultiPoint"",""coordinates"":[]}"
20070507,2007-05-07,126,5,1.3486401060237154,2007,"{""type"":""MultiPoint"",""coordinates"":[]}"
20070508,2007-05-08,127,5,2.5736767977245916,2007,"{""type"":""MultiPoint"",""coordinates"":[]}"
20070509,2007-05-09,128,5,0.0,2007,"{""type"":""MultiPoint"",""coordinates"":[]}"
20070510,2007-05-10,129,5,0.011909360837454747,2007,"{""type"":""MultiPoint"",""coordinates"":[]}"
20070511,2007-05-11,130,5,1.2875390527129857,2007,"{""type"":""MultiPoint"",""coordinates"":[]}"
20070512,2007-05-12,131,5,0.014292926947936891,2007,"{""type"":""MultiPoint"",""coordinates"":[]}"
20070513,2007-05-13,132,5,0.8312085017187094,2007,"{""type"":""MultiPoint"",""coordinates"":[]}"
20070514,2007-05-14,133,5,1.8645070601180183,2007,"{""type"":""MultiPoint"",""coordinates"":[]}"
20070515,2007-05-15,134,5,3.7479006418923997,2007,"{""type"":""MultiPoint"",""coordinates"":[]}"
20070516,2007-05-16,135,5,0.0,2007,"{""type"":""MultiPoint"",""coordinates"":[]}"
20070517,2007-05-17,136,5,0.0,2007,"{""type"":""MultiPoint"",""coordinates"":[]}"
20070518,2007-05-18,137,5,0.0,2007,"{""type"":""MultiPoint"",""coordinates"":[]}"
20070519,2007-05-19,138,5,0.0,2007,"{""type"":""MultiPoint"",""coordinates"":[]}"
20070520,2007-05-20,139,5,2.4734149454465877,2007,"{""type"":""MultiPoint"",""coordinates"":[]}"
20070521,2007-05-21,140,5,1.2285726060369602,2007,"{""type"":""MultiPoint"",""coordinates"":[]}"
20070522,2007-05-22,141,5,0.0,2007,"{""type"":""MultiPoint"",""coordinates"":[]}"
20070523,2007-05-23,142,5,0.9776934504532584,2007,"{""type"":""MultiPoint"",""coordinates"":[]}"
20070524,2007-05-24,143,5,2.5138926291187156,2007,"{""type"":""MultiPoint"",""coordinates"":[]}"
20070525,2007-05-25,144,5,0.0,2007,"{""type"":""MultiPoint"",""coordinates"":[]}"
20070526,2007-05-26,145,5,2.1522308609985696,2007,"{""type"":""MultiPoint"",""coordinates"":[]}"
20070527,2007-05-27,146,5,0.0,2007,"{""type"":""MultiPoint"",""coordinates"":[]}"
20070528,2007-05-28,147,5,7.642638833009504,2007,"{""type"":""MultiPoint"",""coordinates"":[]}"
20070529,2007-05-29,148,5,3.3920093102605304,2007,"{""type"":""MultiPoint"",""coordinates"":[]}"
20070530,2007-05-30,149,5,0.0,2007,"{""type"":""MultiPoint"",""coordinates"":[]}"
20070531,2007-05-31,150,5,0.0,2007,"{""type"":""MultiPoint"",""coordinates"":[]}"
20070601,2007-06-01,151,6,36.489629341649824,2007,"{""type"":""MultiPoint"",""coordinates"":[]}"
20070602,2007-06-02,152,6,0.0,2007,"{""type"":""MultiPoint"",""coordinates"":[]}"
20070603,2007-06-03,153,6,10.002262054280164,2007,"{""type"":""MultiPoint"",""coordinates"":[]}"
20070604,2007-06-04,154,6,0.0,2007,"{""type"":""MultiPoint"",""coordinates"":[]}"
20070605,2007-06-05,155,6,1.4571863092462907,2007,"{""type"":""MultiPoint"",""coordinates"":[]}"
20070606,2007-06-06,156,6,10.981127630627775,2007,"{""type"":""MultiPoint"",""coordinates"":[]}"
20070607,2007-06-07,157,6,24.48246652656415,2007,"{""type"":""MultiPoint"",""coordinates"":[]}"
20070608,2007-06-08,158,6,9.858795763171763,2007,"{""type"":""MultiPoint"",""coordinates"":[]}"
20070609,2007-06-09,159,6,1.209652467207475,2007,"{""type"":""MultiPoint"",""coordinates"":[]}"
20070610,2007-06-10,160,6,0.0,2007,"{""type"":""MultiPoint"",""coordinates"":[]}"
20070611,2007-06-11,161,6,0.0,2007,"{""type"":""MultiPoint"",""coordinates"":[]}"
20070612,2007-06-12,162,6,14.766447954825729,2007,"{""type"":""MultiPoint"",""coordinates"":[]}"
20070613,2007-06-13,163,6,2.245332961697275,2007,"{""type"":""MultiPoint"",""coordinates"":[]}"
20070614,2007-06-14,164,6,0.8419139615661628,2007,"{""type"":""MultiPoint"",""coordinates"":[]}"
20070615,2007-06-15,165,6,0.0,2007,"{""type"":""MultiPoint"",""coordinates"":[]}"
20070616,2007-06-16,166,6,11.29566025049244,2007,"{""type"":""MultiPoint"",""coordinates"":[]}"
20070617,2007-06-17,167,6,5.41826220233031,2007,"{""type"":""MultiPoint"",""coordinates"":[]}"
20070618,2007-06-18,168,6,1.2489930073750752,2007,"{""type"":""MultiPoint"",""coordinates"":[]}"
20070619,2007-06-19,169,6,0.0,2007,"{""type"":""MultiPoint"",""coordinates"":[]}"
20070620,2007-06-20,170,6,0.0,2007,"{""type"":""MultiPoint"",""coordinates"":[]}"
20070621,2007-06-21,171,6,9.685715646926992,2007,"{""type"":""MultiPoint"",""coordinates"":[]}"
20070622,2007-06-22,172,6,0.4127561532759293,2007,"{""type"":""MultiPoint"",""coordinates"":[]}"
20070623,2007-06-23,173,6,0.0,2007,"{""type"":""MultiPoint"",""coordinates"":[]}"
20070624,2007-06-24,174,6,0.2033957539277163,2007,"{""type"":""MultiPoint"",""coordinates"":[]}"
20070625,2007-06-25,175,6,0.0334336276006217,2007,"{""type"":""MultiPoint"",""coordinates"":[]}"
20070626,2007-06-26,176,6,6.201045449735339,2007,"{""type"":""MultiPoint"",""coordinates"":[]}"
20070627,2007-06-27,177,6,0.0,2007,"{""type"":""MultiPoint"",""coordinates"":[]}"
20070628,2007-06-28,178,6,9.582271067830305,2007,"{""type"":""MultiPoint"",""coordinates"":[]}"
20070629,2007-06-29,179,6,0.08113642257377639,2007,"{""type"":""MultiPoint"",""coordinates"":[]}"
20070630,2007-06-30,180,6,0.0,2007,"{""type"":""MultiPoint"",""coordinates"":[]}"
20070701,2007-07-01,181,7,9.632729216598477,2007,"{""type"":""MultiPoint"",""coordinates"":[]}"
20070702,2007-07-02,182,7,6.4568938699942535,2007,"{""type"":""MultiPoint"",""coordinates"":[]}"
20070703,2007-07-03,183,7,6.3996989367668835,2007,"{""type"":""MultiPoint"",""coordinates"":[]}"
20070704,2007-07-04,184,7,0.08155714976808817,2007,"{""type"":""MultiPoint"",""coordinates"":[]}"
20070705,2007-07-05,185,7,0.0,2007,"{""type"":""MultiPoint"",""coordinates"":[]}"
20070706,2007-07-06,186,7,1.0457696551071534,2007,"{""type"":""MultiPoint"",""coordinates"":[]}"
20070707,2007-07-07,187,7,1.6625576673769482,2007,"{""type"":""MultiPoint"",""coordinates"":[]}"
20070708,2007-07-08,188,7,3.673885575141687,2007,"{""type"":""MultiPoint"",""coordinates"":[]}"
20070709,2007-07-09,189,7,7.865253261680247,2007,"{""type"":""MultiPoint"",""coordinates"":[]}"
20070710,2007-07-10,190,7,0.0,2007,"{""type"":""MultiPoint"",""coordinates"":[]}"
20070711,2007-07-11,191,7,12.54909801275382,2007,"{""type"":""MultiPoint"",""coordinates"":[]}"
20070712,2007-07-12,192,7,10.34140375397611,2007,"{""type"":""MultiPoint"",""coordinates"":[]}"
20070713,2007-07-13,193,7,0.7218453408609784,2007,"{""type"":""MultiPoint"",""coordinates"":[]}"
20070714,2007-07-14,194,7,8.876693223060583,2007,"{""type"":""MultiPoint"",""coordinates"":[]}"
20070715,2007-07-15,195,7,4.243381240670576,2007,"{""type"":""MultiPoint"",""coordinates"":[]}"
20070716,2007-07-16,196,7,1.9762367372065162,2007,"{""type"":""MultiPoint"",""coordinates"":[]}"
20070717,2007-07-17,197,7,17.28322391789558,2007,"{""type"":""MultiPoint"",""coordinates"":[]}"
20070718,2007-07-18,198,7,9.416672246577503,2007,"{""type"":""MultiPoint"",""coordinates"":[]}"
20070719,2007-07-19,199,7,9.181075121913011,2007,"{""type"":""MultiPoint"",""coordinates"":[]}"
20070720,2007-07-20,200,7,11.707859234140283,2007,"{""type"":""MultiPoint"",""coordinates"":[]}"
20070721,2007-07-21,201,7,5.924712906877318,2007,"{""type"":""MultiPoint"",""coordinates"":[]}"
20070722,2007-07-22,202,7,0.0,2007,"{""type"":""MultiPoint"",""coordinates"":[]}"
20070723,2007-07-23,203,7,10.597509956095426,2007,"{""type"":""MultiPoint"",""coordinates"":[]}"
20070724,2007-07-24,204,7,6.164896056542988,2007,"{""type"":""MultiPoint"",""coordinates"":[]}"
20070725,2007-07-25,205,7,5.327627018102916,2007,"{""type"":""MultiPoint"",""coordinates"":[]}"
20070726,2007-07-26,206,7,12.448267757172488,2007,"{""type"":""MultiPoint"",""coordinates"":[]}"
20070727,2007-07-27,207,7,24.890408304191432,2007,"{""type"":""MultiPoint"",""coordinates"":[]}"
20070728,2007-07-28,208,7,0.6893926819000274,2007,"{""type"":""MultiPoint"",""coordinates"":[]}"
20070729,2007-07-29,209,7,7.486244046964321,2007,"{""type"":""MultiPoint"",""coordinates"":[]}"
20070730,2007-07-30,210,7,17.22133219891384,2007,"{""type"":""MultiPoint"",""coordinates"":[]}"
20070731,2007-07-31,211,7,14.837250342154693,2007,"{""type"":""MultiPoint"",""coordinates"":[]}"
20070801,2007-08-01,212,8,0.3717314298376279,2007,"{""type"":""MultiPoint"",""coordinates"":[]}"
20070802,2007-08-02,213,8,1.06391084574312,2007,"{""type"":""MultiPoint"",""coordinates"":[]}"
20070803,2007-08-03,214,8,3.9579680639343646,2007,"{""type"":""MultiPoint"",""coordinates"":[]}"
20070804,2007-08-04,215,8,0.3171264950557141,2007,"{""type"":""MultiPoint"",""coordinates"":[]}"
20070805,2007-08-05,216,8,10.992459580978085,2007,"{""type"":""MultiPoint"",""coordinates"":[]}"
20070806,2007-08-06,217,8,4.599032575575568,2007,"{""type"":""MultiPoint"",""coordinates"":[]}"
20070807,2007-08-07,218,8,8.834902479096577,2007,"{""type"":""MultiPoint"",""coordinates"":[]}"
20070808,2007-08-08,219,8,11.169724953247782,2007,"{""type"":""MultiPoint"",""coordinates"":[]}"
20070809,2007-08-09,220,8,0.7508155083651589,2007,"{""type"":""MultiPoint"",""coordinates"":[]}"
20070810,2007-08-10,221,8,7.450065690565875,2007,"{""type"":""MultiPoint"",""coordinates"":[]}"
20070811,2007-08-11,222,8,0.0,2007,"{""type"":""MultiPoint"",""coordinates"":[]}"
20070812,2007-08-12,223,8,5.368682480963368,2007,"{""type"":""MultiPoint"",""coordinates"":[]}"
20070813,2007-08-13,224,8,0.0,2007,"{""type"":""MultiPoint"",""coordinates"":[]}"
20070814,2007-08-14,225,8,1.3484571617554852,2007,"{""type"":""MultiPoint"",""coordinates"":[]}"
20070815,2007-08-15,226,8,4.483914252908472,2007,"{""type"":""MultiPoint"",""coordinates"":[]}"
20070816,2007-08-16,227,8,6.847205931985937,2007,"{""type"":""MultiPoint"",""coordinates"":[]}"
20070817,2007-08-17,228,8,8.724179945598383,2007,"{""type"":""MultiPoint"",""coordinates"":[]}"
20070818,2007-08-18,229,8,3.603916999726609,2007,"{""type"":""MultiPoint"",""coordinates"":[]}"
20070819,2007-08-19,230,8,5.931763531123324,2007,"{""type"":""MultiPoint"",""coordinates"":[]}"
20070820,2007-08-20,231,8,0.5727282741986353,2007,"{""type"":""MultiPoint"",""coordinates"":[]}"
20070821,2007-08-21,232,8,3.143393179666266,2007,"{""type"":""MultiPoint"",""coordinates"":[]}"
20070822,2007-08-22,233,8,8.79527076146796,2007,"{""type"":""MultiPoint"",""coordinates"":[]}"
20070823,2007-08-23,234,8,3.1466306124755388,2007,"{""type"":""MultiPoint"",""coordinates"":[]}"
20070824,2007-08-24,235,8,5.35303242552703,2007,"{""type"":""MultiPoint"",""coordinates"":[]}"
20070825,2007-08-25,236,8,8.965540568978273,2007,"{""type"":""MultiPoint"",""coordinates"":[]}"
20070826,2007-08-26,237,8,6.270540116116135,2007,"{""type"":""MultiPoint"",""coordinates"":[]}"
20070827,2007-08-27,238,8,12.793452682578224,2007,"{""type"":""MultiPoint"",""coordinates"":[]}"
20070828,2007-08-28,239,8,9.968167038383188,2007,"{""type"":""MultiPoint"",""coordinates"":[]}"
20070829,2007-08-29,240,8,0.0,2007,"{""type"":""MultiPoint"",""coordinates"":[]}"
20070830,2007-08-30,241,8,16.49390852297856,2007,"{""type"":""MultiPoint"",""coordinates"":[]}"
20070831,2007-08-31,242,8,5.048480005211394,2007,"{""type"":""MultiPoint"",""coordinates"":[]}"
20070901,2007-09-01,243,9,11.930868922943976,2007,"{""type"":""MultiPoint"",""coordinates"":[]}"
20070902,2007-09-02,244,9,6.176249428252509,2007,"{""type"":""MultiPoint"",""coordinates"":[]}"
20070903,2007-09-03,245,9,14.809068056493023,2007,"{""type"":""MultiPoint"",""coordinates"":[]}"
20070904,2007-09-04,246,9,11.233324424798806,2007,"{""type"":""MultiPoint"",""coordinates"":[]}"
20070905,2007-09-05,247,9,7.1866260054655,2007,"{""type"":""MultiPoint"",""coordinates"":[]}"
20070906,2007-09-06,248,9,0.0,2007,"{""type"":""MultiPoint"",""coordinates"":[]}"
20070907,2007-09-07,249,9,3.5344481980547986,2007,"{""type"":""MultiPoint"",""coordinates"":[]}"
20070908,2007-09-08,250,9,0.0,2007,"{""type"":""MultiPoint"",""coordinates"":[]}"
20070909,2007-09-09,251,9,2.2051186973823373,2007,"{""type"":""MultiPoint"",""coordinates"":[]}"
20070910,2007-09-10,252,9,1.7382229466701786,2007,"{""type"":""MultiPoint"",""coordinates"":[]}"
20070911,2007-09-11,253,9,0.032173045957931364,2007,"{""type"":""MultiPoint"",""coordinates"":[]}"
20070912,2007-09-12,254,9,0.0,2007,"{""type"":""MultiPoint"",""coordinates"":[]}"
20070913,2007-09-13,255,9,1.6721612865392657,2007,"{""type"":""MultiPoint"",""coordinates"":[]}"
20070914,2007-09-14,256,9,0.0,2007,"{""type"":""MultiPoint"",""coordinates"":[]}"
20070915,2007-09-15,257,9,3.565630184657315,2007,"{""type"":""MultiPoint"",""coordinates"":[]}"
20070916,2007-09-16,258,9,4.808938084085003,2007,"{""type"":""MultiPoint"",""coordinates"":[]}"
20070917,2007-09-17,259,9,0.0,2007,"{""type"":""MultiPoint"",""coordinates"":[]}"
20070918,2007-09-18,260,9,0.19322931268328983,2007,"{""type"":""MultiPoint"",""coordinates"":[]}"
20070919,2007-09-19,261,9,0.722619673666989,2007,"{""type"":""MultiPoint"",""coordinates"":[]}"
20070920,2007-09-20,262,9,0.0,2007,"{""type"":""MultiPoint"",""coordinates"":[]}"
20070921,2007-09-21,263,9,11.103621225022732,2007,"{""type"":""MultiPoint"",""coordinates"":[]}"
20070922,2007-09-22,264,9,0.0,2007,"{""type"":""MultiPoint"",""coordinates"":[]}"
20070923,2007-09-23,265,9,0.0,2007,"{""type"":""MultiPoint"",""coordinates"":[]}"
20070924,2007-09-24,266,9,10.540887551204737,2007,"{""type"":""MultiPoint"",""coordinates"":[]}"
20070925,2007-09-25,267,9,0.0,2007,"{""type"":""MultiPoint"",""coordinates"":[]}"
20070926,2007-09-26,268,9,0.0,2007,"{""type"":""MultiPoint"",""coordinates"":[]}"
20070927,2007-09-27,269,9,0.0,2007,"{""type"":""MultiPoint"",""coordinates"":[]}"
20070928,2007-09-28,270,9,0.0,2007,"{""type"":""MultiPoint"",""coordinates"":[]}"
20070929,2007-09-29,271,9,4.724160959187487,2007,"{""type"":""MultiPoint"",""coordinates"":[]}"
20070930,2007-09-30,272,9,0.07823352824109311,2007,"{""type"":""MultiPoint"",""coordinates"":[]}"
20071001,2007-10-01,273,10,0.0,2007,"{""type"":""MultiPoint"",""coordinates"":[]}"
20071002,2007-10-02,274,10,0.0,2007,"{""type"":""MultiPoint"",""coordinates"":[]}"
20071003,2007-10-03,275,10,0.6507292156952351,2007,"{""type"":""MultiPoint"",""coordinates"":[]}"
20071004,2007-10-04,276,10,0.06245466675421204,2007,"{""type"":""MultiPoint"",""coordinates"":[]}"
20071005,2007-10-05,277,10,0.0,2007,"{""type"":""MultiPoint"",""coordinates"":[]}"
20071006,2007-10-06,278,10,0.31313184224206353,2007,"{""type"":""MultiPoint"",""coordinates"":[]}"
20071007,2007-10-07,279,10,0.035129400923077855,2007,"{""type"":""MultiPoint"",""coordinates"":[]}"
20071008,2007-10-08,280,10,0.0,2007,"{""type"":""MultiPoint"",""coordinates"":[]}"
20071009,2007-10-09,281,10,0.0,2007,"{""type"":""MultiPoint"",""coordinates"":[]}"
20071010,2007-10-10,282,10,0.0,2007,"{""type"":""MultiPoint"",""coordinates"":[]}"
20071011,2007-10-11,283,10,0.0,2007,"{""type"":""MultiPoint"",""coordinates"":[]}"
20071012,2007-10-12,284,10,0.0,2007,"{""type"":""MultiPoint"",""coordinates"":[]}"
20071013,2007-10-13,285,10,0.0,2007,"{""type"":""MultiPoint"",""coordinates"":[]}"
20071014,2007-10-14,286,10,0.0,2007,"{""type"":""MultiPoint"",""coordinates"":[]}"
20071015,2007-10-15,287,10,0.0,2007,"{""type"":""MultiPoint"",""coordinates"":[]}"
20071016,2007-10-16,288,10,0.0,2007,"{""type"":""MultiPoint"",""coordinates"":[]}"
20071017,2007-10-17,289,10,0.0,2007,"{""type"":""MultiPoint"",""coordinates"":[]}"
20071018,2007-10-18,290,10,0.0,2007,"{""type"":""MultiPoint"",""coordinates"":[]}"
20071019,2007-10-19,291,10,0.35084258981165634,2007,"{""type"":""MultiPoint"",""coordinates"":[]}"
20071020,2007-10-20,292,10,0.0,2007,"{""type"":""MultiPoint"",""coordinates"":[]}"
20071021,2007-10-21,293,10,1.7211143541369116,2007,"{""type"":""MultiPoint"",""coordinates"":[]}"
20071022,2007-10-22,294,10,0.031621905784130946,2007,"{""type"":""MultiPoint"",""coordinates"":[]}"
20071023,2007-10-23,295,10,0.0,2007,"{""type"":""MultiPoint"",""coordinates"":[]}"
20071024,2007-10-24,296,10,0.17797158442763766,2007,"{""type"":""MultiPoint"",""coordinates"":[]}"
20071025,2007-10-25,297,10,0.04598840077718099,2007,"{""type"":""MultiPoint"",""coordinates"":[]}"
20071026,2007-10-26,298,10,0.0,2007,"{""type"":""MultiPoint"",""coordinates"":[]}"
20071027,2007-10-27,299,10,5.71408501415589,2007,"{""type"":""MultiPoint"",""coordinates"":[]}"
20071028,2007-10-28,300,10,0.6764599270668565,2007,"{""type"":""MultiPoint"",""coordinates"":[]}"
20071029,2007-10-29,301,10,0.0,2007,"{""type"":""MultiPoint"",""coordinates"":[]}"
20071030,2007-10-30,302,10,0.0,2007,"{""type"":""MultiPoint"",""coordinates"":[]}"
20071031,2007-10-31,303,10,0.0,2007,"{""type"":""MultiPoint"",""coordinates"":[]}"
20071101,2007-11-01,304,11,0.0,2007,"{""type"":""MultiPoint"",""coordinates"":[]}"
20071102,2007-11-02,305,11,0.0,2007,"{""type"":""MultiPoint"",""coordinates"":[]}"
20071103,2007-11-03,306,11,0.0,2007,"{""type"":""MultiPoint"",""coordinates"":[]}"
20071104,2007-11-04,307,11,0.0,2007,"{""type"":""MultiPoint"",""coordinates"":[]}"
20071105,2007-11-05,308,11,0.0,2007,"{""type"":""MultiPoint"",""coordinates"":[]}"
20071106,2007-11-06,309,11,0.0,2007,"{""type"":""MultiPoint"",""coordinates"":[]}"
20071107,2007-11-07,310,11,0.0,2007,"{""type"":""MultiPoint"",""coordinates"":[]}"
20071108,2007-11-08,311,11,0.0,2007,"{""type"":""MultiPoint"",""coordinates"":[]}"
20071109,2007-11-09,312,11,0.0,2007,"{""type"":""MultiPoint"",""coordinates"":[]}"
20071110,2007-11-10,313,11,0.0,2007,"{""type"":""MultiPoint"",""coordinates"":[]}"
20071111,2007-11-11,314,11,0.0,2007,"{""type"":""MultiPoint"",""coordinates"":[]}"
20071112,2007-11-12,315,11,0.0,2007,"{""type"":""MultiPoint"",""coordinates"":[]}"
20071113,2007-11-13,316,11,0.0,2007,"{""type"":""MultiPoint"",""coordinates"":[]}"
20071114,2007-11-14,317,11,0.0,2007,"{""type"":""MultiPoint"",""coordinates"":[]}"
20071115,2007-11-15,318,11,0.0,2007,"{""type"":""MultiPoint"",""coordinates"":[]}"
20071116,2007-11-16,319,11,0.0010466447854840678,2007,"{""type"":""MultiPoint"",""coordinates"":[]}"
20071117,2007-11-17,320,11,0.0,2007,"{""type"":""MultiPoint"",""coordinates"":[]}"
20071118,2007-11-18,321,11,0.0,2007,"{""type"":""MultiPoint"",""coordinates"":[]}"
20071119,2007-11-19,322,11,0.0,2007,"{""type"":""MultiPoint"",""coordinates"":[]}"
20071120,2007-11-20,323,11,0.0,2007,"{""type"":""MultiPoint"",""coordinates"":[]}"
20071121,2007-11-21,324,11,0.0,2007,"{""type"":""MultiPoint"",""coordinates"":[]}"
20071122,2007-11-22,325,11,0.0,2007,"{""type"":""MultiPoint"",""coordinates"":[]}"
20071123,2007-11-23,326,11,0.0,2007,"{""type"":""MultiPoint"",""coordinates"":[]}"
20071124,2007-11-24,327,11,0.0,2007,"{""type"":""MultiPoint"",""coordinates"":[]}"
20071125,2007-11-25,328,11,0.0,2007,"{""type"":""MultiPoint"",""coordinates"":[]}"
20071126,2007-11-26,329,11,0.0,2007,"{""type"":""MultiPoint"",""coordinates"":[]}"
20071127,2007-11-27,330,11,0.0,2007,"{""type"":""MultiPoint"",""coordinates"":[]}"
20071128,2007-11-28,331,11,0.0,2007,"{""type"":""MultiPoint"",""coordinates"":[]}"
20071129,2007-11-29,332,11,0.0,2007,"{""type"":""MultiPoint"",""coordinates"":[]}"
20071130,2007-11-30,333,11,0.0,2007,"{""type"":""MultiPoint"",""coordinates"":[]}"
20071201,2007-12-01,334,12,0.0,2007,"{""type"":""MultiPoint"",""coordinates"":[]}"
20071202,2007-12-02,335,12,0.0,2007,"{""type"":""MultiPoint"",""coordinates"":[]}"
20071203,2007-12-03,336,12,0.0,2007,"{""type"":""MultiPoint"",""coordinates"":[]}"
20071204,2007-12-04,337,12,0.0,2007,"{""type"":""MultiPoint"",""coordinates"":[]}"
20071205,2007-12-05,338,12,0.0,2007,"{""type"":""MultiPoint"",""coordinates"":[]}"
20071206,2007-12-06,339,12,0.0013884357358411078,2007,"{""type"":""MultiPoint"",""coordinates"":[]}"
20071207,2007-12-07,340,12,0.0,2007,"{""type"":""MultiPoint"",""coordinates"":[]}"
20071208,2007-12-08,341,12,0.0,2007,"{""type"":""MultiPoint"",""coordinates"":[]}"
20071209,2007-12-09,342,12,0.0,2007,"{""type"":""MultiPoint"",""coordinates"":[]}"
20071210,2007-12-10,343,12,0.0,2007,"{""type"":""MultiPoint"",""coordinates"":[]}"
20071211,2007-12-11,344,12,0.0,2007,"{""type"":""MultiPoint"",""coordinates"":[]}"
20071212,2007-12-12,345,12,0.0,2007,"{""type"":""MultiPoint"",""coordinates"":[]}"
20071213,2007-12-13,346,12,0.0,2007,"{""type"":""MultiPoint"",""coordinates"":[]}"
20071214,2007-12-14,347,12,0.0,2007,"{""type"":""MultiPoint"",""coordinates"":[]}"
20071215,2007-12-15,348,12,0.0,2007,"{""type"":""MultiPoint"",""coordinates"":[]}"
20071216,2007-12-16,349,12,0.0,2007,"{""type"":""MultiPoint"",""coordinates"":[]}"
20071217,2007-12-17,350,12,0.0,2007,"{""type"":""MultiPoint"",""coordinates"":[]}"
20071218,2007-12-18,351,12,0.0,2007,"{""type"":""MultiPoint"",""coordinates"":[]}"
20071219,2007-12-19,352,12,0.0,2007,"{""type"":""MultiPoint"",""coordinates"":[]}"
20071220,2007-12-20,353,12,0.0,2007,"{""type"":""MultiPoint"",""coordinates"":[]}"
20071221,2007-12-21,354,12,0.0,2007,"{""type"":""MultiPoint"",""coordinates"":[]}"
20071222,2007-12-22,355,12,0.0,2007,"{""type"":""MultiPoint"",""coordinates"":[]}"
20071223,2007-12-23,356,12,0.0,2007,"{""type"":""MultiPoint"",""coordinates"":[]}"
20071224,2007-12-24,357,12,0.0,2007,"{""type"":""MultiPoint"",""coordinates"":[]}"
20071225,2007-12-25,358,12,0.0,2007,"{""type"":""MultiPoint"",""coordinates"":[]}"
20071226,2007-12-26,359,12,0.0,2007,"{""type"":""MultiPoint"",""coordinates"":[]}"
20071227,2007-12-27,360,12,0.0,2007,"{""type"":""MultiPoint"",""coordinates"":[]}"
20071228,2007-12-28,361,12,0.0,2007,"{""type"":""MultiPoint"",""coordinates"":[]}"
20071229,2007-12-29,362,12,0.0,2007,"{""type"":""MultiPoint"",""coordinates"":[]}"
20071230,2007-12-30,363,12,0.0,2007,"{""type"":""MultiPoint"",""coordinates"":[]}"
20071231,2007-12-31,364,12,0.0,2007,"{""type"":""MultiPoint"",""coordinates"":[]}"
20080101,2008-01-01,0,1,0.0,2008,"{""type"":""MultiPoint"",""coordinates"":[]}"
20080102,2008-01-02,1,1,0.0,2008,"{""type"":""MultiPoint"",""coordinates"":[]}"
20080103,2008-01-03,2,1,0.0,2008,"{""type"":""MultiPoint"",""coordinates"":[]}"
20080104,2008-01-04,3,1,0.0,2008,"{""type"":""MultiPoint"",""coordinates"":[]}"
20080105,2008-01-05,4,1,0.0,2008,"{""type"":""MultiPoint"",""coordinates"":[]}"
20080106,2008-01-06,5,1,0.0,2008,"{""type"":""MultiPoint"",""coordinates"":[]}"
20080107,2008-01-07,6,1,0.0,2008,"{""type"":""MultiPoint"",""coordinates"":[]}"
20080108,2008-01-08,7,1,0.0,2008,"{""type"":""MultiPoint"",""coordinates"":[]}"
20080109,2008-01-09,8,1,0.0,2008,"{""type"":""MultiPoint"",""coordinates"":[]}"
20080110,2008-01-10,9,1,0.0,2008,"{""type"":""MultiPoint"",""coordinates"":[]}"
20080111,2008-01-11,10,1,0.0,2008,"{""type"":""MultiPoint"",""coordinates"":[]}"
20080112,2008-01-12,11,1,0.0,2008,"{""type"":""MultiPoint"",""coordinates"":[]}"
20080113,2008-01-13,12,1,0.0,2008,"{""type"":""MultiPoint"",""coordinates"":[]}"
20080114,2008-01-14,13,1,0.0,2008,"{""type"":""MultiPoint"",""coordinates"":[]}"
20080115,2008-01-15,14,1,0.0,2008,"{""type"":""MultiPoint"",""coordinates"":[]}"
20080116,2008-01-16,15,1,0.0,2008,"{""type"":""MultiPoint"",""coordinates"":[]}"
20080117,2008-01-17,16,1,0.0,2008,"{""type"":""MultiPoint"",""coordinates"":[]}"
20080118,2008-01-18,17,1,0.0,2008,"{""type"":""MultiPoint"",""coordinates"":[]}"
20080119,2008-01-19,18,1,0.0,2008,"{""type"":""MultiPoint"",""coordinates"":[]}"
20080120,2008-01-20,19,1,0.0,2008,"{""type"":""MultiPoint"",""coordinates"":[]}"
20080121,2008-01-21,20,1,0.0,2008,"{""type"":""MultiPoint"",""coordinates"":[]}"
20080122,2008-01-22,21,1,0.0,2008,"{""type"":""MultiPoint"",""coordinates"":[]}"
20080123,2008-01-23,22,1,0.0,2008,"{""type"":""MultiPoint"",""coordinates"":[]}"
20080124,2008-01-24,23,1,0.0,2008,"{""type"":""MultiPoint"",""coordinates"":[]}"
20080125,2008-01-25,24,1,0.0,2008,"{""type"":""MultiPoint"",""coordinates"":[]}"
20080126,2008-01-26,25,1,0.0,2008,"{""type"":""MultiPoint"",""coordinates"":[]}"
20080127,2008-01-27,26,1,0.0,2008,"{""type"":""MultiPoint"",""coordinates"":[]}"
20080128,2008-01-28,27,1,0.0,2008,"{""type"":""MultiPoint"",""coordinates"":[]}"
20080129,2008-01-29,28,1,0.0,2008,"{""type"":""MultiPoint"",""coordinates"":[]}"
20080130,2008-01-30,29,1,0.0,2008,"{""type"":""MultiPoint"",""coordinates"":[]}"
20080131,2008-01-31,30,1,0.0,2008,"{""type"":""MultiPoint"",""coordinates"":[]}"
20080201,2008-02-01,31,2,0.0,2008,"{""type"":""MultiPoint"",""coordinates"":[]}"
20080202,2008-02-02,32,2,0.0,2008,"{""type"":""MultiPoint"",""coordinates"":[]}"
20080203,2008-02-03,33,2,0.0,2008,"{""type"":""MultiPoint"",""coordinates"":[]}"
20080204,2008-02-04,34,2,0.0,2008,"{""type"":""MultiPoint"",""coordinates"":[]}"
20080205,2008-02-05,35,2,0.0,2008,"{""type"":""MultiPoint"",""coordinates"":[]}"
20080206,2008-02-06,36,2,0.0,2008,"{""type"":""MultiPoint"",""coordinates"":[]}"
20080207,2008-02-07,37,2,0.0,2008,"{""type"":""MultiPoint"",""coordinates"":[]}"
20080208,2008-02-08,38,2,0.0,2008,"{""type"":""MultiPoint"",""coordinates"":[]}"
20080209,2008-02-09,39,2,0.0,2008,"{""type"":""MultiPoint"",""coordinates"":[]}"
20080210,2008-02-10,40,2,0.0,2008,"{""type"":""MultiPoint"",""coordinates"":[]}"
20080211,2008-02-11,41,2,0.0,2008,"{""type"":""MultiPoint"",""coordinates"":[]}"
20080212,2008-02-12,42,2,0.0,2008,"{""type"":""MultiPoint"",""coordinates"":[]}"
20080213,2008-02-13,43,2,0.0,2008,"{""type"":""MultiPoint"",""coordinates"":[]}"
20080214,2008-02-14,44,2,0.0,2008,"{""type"":""MultiPoint"",""coordinates"":[]}"
20080215,2008-02-15,45,2,0.0,2008,"{""type"":""MultiPoint"",""coordinates"":[]}"
20080216,2008-02-16,46,2,0.0,2008,"{""type"":""MultiPoint"",""coordinates"":[]}"
20080217,2008-02-17,47,2,0.0,2008,"{""type"":""MultiPoint"",""coordinates"":[]}"
20080218,2008-02-18,48,2,0.0,2008,"{""type"":""MultiPoint"",""coordinates"":[]}"
20080219,2008-02-19,49,2,0.0,2008,"{""type"":""MultiPoint"",""coordinates"":[]}"
20080220,2008-02-20,50,2,0.0,2008,"{""type"":""MultiPoint"",""coordinates"":[]}"
20080221,2008-02-21,51,2,0.0,2008,"{""type"":""MultiPoint"",""coordinates"":[]}"
20080222,2008-02-22,52,2,0.0,2008,"{""type"":""MultiPoint"",""coordinates"":[]}"
20080223,2008-02-23,53,2,0.0,2008,"{""type"":""MultiPoint"",""coordinates"":[]}"
20080224,2008-02-24,54,2,0.0,2008,"{""type"":""MultiPoint"",""coordinates"":[]}"
20080225,2008-02-25,55,2,0.0,2008,"{""type"":""MultiPoint"",""coordinates"":[]}"
20080226,2008-02-26,56,2,0.0,2008,"{""type"":""MultiPoint"",""coordinates"":[]}"
20080227,2008-02-27,57,2,0.0,2008,"{""type"":""MultiPoint"",""coordinates"":[]}"
20080228,2008-02-28,58,2,0.0,2008,"{""type"":""MultiPoint"",""coordinates"":[]}"
20080229,2008-02-29,59,2,0.0,2008,"{""type"":""MultiPoint"",""coordinates"":[]}"
20080301,2008-03-01,60,3,0.0,2008,"{""type"":""MultiPoint"",""coordinates"":[]}"
20080302,2008-03-02,61,3,0.0,2008,"{""type"":""MultiPoint"",""coordinates"":[]}"
20080303,2008-03-03,62,3,0.0,2008,"{""type"":""MultiPoint"",""coordinates"":[]}"
20080304,2008-03-04,63,3,0.0019228309769221026,2008,"{""type"":""MultiPoint"",""coordinates"":[]}"
20080305,2008-03-05,64,3,0.0,2008,"{""type"":""MultiPoint"",""coordinates"":[]}"
20080306,2008-03-06,65,3,0.0,2008,"{""type"":""MultiPoint"",""coordinates"":[]}"
20080307,2008-03-07,66,3,0.0,2008,"{""type"":""MultiPoint"",""coordinates"":[]}"
20080308,2008-03-08,67,3,0.0,2008,"{""type"":""MultiPoint"",""coordinates"":[]}"
20080309,2008-03-09,68,3,0.0,2008,"{""type"":""MultiPoint"",""coordinates"":[]}"
20080310,2008-03-10,69,3,0.0,2008,"{""type"":""MultiPoint"",""coordinates"":[]}"
20080311,2008-03-11,70,3,0.0,2008,"{""type"":""MultiPoint"",""coordinates"":[]}"
20080312,2008-03-12,71,3,0.05613897197611489,2008,"{""type"":""MultiPoint"",""coordinates"":[]}"
20080313,2008-03-13,72,3,0.0,2008,"{""type"":""MultiPoint"",""coordinates"":[]}"
20080314,2008-03-14,73,3,0.0,2008,"{""type"":""MultiPoint"",""coordinates"":[]}"
20080315,2008-03-15,74,3,0.0,2008,"{""type"":""MultiPoint"",""coordinates"":[]}"
20080316,2008-03-16,75,3,0.0,2008,"{""type"":""MultiPoint"",""coordinates"":[]}"
20080317,2008-03-17,76,3,0.0,2008,"{""type"":""MultiPoint"",""coordinates"":[]}"
20080318,2008-03-18,77,3,0.0,2008,"{""type"":""MultiPoint"",""coordinates"":[]}"
20080319,2008-03-19,78,3,0.0,2008,"{""type"":""MultiPoint"",""coordinates"":[]}"
20080320,2008-03-20,79,3,0.0,2008,"{""type"":""MultiPoint"",""coordinates"":[]}"
20080321,2008-03-21,80,3,0.0,2008,"{""type"":""MultiPoint"",""coordinates"":[]}"
20080322,2008-03-22,81,3,0.0,2008,"{""type"":""MultiPoint"",""coordinates"":[]}"
20080323,2008-03-23,82,3,0.0,2008,"{""type"":""MultiPoint"",""coordinates"":[]}"
20080324,2008-03-24,83,3,0.0,2008,"{""type"":""MultiPoint"",""coordinates"":[]}"
20080325,2008-03-25,84,3,0.0,2008,"{""type"":""MultiPoint"",""coordinates"":[]}"
20080326,2008-03-26,85,3,0.0,2008,"{""type"":""MultiPoint"",""coordinates"":[]}"
20080327,2008-03-27,86,3,0.0,2008,"{""type"":""MultiPoint"",""coordinates"":[]}"
20080328,2008-03-28,87,3,0.0,2008,"{""type"":""MultiPoint"",""coordinates"":[]}"
20080329,2008-03-29,88,3,0.0,2008,"{""type"":""MultiPoint"",""coordinates"":[]}"
20080330,2008-03-30,89,3,0.0,2008,"{""type"":""MultiPoint"",""coordinates"":[]}"
20080331,2008-03-31,90,3,0.0,2008,"{""type"":""MultiPoint"",""coordinates"":[]}"
20080401,2008-04-01,91,4,0.0,2008,"{""type"":""MultiPoint"",""coordinates"":[]}"
20080402,2008-04-02,92,4,0.43615114876281436,2008,"{""type"":""MultiPoint"",""coordinates"":[]}"
20080403,2008-04-03,93,4,0.031054347059967066,2008,"{""type"":""MultiPoint"",""coordinates"":[]}"
20080404,2008-04-04,94,4,0.0,2008,"{""type"":""MultiPoint"",""coordinates"":[]}"
20080405,2008-04-05,95,4,0.0036162785207382356,2008,"{""type"":""MultiPoint"",""coordinates"":[]}"
20080406,2008-04-06,96,4,0.0,2008,"{""type"":""MultiPoint"",""coordinates"":[]}"
20080407,2008-04-07,97,4,0.0,2008,"{""type"":""MultiPoint"",""coordinates"":[]}"
20080408,2008-04-08,98,4,0.0,2008,"{""type"":""MultiPoint"",""coordinates"":[]}"
20080409,2008-04-09,99,4,0.0,2008,"{""type"":""MultiPoint"",""coordinates"":[]}"
20080410,2008-04-10,100,4,0.0,2008,"{""type"":""MultiPoint"",""coordinates"":[]}"
20080411,2008-04-11,101,4,0.0,2008,"{""type"":""MultiPoint"",""coordinates"":[]}"
20080412,2008-04-12,102,4,0.0,2008,"{""type"":""MultiPoint"",""coordinates"":[]}"
20080413,2008-04-13,103,4,0.0,2008,"{""type"":""MultiPoint"",""coordinates"":[]}"
20080414,2008-04-14,104,4,0.0,2008,"{""type"":""MultiPoint"",""coordinates"":[]}"
20080415,2008-04-15,105,4,0.007144310257651589,2008,"{""type"":""MultiPoint"",""coordinates"":[]}"
20080416,2008-04-16,106,4,0.0,2008,"{""type"":""MultiPoint"",""coordinates"":[]}"
20080417,2008-04-17,107,4,0.0,2008,"{""type"":""MultiPoint"",""coordinates"":[]}"
20080418,2008-04-18,108,4,0.0,2008,"{""type"":""MultiPoint"",""coordinates"":[]}"
20080419,2008-04-19,109,4,0.0,2008,"{""type"":""MultiPoint"",""coordinates"":[]}"
20080420,2008-04-20,110,4,0.0,2008,"{""type"":""MultiPoint"",""coordinates"":[]}"
20080421,2008-04-21,111,4,0.0,2008,"{""type"":""MultiPoint"",""coordinates"":[]}"
20080422,2008-04-22,112,4,0.06423480224080501,2008,"{""type"":""MultiPoint"",""coordinates"":[]}"
20080423,2008-04-23,113,4,2.9857127536615775,2008,"{""type"":""MultiPoint"",""coordinates"":[]}"
20080424,2008-04-24,114,4,0.32485891231382735,2008,"{""type"":""MultiPoint"",""coordinates"":[]}"
20080425,2008-04-25,115,4,0.0,2008,"{""type"":""MultiPoint"",""coordinates"":[]}"
20080426,2008-04-26,116,4,0.0,2008,"{""type"":""MultiPoint"",""coordinates"":[]}"
20080427,2008-04-27,117,4,0.03817678683109627,2008,"{""type"":""MultiPoint"",""coordinates"":[]}"
20080428,2008-04-28,118,4,0.0,2008,"{""type"":""MultiPoint"",""coordinates"":[]}"
20080429,2008-04-29,119,4,0.0,2008,"{""type"":""MultiPoint"",""coordinates"":[]}"
20080430,2008-04-30,120,4,0.0,2008,"{""type"":""MultiPoint"",""coordinates"":[]}"
20080501,2008-05-01,121,5,0.4693905823205716,2008,"{""type"":""MultiPoint"",""coordinates"":[]}"
20080502,2008-05-02,122,5,0.0,2008,"{""type"":""MultiPoint"",""coordinates"":[]}"
20080503,2008-05-03,123,5,0.0,2008,"{""type"":""MultiPoint"",""coordinates"":[]}"
20080504,2008-05-04,124,5,0.0,2008,"{""type"":""MultiPoint"",""coordinates"":[]}"
20080505,2008-05-05,125,5,1.6564862742403235,2008,"{""type"":""MultiPoint"",""coordinates"":[]}"
20080506,2008-05-06,126,5,0.0,2008,"{""type"":""MultiPoint"",""coordinates"":[]}"
20080507,2008-05-07,127,5,1.420184774430914,2008,"{""type"":""MultiPoint"",""coordinates"":[]}"
20080508,2008-05-08,128,5,6.405604343788295,2008,"{""type"":""MultiPoint"",""coordinates"":[]}"
20080509,2008-05-09,129,5,2.801475475225904,2008,"{""type"":""MultiPoint"",""coordinates"":[]}"
20080510,2008-05-10,130,5,0.0,2008,"{""type"":""MultiPoint"",""coordinates"":[]}"
20080511,2008-05-11,131,5,0.25220077114309214,2008,"{""type"":""MultiPoint"",""coordinates"":[]}"
20080512,2008-05-12,132,5,0.0,2008,"{""type"":""MultiPoint"",""coordinates"":[]}"
20080513,2008-05-13,133,5,1.7842281510934281,2008,"{""type"":""MultiPoint"",""coordinates"":[]}"
20080514,2008-05-14,134,5,3.5576633928459116,2008,"{""type"":""MultiPoint"",""coordinates"":[]}"
20080515,2008-05-15,135,5,0.3287391559419879,2008,"{""type"":""MultiPoint"",""coordinates"":[]}"
20080516,2008-05-16,136,5,2.412776052113641,2008,"{""type"":""MultiPoint"",""coordinates"":[]}"
20080517,2008-05-17,137,5,0.0,2008,"{""type"":""MultiPoint"",""coordinates"":[]}"
20080518,2008-05-18,138,5,0.0,2008,"{""type"":""MultiPoint"",""coordinates"":[]}"
20080519,2008-05-19,139,5,0.0,2008,"{""type"":""MultiPoint"",""coordinates"":[]}"
20080520,2008-05-20,140,5,0.0,2008,"{""type"":""MultiPoint"",""coordinates"":[]}"
20080521,2008-05-21,141,5,2.1067566587372943,2008,"{""type"":""MultiPoint"",""coordinates"":[]}"
20080522,2008-05-22,142,5,1.5681898949476345,2008,"{""type"":""MultiPoint"",""coordinates"":[]}"
20080523,2008-05-23,143,5,0.0,2008,"{""type"":""MultiPoint"",""coordinates"":[]}"
20080524,2008-05-24,144,5,0.1003584168079608,2008,"{""type"":""MultiPoint"",""coordinates"":[]}"
20080525,2008-05-25,145,5,5.392030418639276,2008,"{""type"":""MultiPoint"",""coordinates"":[]}"
20080526,2008-05-26,146,5,0.0,2008,"{""type"":""MultiPoint"",""coordinates"":[]}"
20080527,2008-05-27,147,5,8.283575338098078,2008,"{""type"":""MultiPoint"",""coordinates"":[]}"
20080528,2008-05-28,148,5,0.0,2008,"{""type"":""MultiPoint"",""coordinates"":[]}"
20080529,2008-05-29,149,5,1.3487717932487482,2008,"{""type"":""MultiPoint"",""coordinates"":[]}"
20080530,2008-05-30,150,5,1.0531139434222112,2008,"{""type"":""MultiPoint"",""coordinates"":[]}"
20080531,2008-05-31,151,5,3.23011722440034,2008,"{""type"":""MultiPoint"",""coordinates"":[]}"
20080601,2008-06-01,152,6,5.557231112739123,2008,"{""type"":""MultiPoint"",""coordinates"":[]}"
20080602,2008-06-02,153,6,0.1613993011481409,2008,"{""type"":""MultiPoint"",""coordinates"":[]}"
20080603,2008-06-03,154,6,0.1895165332923386,2008,"{""type"":""MultiPoint"",""coordinates"":[]}"
20080604,2008-06-04,155,6,6.801023131952495E-4,2008,"{""type"":""MultiPoint"",""coordinates"":[]}"
20080605,2008-06-05,156,6,0.30227167820264667,2008,"{""type"":""MultiPoint"",""coordinates"":[]}"
20080606,2008-06-06,157,6,0.0,2008,"{""type"":""MultiPoint"",""coordinates"":[]}"
20080607,2008-06-07,158,6,8.894418680542739,2008,"{""type"":""MultiPoint"",""coordinates"":[]}"
20080608,2008-06-08,159,6,8.032959330457347,2008,"{""type"":""MultiPoint"",""coordinates"":[]}"
20080609,2008-06-09,160,6,4.883944694725304,2008,"{""type"":""MultiPoint"",""coordinates"":[]}"
20080610,2008-06-10,161,6,4.708238814084404,2008,"{""type"":""MultiPoint"",""coordinates"":[]}"
20080611,2008-06-11,162,6,0.0,2008,"{""type"":""MultiPoint"",""coordinates"":[]}"
20080612,2008-06-12,163,6,0.0,2008,"{""type"":""MultiPoint"",""coordinates"":[]}"
20080613,2008-06-13,164,6,0.0,2008,"{""type"":""MultiPoint"",""coordinates"":[]}"
20080614,2008-06-14,165,6,0.0012925112216773422,2008,"{""type"":""MultiPoint"",""coordinates"":[]}"
20080615,2008-06-15,166,6,2.3967126014799756,2008,"{""type"":""MultiPoint"",""coordinates"":[]}"
20080616,2008-06-16,167,6,4.071079479583209,2008,"{""type"":""MultiPoint"",""coordinates"":[]}"
20080617,2008-06-17,168,6,21.805867967853025,2008,"{""type"":""MultiPoint"",""coordinates"":[]}"
20080618,2008-06-18,169,6,0.0,2008,"{""type"":""MultiPoint"",""coordinates"":[]}"
20080619,2008-06-19,170,6,0.7658130617797151,2008,"{""type"":""MultiPoint"",""coordinates"":[]}"
20080620,2008-06-20,171,6,7.002244362006637,2008,"{""type"":""MultiPoint"",""coordinates"":[]}"
20080621,2008-06-21,172,6,0.0,2008,"{""type"":""MultiPoint"",""coordinates"":[]}"
20080622,2008-06-22,173,6,2.571073478083725,2008,"{""type"":""MultiPoint"",""coordinates"":[]}"
20080623,2008-06-23,174,6,6.653446468983011,2008,"{""type"":""MultiPoint"",""coordinates"":[]}"
20080624,2008-06-24,175,6,0.0,2008,"{""type"":""MultiPoint"",""coordinates"":[]}"
20080625,2008-06-25,176,6,0.623517938358143,2008,"{""type"":""MultiPoint"",""coordinates"":[]}"
20080626,2008-06-26,177,6,0.14833241279679116,2008,"{""type"":""MultiPoint"",""coordinates"":[]}"
20080627,2008-06-27,178,6,8.308533589470194,2008,"{""type"":""MultiPoint"",""coordinates"":[]}"
20080628,2008-06-28,179,6,0.17781606601662955,2008,"{""type"":""MultiPoint"",""coordinates"":[]}"
20080629,2008-06-29,180,6,0.0,2008,"{""type"":""MultiPoint"",""coordinates"":[]}"
20080630,2008-06-30,181,6,0.0,2008,"{""type"":""MultiPoint"",""coordinates"":[]}"
20080701,2008-07-01,182,7,1.1775012166931218,2008,"{""type"":""MultiPoint"",""coordinates"":[]}"
20080702,2008-07-02,183,7,0.0,2008,"{""type"":""MultiPoint"",""coordinates"":[]}"
20080703,2008-07-03,184,7,7.599286779787877,2008,"{""type"":""MultiPoint"",""coordinates"":[]}"
20080704,2008-07-04,185,7,4.277603586349517,2008,"{""type"":""MultiPoint"",""coordinates"":[]}"
20080705,2008-07-05,186,7,11.073912361584743,2008,"{""type"":""MultiPoint"",""coordinates"":[]}"
20080706,2008-07-06,187,7,0.0,2008,"{""type"":""MultiPoint"",""coordinates"":[]}"
20080707,2008-07-07,188,7,8.068773851604314,2008,"{""type"":""MultiPoint"",""coordinates"":[]}"
20080708,2008-07-08,189,7,4.975906233051833,2008,"{""type"":""MultiPoint"",""coordinates"":[]}"
20080709,2008-07-09,190,7,31.046435110591194,2008,"{""type"":""MultiPoint"",""coordinates"":[]}"
20080710,2008-07-10,191,7,11.52145690902858,2008,"{""type"":""MultiPoint"",""coordinates"":[]}"
20080711,2008-07-11,192,7,0.0,2008,"{""type"":""MultiPoint"",""coordinates"":[]}"
20080712,2008-07-12,193,7,3.0936942654426653,2008,"{""type"":""MultiPoint"",""coordinates"":[]}"
20080713,2008-07-13,194,7,11.37554309240165,2008,"{""type"":""MultiPoint"",""coordinates"":[]}"
20080714,2008-07-14,195,7,0.49701691637135514,2008,"{""type"":""MultiPoint"",""coordinates"":[]}"
20080715,2008-07-15,196,7,9.031917085267926,2008,"{""type"":""MultiPoint"",""coordinates"":[]}"
20080716,2008-07-16,197,7,0.47233729391764784,2008,"{""type"":""MultiPoint"",""coordinates"":[]}"
20080717,2008-07-17,198,7,4.957738552123727,2008,"{""type"":""MultiPoint"",""coordinates"":[]}"
20080718,2008-07-18,199,7,9.547253283067938,2008,"{""type"":""MultiPoint"",""coordinates"":[]}"
20080719,2008-07-19,200,7,11.180767089169814,2008,"{""type"":""MultiPoint"",""coordinates"":[]}"
20080720,2008-07-20,201,7,0.5931795927339744,2008,"{""type"":""MultiPoint"",""coordinates"":[]}"
20080721,2008-07-21,202,7,16.521835191907634,2008,"{""type"":""MultiPoint"",""coordinates"":[]}"
20080722,2008-07-22,203,7,2.963925861419841,2008,"{""type"":""MultiPoint"",""coordinates"":[]}"
20080723,2008-07-23,204,7,0.0,2008,"{""type"":""MultiPoint"",""coordinates"":[]}"
20080724,2008-07-24,205,7,12.547907869516918,2008,"{""type"":""MultiPoint"",""coordinates"":[]}"
20080725,2008-07-25,206,7,5.001967484371618,2008,"{""type"":""MultiPoint"",""coordinates"":[]}"
20080726,2008-07-26,207,7,1.4612891134306283,2008,"{""type"":""MultiPoint"",""coordinates"":[]}"
20080727,2008-07-27,208,7,25.826354450083034,2008,"{""type"":""MultiPoint"",""coordinates"":[]}"
20080728,2008-07-28,209,7,0.0,2008,"{""type"":""MultiPoint"",""coordinates"":[]}"
20080729,2008-07-29,210,7,0.12951406891404058,2008,"{""type"":""MultiPoint"",""coordinates"":[]}"
20080730,2008-07-30,211,7,9.89865787583168,2008,"{""type"":""MultiPoint"",""coordinates"":[]}"
20080731,2008-07-31,212,7,2.0840347336882243,2008,"{""type"":""MultiPoint"",""coordinates"":[]}"
20080801,2008-08-01,213,8,10.107583101680195,2008,"{""type"":""MultiPoint"",""coordinates"":[]}"
20080802,2008-08-02,214,8,6.829317753138838,2008,"{""type"":""MultiPoint"",""coordinates"":[]}"
20080803,2008-08-03,215,8,4.740025966846015,2008,"{""type"":""MultiPoint"",""coordinates"":[]}"
20080804,2008-08-04,216,8,3.7667983469336925,2008,"{""type"":""MultiPoint"",""coordinates"":[]}"
20080805,2008-08-05,217,8,25.905912641063257,2008,"{""type"":""MultiPoint"",""coordinates"":[]}"
20080806,2008-08-06,218,8,5.111609532918569,2008,"{""type"":""MultiPoint"",""coordinates"":[]}"
20080807,2008-08-07,219,8,0.0,2008,"{""type"":""MultiPoint"",""coordinates"":[]}"
20080808,2008-08-08,220,8,4.418133844217704,2008,"{""type"":""MultiPoint"",""coordinates"":[]}"
20080809,2008-08-09,221,8,5.347458777226511,2008,"{""type"":""MultiPoint"",""coordinates"":[]}"
20080810,2008-08-10,222,8,10.50846795890326,2008,"{""type"":""MultiPoint"",""coordinates"":[]}"
20080811,2008-08-11,223,8,31.981186589289948,2008,"{""type"":""MultiPoint"",""coordinates"":[]}"
20080812,2008-08-12,224,8,0.0,2008,"{""type"":""MultiPoint"",""coordinates"":[]}"
20080813,2008-08-13,225,8,11.294130310017794,2008,"{""type"":""MultiPoint"",""coordinates"":[]}"
20080814,2008-08-14,226,8,14.084679001792868,2008,"{""type"":""MultiPoint"",""coordinates"":[]}"
20080815,2008-08-15,227,8,9.232075141004628,2008,"{""type"":""MultiPoint"",""coordinates"":[]}"
20080816,2008-08-16,228,8,6.850570563350156,2008,"{""type"":""MultiPoint"",""coordinates"":[]}"
20080817,2008-08-17,229,8,9.493155544123853,2008,"{""type"":""MultiPoint"",""coordinates"":[]}"
20080818,2008-08-18,230,8,12.867450959754713,2008,"{""type"":""MultiPoint"",""coordinates"":[]}"
20080819,2008-08-19,231,8,17.286394417132453,2008,"{""type"":""MultiPoint"",""coordinates"":[]}"
20080820,2008-08-20,232,8,2.6543995782063017,2008,"{""type"":""MultiPoint"",""coordinates"":[]}"
20080821,2008-08-21,233,8,24.951267746373624,2008,"{""type"":""MultiPoint"",""coordinates"":[]}"
20080822,2008-08-22,234,8,8.280915854637824,2008,"{""type"":""MultiPoint"",""coordinates"":[]}"
20080823,2008-08-23,235,8,20.470067621859304,2008,"{""type"":""MultiPoint"",""coordinates"":[]}"
20080824,2008-08-24,236,8,15.121954703146832,2008,"{""type"":""MultiPoint"",""coordinates"":[]}"
20080825,2008-08-25,237,8,0.0,2008,"{""type"":""MultiPoint"",""coordinates"":[]}"
20080826,2008-08-26,238,8,8.174797022217547,2008,"{""type"":""MultiPoint"",""coordinates"":[]}"
20080827,2008-08-27,239,8,5.408864788452832,2008,"{""type"":""MultiPoint"",""coordinates"":[]}"
20080828,2008-08-28,240,8,0.05871657438385862,2008,"{""type"":""MultiPoint"",""coordinates"":[]}"
20080829,2008-08-29,241,8,5.786941237769806,2008,"{""type"":""MultiPoint"",""coordinates"":[]}"
20080830,2008-08-30,242,8,5.723257304890648,2008,"{""type"":""MultiPoint"",""coordinates"":[]}"
20080831,2008-08-31,243,8,6.54307771772648,2008,"{""type"":""MultiPoint"",""coordinates"":[]}"
20080901,2008-09-01,244,9,3.6227529261886167,2008,"{""type"":""MultiPoint"",""coordinates"":[]}"
20080902,2008-09-02,245,9,0.0,2008,"{""type"":""MultiPoint"",""coordinates"":[]}"
20080903,2008-09-03,246,9,4.541144307945525,2008,"{""type"":""MultiPoint"",""coordinates"":[]}"
20080904,2008-09-04,247,9,1.8004722673129412,2008,"{""type"":""MultiPoint"",""coordinates"":[]}"
20080905,2008-09-05,248,9,0.0,2008,"{""type"":""MultiPoint"",""coordinates"":[]}"
20080906,2008-09-06,249,9,4.168018256019521,2008,"{""type"":""MultiPoint"",""coordinates"":[]}"
20080907,2008-09-07,250,9,0.0,2008,"{""type"":""MultiPoint"",""coordinates"":[]}"
20080908,2008-09-08,251,9,0.0,2008,"{""type"":""MultiPoint"",""coordinates"":[]}"
20080909,2008-09-09,252,9,7.715454054294328,2008,"{""type"":""MultiPoint"",""coordinates"":[]}"
20080910,2008-09-10,253,9,3.087212158302478,2008,"{""type"":""MultiPoint"",""coordinates"":[]}"
20080911,2008-09-11,254,9,1.0006501925395346,2008,"{""type"":""MultiPoint"",""coordinates"":[]}"
20080912,2008-09-12,255,9,1.8418044359477634,2008,"{""type"":""MultiPoint"",""coordinates"":[]}"
20080913,2008-09-13,256,9,5.599361853307723,2008,"{""type"":""MultiPoint"",""coordinates"":[]}"
20080914,2008-09-14,257,9,1.5318950192719127,2008,"{""type"":""MultiPoint"",""coordinates"":[]}"
20080915,2008-09-15,258,9,3.159299063290623,2008,"{""type"":""MultiPoint"",""coordinates"":[]}"
20080916,2008-09-16,259,9,0.0,2008,"{""type"":""MultiPoint"",""coordinates"":[]}"
20080917,2008-09-17,260,9,5.893932432579649,2008,"{""type"":""MultiPoint"",""coordinates"":[]}"
20080918,2008-09-18,261,9,0.3258362514804108,2008,"{""type"":""MultiPoint"",""coordinates"":[]}"
20080919,2008-09-19,262,9,2.168229035609641,2008,"{""type"":""MultiPoint"",""coordinates"":[]}"
20080920,2008-09-20,263,9,0.0,2008,"{""type"":""MultiPoint"",""coordinates"":[]}"
20080921,2008-09-21,264,9,7.689497989058424,2008,"{""type"":""MultiPoint"",""coordinates"":[]}"
20080922,2008-09-22,265,9,0.0,2008,"{""type"":""MultiPoint"",""coordinates"":[]}"
20080923,2008-09-23,266,9,0.32092156644433195,2008,"{""type"":""MultiPoint"",""coordinates"":[]}"
20080924,2008-09-24,267,9,0.0,2008,"{""type"":""MultiPoint"",""coordinates"":[]}"
20080925,2008-09-25,268,9,4.711334886445128,2008,"{""type"":""MultiPoint"",""coordinates"":[]}"
20080926,2008-09-26,269,9,0.0,2008,"{""type"":""MultiPoint"",""coordinates"":[]}"
20080927,2008-09-27,270,9,0.0,2008,"{""type"":""MultiPoint"",""coordinates"":[]}"
20080928,2008-09-28,271,9,7.171478673854094,2008,"{""type"":""MultiPoint"",""coordinates"":[]}"
20080929,2008-09-29,272,9,0.3491133102262863,2008,"{""type"":""MultiPoint"",""coordinates"":[]}"
20080930,2008-09-30,273,9,0.0,2008,"{""type"":""MultiPoint"",""coordinates"":[]}"
20081001,2008-10-01,274,10,0.0,2008,"{""type"":""MultiPoint"",""coordinates"":[]}"
20081002,2008-10-02,275,10,3.8271775107781325,2008,"{""type"":""MultiPoint"",""coordinates"":[]}"
20081003,2008-10-03,276,10,0.0,2008,"{""type"":""MultiPoint"",""coordinates"":[]}"
20081004,2008-10-04,277,10,0.0,2008,"{""type"":""MultiPoint"",""coordinates"":[]}"
20081005,2008-10-05,278,10,0.055492100089487406,2008,"{""type"":""MultiPoint"",""coordinates"":[]}"
20081006,2008-10-06,279,10,0.0,2008,"{""type"":""MultiPoint"",""coordinates"":[]}"
20081007,2008-10-07,280,10,4.404497938194849,2008,"{""type"":""MultiPoint"",""coordinates"":[]}"
20081008,2008-10-08,281,10,0.01673935278497561,2008,"{""type"":""MultiPoint"",""coordinates"":[]}"
20081009,2008-10-09,282,10,0.44538647697854444,2008,"{""type"":""MultiPoint"",""coordinates"":[]}"
20081010,2008-10-10,283,10,0.0,2008,"{""type"":""MultiPoint"",""coordinates"":[]}"
20081011,2008-10-11,284,10,2.3736134251761514,2008,"{""type"":""MultiPoint"",""coordinates"":[]}"
20081012,2008-10-12,285,10,0.0,2008,"{""type"":""MultiPoint"",""coordinates"":[]}"
20081013,2008-10-13,286,10,0.0,2008,"{""type"":""MultiPoint"",""coordinates"":[]}"
20081014,2008-10-14,287,10,0.24955818064733648,2008,"{""type"":""MultiPoint"",""coordinates"":[]}"
20081015,2008-10-15,288,10,0.0,2008,"{""type"":""MultiPoint"",""coordinates"":[]}"
20081016,2008-10-16,289,10,0.009706416893156478,2008,"{""type"":""MultiPoint"",""coordinates"":[]}"
20081017,2008-10-17,290,10,0.0,2008,"{""type"":""MultiPoint"",""coordinates"":[]}"
20081018,2008-10-18,291,10,0.0,2008,"{""type"":""MultiPoint"",""coordinates"":[]}"
20081019,2008-10-19,292,10,0.0,2008,"{""type"":""MultiPoint"",""coordinates"":[]}"
20081020,2008-10-20,293,10,0.0,2008,"{""type"":""MultiPoint"",""coordinates"":[]}"
20081021,2008-10-21,294,10,0.0,2008,"{""type"":""MultiPoint"",""coordinates"":[]}"
20081022,2008-10-22,295,10,0.0,2008,"{""type"":""MultiPoint"",""coordinates"":[]}"
20081023,2008-10-23,296,10,0.0,2008,"{""type"":""MultiPoint"",""coordinates"":[]}"
20081024,2008-10-24,297,10,0.0,2008,"{""type"":""MultiPoint"",""coordinates"":[]}"
20081025,2008-10-25,298,10,0.0,2008,"{""type"":""MultiPoint"",""coordinates"":[]}"
20081026,2008-10-26,299,10,0.0,2008,"{""type"":""MultiPoint"",""coordinates"":[]}"
20081027,2008-10-27,300,10,0.0,2008,"{""type"":""MultiPoint"",""coordinates"":[]}"
20081028,2008-10-28,301,10,0.0,2008,"{""type"":""MultiPoint"",""coordinates"":[]}"
20081029,2008-10-29,302,10,0.0,2008,"{""type"":""MultiPoint"",""coordinates"":[]}"
20081030,2008-10-30,303,10,0.0,2008,"{""type"":""MultiPoint"",""coordinates"":[]}"
20081031,2008-10-31,304,10,0.0,2008,"{""type"":""MultiPoint"",""coordinates"":[]}"
20081101,2008-11-01,305,11,0.0,2008,"{""type"":""MultiPoint"",""coordinates"":[]}"
20081102,2008-11-02,306,11,0.0,2008,"{""type"":""MultiPoint"",""coordinates"":[]}"
20081103,2008-11-03,307,11,0.0,2008,"{""type"":""MultiPoint"",""coordinates"":[]}"
20081104,2008-11-04,308,11,0.0,2008,"{""type"":""MultiPoint"",""coordinates"":[]}"
20081105,2008-11-05,309,11,0.0,2008,"{""type"":""MultiPoint"",""coordinates"":[]}"
20081106,2008-11-06,310,11,0.0,2008,"{""type"":""MultiPoint"",""coordinates"":[]}"
20081107,2008-11-07,311,11,0.0,2008,"{""type"":""MultiPoint"",""coordinates"":[]}"
20081108,2008-11-08,312,11,0.0,2008,"{""type"":""MultiPoint"",""coordinates"":[]}"
20081109,2008-11-09,313,11,0.0,2008,"{""type"":""MultiPoint"",""coordinates"":[]}"
20081110,2008-11-10,314,11,0.0,2008,"{""type"":""MultiPoint"",""coordinates"":[]}"
20081111,2008-11-11,315,11,0.0,2008,"{""type"":""MultiPoint"",""coordinates"":[]}"
20081112,2008-11-12,316,11,0.0,2008,"{""type"":""MultiPoint"",""coordinates"":[]}"
20081113,2008-11-13,317,11,0.0,2008,"{""type"":""MultiPoint"",""coordinates"":[]}"
20081114,2008-11-14,318,11,0.0,2008,"{""type"":""MultiPoint"",""coordinates"":[]}"
20081115,2008-11-15,319,11,0.0,2008,"{""type"":""MultiPoint"",""coordinates"":[]}"
20081116,2008-11-16,320,11,0.0,2008,"{""type"":""MultiPoint"",""coordinates"":[]}"
20081117,2008-11-17,321,11,0.0037971576780913064,2008,"{""type"":""MultiPoint"",""coordinates"":[]}"
20081118,2008-11-18,322,11,0.0,2008,"{""type"":""MultiPoint"",""coordinates"":[]}"
20081119,2008-11-19,323,11,0.0,2008,"{""type"":""MultiPoint"",""coordinates"":[]}"
20081120,2008-11-20,324,11,0.0,2008,"{""type"":""MultiPoint"",""coordinates"":[]}"
20081121,2008-11-21,325,11,0.0,2008,"{""type"":""MultiPoint"",""coordinates"":[]}"
20081122,2008-11-22,326,11,0.0,2008,"{""type"":""MultiPoint"",""coordinates"":[]}"
20081123,2008-11-23,327,11,0.0,2008,"{""type"":""MultiPoint"",""coordinates"":[]}"
20081124,2008-11-24,328,11,0.0,2008,"{""type"":""MultiPoint"",""coordinates"":[]}"
20081125,2008-11-25,329,11,0.0,2008,"{""type"":""MultiPoint"",""coordinates"":[]}"
20081126,2008-11-26,330,11,0.0,2008,"{""type"":""MultiPoint"",""coordinates"":[]}"
20081127,2008-11-27,331,11,0.0,2008,"{""type"":""MultiPoint"",""coordinates"":[]}"
20081128,2008-11-28,332,11,0.0,2008,"{""type"":""MultiPoint"",""coordinates"":[]}"
20081129,2008-11-29,333,11,0.0,2008,"{""type"":""MultiPoint"",""coordinates"":[]}"
20081130,2008-11-30,334,11,0.0,2008,"{""type"":""MultiPoint"",""coordinates"":[]}"
20081201,2008-12-01,335,12,0.0,2008,"{""type"":""MultiPoint"",""coordinates"":[]}"
20081202,2008-12-02,336,12,0.0,2008,"{""type"":""MultiPoint"",""coordinates"":[]}"
20081203,2008-12-03,337,12,0.0,2008,"{""type"":""MultiPoint"",""coordinates"":[]}"
20081204,2008-12-04,338,12,0.0,2008,"{""type"":""MultiPoint"",""coordinates"":[]}"
20081205,2008-12-05,339,12,0.0,2008,"{""type"":""MultiPoint"",""coordinates"":[]}"
20081206,2008-12-06,340,12,0.0,2008,"{""type"":""MultiPoint"",""coordinates"":[]}"
20081207,2008-12-07,341,12,0.0,2008,"{""type"":""MultiPoint"",""coordinates"":[]}"
20081208,2008-12-08,342,12,0.0,2008,"{""type"":""MultiPoint"",""coordinates"":[]}"
20081209,2008-12-09,343,12,0.0,2008,"{""type"":""MultiPoint"",""coordinates"":[]}"
20081210,2008-12-10,344,12,0.0,2008,"{""type"":""MultiPoint"",""coordinates"":[]}"
20081211,2008-12-11,345,12,0.0,2008,"{""type"":""MultiPoint"",""coordinates"":[]}"
20081212,2008-12-12,346,12,0.0,2008,"{""type"":""MultiPoint"",""coordinates"":[]}"
20081213,2008-12-13,347,12,0.0,2008,"{""type"":""MultiPoint"",""coordinates"":[]}"
20081214,2008-12-14,348,12,0.0,2008,"{""type"":""MultiPoint"",""coordinates"":[]}"
20081215,2008-12-15,349,12,0.0,2008,"{""type"":""MultiPoint"",""coordinates"":[]}"
20081216,2008-12-16,350,12,0.0,2008,"{""type"":""MultiPoint"",""coordinates"":[]}"
20081217,2008-12-17,351,12,0.0,2008,"{""type"":""MultiPoint"",""coordinates"":[]}"
20081218,2008-12-18,352,12,0.0,2008,"{""type"":""MultiPoint"",""coordinates"":[]}"
20081219,2008-12-19,353,12,0.0,2008,"{""type"":""MultiPoint"",""coordinates"":[]}"
20081220,2008-12-20,354,12,0.0,2008,"{""type"":""MultiPoint"",""coordinates"":[]}"
20081221,2008-12-21,355,12,0.0,2008,"{""type"":""MultiPoint"",""coordinates"":[]}"
20081222,2008-12-22,356,12,0.0,2008,"{""type"":""MultiPoint"",""coordinates"":[]}"
20081223,2008-12-23,357,12,0.0,2008,"{""type"":""MultiPoint"",""coordinates"":[]}"
20081224,2008-12-24,358,12,0.0,2008,"{""type"":""MultiPoint"",""coordinates"":[]}"
20081225,2008-12-25,359,12,0.0,2008,"{""type"":""MultiPoint"",""coordinates"":[]}"
20081226,2008-12-26,360,12,0.0,2008,"{""type"":""MultiPoint"",""coordinates"":[]}"
20081227,2008-12-27,361,12,0.0,2008,"{""type"":""MultiPoint"",""coordinates"":[]}"
20081228,2008-12-28,362,12,0.0,2008,"{""type"":""MultiPoint"",""coordinates"":[]}"
20081229,2008-12-29,363,12,0.0,2008,"{""type"":""MultiPoint"",""coordinates"":[]}"
20081230,2008-12-30,364,12,0.0,2008,"{""type"":""MultiPoint"",""coordinates"":[]}"
20081231,2008-12-31,365,12,0.0,2008,"{""type"":""MultiPoint"",""coordinates"":[]}"
20090101,2009-01-01,0,1,0.0,2009,"{""type"":""MultiPoint"",""coordinates"":[]}"
20090102,2009-01-02,1,1,0.0,2009,"{""type"":""MultiPoint"",""coordinates"":[]}"
20090103,2009-01-03,2,1,0.0,2009,"{""type"":""MultiPoint"",""coordinates"":[]}"
20090104,2009-01-04,3,1,0.0,2009,"{""type"":""MultiPoint"",""coordinates"":[]}"
20090105,2009-01-05,4,1,0.0,2009,"{""type"":""MultiPoint"",""coordinates"":[]}"
20090106,2009-01-06,5,1,0.0,2009,"{""type"":""MultiPoint"",""coordinates"":[]}"
20090107,2009-01-07,6,1,0.0,2009,"{""type"":""MultiPoint"",""coordinates"":[]}"
20090108,2009-01-08,7,1,0.0,2009,"{""type"":""MultiPoint"",""coordinates"":[]}"
20090109,2009-01-09,8,1,0.0,2009,"{""type"":""MultiPoint"",""coordinates"":[]}"
20090110,2009-01-10,9,1,0.0,2009,"{""type"":""MultiPoint"",""coordinates"":[]}"
20090111,2009-01-11,10,1,0.0,2009,"{""type"":""MultiPoint"",""coordinates"":[]}"
20090112,2009-01-12,11,1,0.0,2009,"{""type"":""MultiPoint"",""coordinates"":[]}"
20090113,2009-01-13,12,1,0.0,2009,"{""type"":""MultiPoint"",""coordinates"":[]}"
20090114,2009-01-14,13,1,0.0,2009,"{""type"":""MultiPoint"",""coordinates"":[]}"
20090115,2009-01-15,14,1,0.0,2009,"{""type"":""MultiPoint"",""coordinates"":[]}"
20090116,2009-01-16,15,1,0.0,2009,"{""type"":""MultiPoint"",""coordinates"":[]}"
20090117,2009-01-17,16,1,0.0,2009,"{""type"":""MultiPoint"",""coordinates"":[]}"
20090118,2009-01-18,17,1,0.0,2009,"{""type"":""MultiPoint"",""coordinates"":[]}"
20090119,2009-01-19,18,1,0.0,2009,"{""type"":""MultiPoint"",""coordinates"":[]}"
20090120,2009-01-20,19,1,0.0,2009,"{""type"":""MultiPoint"",""coordinates"":[]}"
20090121,2009-01-21,20,1,0.0,2009,"{""type"":""MultiPoint"",""coordinates"":[]}"
20090122,2009-01-22,21,1,8.422624280986687E-6,2009,"{""type"":""MultiPoint"",""coordinates"":[]}"
20090123,2009-01-23,22,1,0.0,2009,"{""type"":""MultiPoint"",""coordinates"":[]}"
20090124,2009-01-24,23,1,0.0,2009,"{""type"":""MultiPoint"",""coordinates"":[]}"
20090125,2009-01-25,24,1,0.0,2009,"{""type"":""MultiPoint"",""coordinates"":[]}"
20090126,2009-01-26,25,1,0.0,2009,"{""type"":""MultiPoint"",""coordinates"":[]}"
20090127,2009-01-27,26,1,0.0,2009,"{""type"":""MultiPoint"",""coordinates"":[]}"
20090128,2009-01-28,27,1,0.0,2009,"{""type"":""MultiPoint"",""coordinates"":[]}"
20090129,2009-01-29,28,1,0.0,2009,"{""type"":""MultiPoint"",""coordinates"":[]}"
20090130,2009-01-30,29,1,0.0,2009,"{""type"":""MultiPoint"",""coordinates"":[]}"
20090131,2009-01-31,30,1,0.0,2009,"{""type"":""MultiPoint"",""coordinates"":[]}"
20090201,2009-02-01,31,2,0.0,2009,"{""type"":""MultiPoint"",""coordinates"":[]}"
20090202,2009-02-02,32,2,0.0,2009,"{""type"":""MultiPoint"",""coordinates"":[]}"
20090203,2009-02-03,33,2,0.0,2009,"{""type"":""MultiPoint"",""coordinates"":[]}"
20090204,2009-02-04,34,2,0.0,2009,"{""type"":""MultiPoint"",""coordinates"":[]}"
20090205,2009-02-05,35,2,0.0,2009,"{""type"":""MultiPoint"",""coordinates"":[]}"
20090206,2009-02-06,36,2,0.0,2009,"{""type"":""MultiPoint"",""coordinates"":[]}"
20090207,2009-02-07,37,2,0.0,2009,"{""type"":""MultiPoint"",""coordinates"":[]}"
20090208,2009-02-08,38,2,0.0,2009,"{""type"":""MultiPoint"",""coordinates"":[]}"
20090209,2009-02-09,39,2,0.0,2009,"{""type"":""MultiPoint"",""coordinates"":[]}"
20090210,2009-02-10,40,2,0.0,2009,"{""type"":""MultiPoint"",""coordinates"":[]}"
20090211,2009-02-11,41,2,0.0,2009,"{""type"":""MultiPoint"",""coordinates"":[]}"
20090212,2009-02-12,42,2,0.0,2009,"{""type"":""MultiPoint"",""coordinates"":[]}"
20090213,2009-02-13,43,2,0.0,2009,"{""type"":""MultiPoint"",""coordinates"":[]}"
20090214,2009-02-14,44,2,0.0,2009,"{""type"":""MultiPoint"",""coordinates"":[]}"
20090215,2009-02-15,45,2,0.0,2009,"{""type"":""MultiPoint"",""coordinates"":[]}"
20090216,2009-02-16,46,2,0.0,2009,"{""type"":""MultiPoint"",""coordinates"":[]}"
20090217,2009-02-17,47,2,0.0,2009,"{""type"":""MultiPoint"",""coordinates"":[]}"
20090218,2009-02-18,48,2,0.0,2009,"{""type"":""MultiPoint"",""coordinates"":[]}"
20090219,2009-02-19,49,2,0.0,2009,"{""type"":""MultiPoint"",""coordinates"":[]}"
20090220,2009-02-20,50,2,0.0,2009,"{""type"":""MultiPoint"",""coordinates"":[]}"
20090221,2009-02-21,51,2,0.0,2009,"{""type"":""MultiPoint"",""coordinates"":[]}"
20090222,2009-02-22,52,2,0.0,2009,"{""type"":""MultiPoint"",""coordinates"":[]}"
20090223,2009-02-23,53,2,0.0,2009,"{""type"":""MultiPoint"",""coordinates"":[]}"
20090224,2009-02-24,54,2,0.0,2009,"{""type"":""MultiPoint"",""coordinates"":[]}"
20090225,2009-02-25,55,2,0.0,2009,"{""type"":""MultiPoint"",""coordinates"":[]}"
20090226,2009-02-26,56,2,0.0,2009,"{""type"":""MultiPoint"",""coordinates"":[]}"
20090227,2009-02-27,57,2,0.0,2009,"{""type"":""MultiPoint"",""coordinates"":[]}"
20090228,2009-02-28,58,2,0.0,2009,"{""type"":""MultiPoint"",""coordinates"":[]}"
20090301,2009-03-01,59,3,0.0,2009,"{""type"":""MultiPoint"",""coordinates"":[]}"
20090302,2009-03-02,60,3,0.0,2009,"{""type"":""MultiPoint"",""coordinates"":[]}"
20090303,2009-03-03,61,3,0.0,2009,"{""type"":""MultiPoint"",""coordinates"":[]}"
20090304,2009-03-04,62,3,0.0,2009,"{""type"":""MultiPoint"",""coordinates"":[]}"
20090305,2009-03-05,63,3,0.0,2009,"{""type"":""MultiPoint"",""coordinates"":[]}"
20090306,2009-03-06,64,3,0.0,2009,"{""type"":""MultiPoint"",""coordinates"":[]}"
20090307,2009-03-07,65,3,0.0,2009,"{""type"":""MultiPoint"",""coordinates"":[]}"
20090308,2009-03-08,66,3,0.09160100959483397,2009,"{""type"":""MultiPoint"",""coordinates"":[]}"
20090309,2009-03-09,67,3,0.03673702395301785,2009,"{""type"":""MultiPoint"",""coordinates"":[]}"
20090310,2009-03-10,68,3,0.0,2009,"{""type"":""MultiPoint"",""coordinates"":[]}"
20090311,2009-03-11,69,3,0.0,2009,"{""type"":""MultiPoint"",""coordinates"":[]}"
20090312,2009-03-12,70,3,0.0,2009,"{""type"":""MultiPoint"",""coordinates"":[]}"
20090313,2009-03-13,71,3,0.0,2009,"{""type"":""MultiPoint"",""coordinates"":[]}"
20090314,2009-03-14,72,3,0.0,2009,"{""type"":""MultiPoint"",""coordinates"":[]}"
20090315,2009-03-15,73,3,0.0,2009,"{""type"":""MultiPoint"",""coordinates"":[]}"
20090316,2009-03-16,74,3,0.0,2009,"{""type"":""MultiPoint"",""coordinates"":[]}"
20090317,2009-03-17,75,3,0.0,2009,"{""type"":""MultiPoint"",""coordinates"":[]}"
20090318,2009-03-18,76,3,0.0,2009,"{""type"":""MultiPoint"",""coordinates"":[]}"
20090319,2009-03-19,77,3,0.0,2009,"{""type"":""MultiPoint"",""coordinates"":[]}"
20090320,2009-03-20,78,3,0.22127262707286882,2009,"{""type"":""MultiPoint"",""coordinates"":[]}"
20090321,2009-03-21,79,3,0.07203737720566755,2009,"{""type"":""MultiPoint"",""coordinates"":[]}"
20090322,2009-03-22,80,3,0.0,2009,"{""type"":""MultiPoint"",""coordinates"":[]}"
20090323,2009-03-23,81,3,0.0,2009,"{""type"":""MultiPoint"",""coordinates"":[]}"
20090324,2009-03-24,82,3,0.0,2009,"{""type"":""MultiPoint"",""coordinates"":[]}"
20090325,2009-03-25,83,3,0.0,2009,"{""type"":""MultiPoint"",""coordinates"":[]}"
20090326,2009-03-26,84,3,0.0,2009,"{""type"":""MultiPoint"",""coordinates"":[]}"
20090327,2009-03-27,85,3,0.0,2009,"{""type"":""MultiPoint"",""coordinates"":[]}"
20090328,2009-03-28,86,3,0.0,2009,"{""type"":""MultiPoint"",""coordinates"":[]}"
20090329,2009-03-29,87,3,0.0,2009,"{""type"":""MultiPoint"",""coordinates"":[]}"
20090330,2009-03-30,88,3,0.0,2009,"{""type"":""MultiPoint"",""coordinates"":[]}"
20090331,2009-03-31,89,3,0.0,2009,"{""type"":""MultiPoint"",""coordinates"":[]}"
20090401,2009-04-01,90,4,0.0,2009,"{""type"":""MultiPoint"",""coordinates"":[]}"
20090402,2009-04-02,91,4,0.0,2009,"{""type"":""MultiPoint"",""coordinates"":[]}"
20090403,2009-04-03,92,4,0.023212185270079386,2009,"{""type"":""MultiPoint"",""coordinates"":[]}"
20090404,2009-04-04,93,4,0.0,2009,"{""type"":""MultiPoint"",""coordinates"":[]}"
20090405,2009-04-05,94,4,0.4675514859524216,2009,"{""type"":""MultiPoint"",""coordinates"":[]}"
20090406,2009-04-06,95,4,0.0,2009,"{""type"":""MultiPoint"",""coordinates"":[]}"
20090407,2009-04-07,96,4,0.05917137806357476,2009,"{""type"":""MultiPoint"",""coordinates"":[]}"
20090408,2009-04-08,97,4,0.15237715393511417,2009,"{""type"":""MultiPoint"",""coordinates"":[]}"
20090409,2009-04-09,98,4,0.8642482444375404,2009,"{""type"":""MultiPoint"",""coordinates"":[]}"
20090410,2009-04-10,99,4,0.6536874882972791,2009,"{""type"":""MultiPoint"",""coordinates"":[]}"
20090411,2009-04-11,100,4,0.0,2009,"{""type"":""MultiPoint"",""coordinates"":[]}"
20090412,2009-04-12,101,4,0.0,2009,"{""type"":""MultiPoint"",""coordinates"":[]}"
20090413,2009-04-13,102,4,1.3007301945430403,2009,"{""type"":""MultiPoint"",""coordinates"":[]}"
20090414,2009-04-14,103,4,0.7260283435021422,2009,"{""type"":""MultiPoint"",""coordinates"":[]}"
20090415,2009-04-15,104,4,0.38998724316861233,2009,"{""type"":""MultiPoint"",""coordinates"":[]}"
20090416,2009-04-16,105,4,0.0,2009,"{""type"":""MultiPoint"",""coordinates"":[]}"
20090417,2009-04-17,106,4,1.2583762393608782,2009,"{""type"":""MultiPoint"",""coordinates"":[]}"
20090418,2009-04-18,107,4,0.0,2009,"{""type"":""MultiPoint"",""coordinates"":[]}"
20090419,2009-04-19,108,4,0.1762436784879126,2009,"{""type"":""MultiPoint"",""coordinates"":[]}"
20090420,2009-04-20,109,4,1.049679506436554,2009,"{""type"":""MultiPoint"",""coordinates"":[]}"
20090421,2009-04-21,110,4,0.11252320905939661,2009,"{""type"":""MultiPoint"",""coordinates"":[]}"
20090422,2009-04-22,111,4,0.0,2009,"{""type"":""MultiPoint"",""coordinates"":[]}"
20090423,2009-04-23,112,4,3.1079425654994024,2009,"{""type"":""MultiPoint"",""coordinates"":[]}"
20090424,2009-04-24,113,4,1.4992791191259927,2009,"{""type"":""MultiPoint"",""coordinates"":[]}"
20090425,2009-04-25,114,4,0.0,2009,"{""type"":""MultiPoint"",""coordinates"":[]}"
20090426,2009-04-26,115,4,0.0,2009,"{""type"":""MultiPoint"",""coordinates"":[]}"
20090427,2009-04-27,116,4,0.0,2009,"{""type"":""MultiPoint"",""coordinates"":[]}"
20090428,2009-04-28,117,4,0.0,2009,"{""type"":""MultiPoint"",""coordinates"":[]}"
20090429,2009-04-29,118,4,0.0,2009,"{""type"":""MultiPoint"",""coordinates"":[]}"
20090430,2009-04-30,119,4,1.0419000977571704,2009,"{""type"":""MultiPoint"",""coordinates"":[]}"
20090501,2009-05-01,120,5,7.1300544453555,2009,"{""type"":""MultiPoint"",""coordinates"":[]}"
20090502,2009-05-02,121,5,0.7470178875882546,2009,"{""type"":""MultiPoint"",""coordinates"":[]}"
20090503,2009-05-03,122,5,0.0,2009,"{""type"":""MultiPoint"",""coordinates"":[]}"
20090504,2009-05-04,123,5,7.871053195726898,2009,"{""type"":""MultiPoint"",""coordinates"":[]}"
20090505,2009-05-05,124,5,0.0,2009,"{""type"":""MultiPoint"",""coordinates"":[]}"
20090506,2009-05-06,125,5,6.951714599172675,2009,"{""type"":""MultiPoint"",""coordinates"":[]}"
20090507,2009-05-07,126,5,0.07546664148445152,2009,"{""type"":""MultiPoint"",""coordinates"":[]}"
20090508,2009-05-08,127,5,0.1483778297181034,2009,"{""type"":""MultiPoint"",""coordinates"":[]}"
20090509,2009-05-09,128,5,0.0,2009,"{""type"":""MultiPoint"",""coordinates"":[]}"
20090510,2009-05-10,129,5,0.0,2009,"{""type"":""MultiPoint"",""coordinates"":[]}"
20090511,2009-05-11,130,5,0.0,2009,"{""type"":""MultiPoint"",""coordinates"":[]}"
20090512,2009-05-12,131,5,0.0,2009,"{""type"":""MultiPoint"",""coordinates"":[]}"
20090513,2009-05-13,132,5,1.7957586181071705,2009,"{""type"":""MultiPoint"",""coordinates"":[]}"
20090514,2009-05-14,133,5,0.0020835557345660234,2009,"{""type"":""MultiPoint"",""coordinates"":[]}"
20090515,2009-05-15,134,5,0.0,2009,"{""type"":""MultiPoint"",""coordinates"":[]}"
20090516,2009-05-16,135,5,0.0,2009,"{""type"":""MultiPoint"",""coordinates"":[]}"
20090517,2009-05-17,136,5,0.0,2009,"{""type"":""MultiPoint"",""coordinates"":[]}"
20090518,2009-05-18,137,5,0.0,2009,"{""type"":""MultiPoint"",""coordinates"":[]}"
20090519,2009-05-19,138,5,0.0,2009,"{""type"":""MultiPoint"",""coordinates"":[]}"
20090520,2009-05-20,139,5,0.0,2009,"{""type"":""MultiPoint"",""coordinates"":[]}"
20090521,2009-05-21,140,5,0.028325928582085505,2009,"{""type"":""MultiPoint"",""coordinates"":[]}"
20090522,2009-05-22,141,5,0.0,2009,"{""type"":""MultiPoint"",""coordinates"":[]}"
20090523,2009-05-23,142,5,5.820932943624042E-4,2009,"{""type"":""MultiPoint"",""coordinates"":[]}"
20090524,2009-05-24,143,5,0.03533280233412267,2009,"{""type"":""MultiPoint"",""coordinates"":[]}"
20090525,2009-05-25,144,5,0.1327405177288467,2009,"{""type"":""MultiPoint"",""coordinates"":[]}"
20090526,2009-05-26,145,5,0.0,2009,"{""type"":""MultiPoint"",""coordinates"":[]}"
20090527,2009-05-27,146,5,0.0,2009,"{""type"":""MultiPoint"",""coordinates"":[]}"
20090528,2009-05-28,147,5,2.6730892556708596,2009,"{""type"":""MultiPoint"",""coordinates"":[]}"
20090529,2009-05-29,148,5,2.584342650220663,2009,"{""type"":""MultiPoint"",""coordinates"":[]}"
20090530,2009-05-30,149,5,0.0,2009,"{""type"":""MultiPoint"",""coordinates"":[]}"
20090531,2009-05-31,150,5,0.0,2009,"{""type"":""MultiPoint"",""coordinates"":[]}"
20090601,2009-06-01,151,6,0.0,2009,"{""type"":""MultiPoint"",""coordinates"":[]}"
20090602,2009-06-02,152,6,0.0,2009,"{""type"":""MultiPoint"",""coordinates"":[]}"
20090603,2009-06-03,153,6,1.4840189398196837,2009,"{""type"":""MultiPoint"",""coordinates"":[]}"
20090604,2009-06-04,154,6,4.0650698237429514,2009,"{""type"":""MultiPoint"",""coordinates"":[]}"
20090605,2009-06-05,155,6,0.5634773053799934,2009,"{""type"":""MultiPoint"",""coordinates"":[]}"
20090606,2009-06-06,156,6,0.0,2009,"{""type"":""MultiPoint"",""coordinates"":[]}"
20090607,2009-06-07,157,6,2.6325488202192684,2009,"{""type"":""MultiPoint"",""coordinates"":[]}"
20090608,2009-06-08,158,6,1.9448610036107281,2009,"{""type"":""MultiPoint"",""coordinates"":[]}"
20090609,2009-06-09,159,6,0.49089290928571483,2009,"{""type"":""MultiPoint"",""coordinates"":[]}"
20090610,2009-06-10,160,6,4.918175795546237,2009,"{""type"":""MultiPoint"",""coordinates"":[]}"
20090611,2009-06-11,161,6,0.0,2009,"{""type"":""MultiPoint"",""coordinates"":[]}"
20090612,2009-06-12,162,6,5.85298821297606,2009,"{""type"":""MultiPoint"",""coordinates"":[]}"
20090613,2009-06-13,163,6,0.0,2009,"{""type"":""MultiPoint"",""coordinates"":[]}"
20090614,2009-06-14,164,6,7.237365382759848,2009,"{""type"":""MultiPoint"",""coordinates"":[]}"
20090615,2009-06-15,165,6,4.888924097112911,2009,"{""type"":""MultiPoint"",""coordinates"":[]}"
20090616,2009-06-16,166,6,0.7486570475478765,2009,"{""type"":""MultiPoint"",""coordinates"":[]}"
20090617,2009-06-17,167,6,1.1023735553350842,2009,"{""type"":""MultiPoint"",""coordinates"":[]}"
20090618,2009-06-18,168,6,6.899957285231472,2009,"{""type"":""MultiPoint"",""coordinates"":[]}"
20090619,2009-06-19,169,6,0.0,2009,"{""type"":""MultiPoint"",""coordinates"":[]}"
20090620,2009-06-20,170,6,0.0,2009,"{""type"":""MultiPoint"",""coordinates"":[]}"
20090621,2009-06-21,171,6,0.0,2009,"{""type"":""MultiPoint"",""coordinates"":[]}"
20090622,2009-06-22,172,6,1.6349360095696726,2009,"{""type"":""MultiPoint"",""coordinates"":[]}"
20090623,2009-06-23,173,6,0.9086986469924981,2009,"{""type"":""MultiPoint"",""coordinates"":[]}"
20090624,2009-06-24,174,6,0.0,2009,"{""type"":""MultiPoint"",""coordinates"":[]}"
20090625,2009-06-25,175,6,1.578044070161482,2009,"{""type"":""MultiPoint"",""coordinates"":[]}"
20090626,2009-06-26,176,6,0.0,2009,"{""type"":""MultiPoint"",""coordinates"":[]}"
20090627,2009-06-27,177,6,3.764480864229616,2009,"{""type"":""MultiPoint"",""coordinates"":[]}"
20090628,2009-06-28,178,6,3.415111436138391,2009,"{""type"":""MultiPoint"",""coordinates"":[]}"
20090629,2009-06-29,179,6,0.130084555558484,2009,"{""type"":""MultiPoint"",""coordinates"":[]}"
20090630,2009-06-30,180,6,4.194045190906543,2009,"{""type"":""MultiPoint"",""coordinates"":[]}"
20090701,2009-07-01,181,7,0.0,2009,"{""type"":""MultiPoint"",""coordinates"":[]}"
20090702,2009-07-02,182,7,5.8312272941931615,2009,"{""type"":""MultiPoint"",""coordinates"":[]}"
20090703,2009-07-03,183,7,3.3856318548991666,2009,"{""type"":""MultiPoint"",""coordinates"":[]}"
20090704,2009-07-04,184,7,1.613596507761119,2009,"{""type"":""MultiPoint"",""coordinates"":[]}"
20090705,2009-07-05,185,7,0.0,2009,"{""type"":""MultiPoint"",""coordinates"":[]}"
20090706,2009-07-06,186,7,10.402979123755289,2009,"{""type"":""MultiPoint"",""coordinates"":[]}"
20090707,2009-07-07,187,7,12.191160558922311,2009,"{""type"":""MultiPoint"",""coordinates"":[]}"
20090708,2009-07-08,188,7,7.002753282211916,2009,"{""type"":""MultiPoint"",""coordinates"":[]}"
20090709,2009-07-09,189,7,1.0701856131505485,2009,"{""type"":""MultiPoint"",""coordinates"":[]}"
20090710,2009-07-10,190,7,7.4034613644068585,2009,"{""type"":""MultiPoint"",""coordinates"":[]}"
20090711,2009-07-11,191,7,0.5396719371760145,2009,"{""type"":""MultiPoint"",""coordinates"":[]}"
20090712,2009-07-12,192,7,8.699101892313783,2009,"{""type"":""MultiPoint"",""coordinates"":[]}"
20090713,2009-07-13,193,7,0.0,2009,"{""type"":""MultiPoint"",""coordinates"":[]}"
20090714,2009-07-14,194,7,0.0437211027049055,2009,"{""type"":""MultiPoint"",""coordinates"":[]}"
20090715,2009-07-15,195,7,8.097591200449084,2009,"{""type"":""MultiPoint"",""coordinates"":[]}"
20090716,2009-07-16,196,7,9.25291242975366,2009,"{""type"":""MultiPoint"",""coordinates"":[]}"
20090717,2009-07-17,197,7,11.535172280946044,2009,"{""type"":""MultiPoint"",""coordinates"":[]}"
20090718,2009-07-18,198,7,1.1303278075324164,2009,"{""type"":""MultiPoint"",""coordinates"":[]}"
20090719,2009-07-19,199,7,8.236990399114163,2009,"{""type"":""MultiPoint"",""coordinates"":[]}"
20090720,2009-07-20,200,7,14.34934329070486,2009,"{""type"":""MultiPoint"",""coordinates"":[]}"
20090721,2009-07-21,201,7,0.0,2009,"{""type"":""MultiPoint"",""coordinates"":[]}"
20090722,2009-07-22,202,7,9.876163660594557,2009,"{""type"":""MultiPoint"",""coordinates"":[]}"
20090723,2009-07-23,203,7,12.361811184557295,2009,"{""type"":""MultiPoint"",""coordinates"":[]}"
20090724,2009-07-24,204,7,12.012731691709153,2009,"{""type"":""MultiPoint"",""coordinates"":[]}"
20090725,2009-07-25,205,7,0.14562961299198882,2009,"{""type"":""MultiPoint"",""coordinates"":[]}"
20090726,2009-07-26,206,7,10.657506981753528,2009,"{""type"":""MultiPoint"",""coordinates"":[]}"
20090727,2009-07-27,207,7,4.649836016494606,2009,"{""type"":""MultiPoint"",""coordinates"":[]}"
20090728,2009-07-28,208,7,4.067128118275888,2009,"{""type"":""MultiPoint"",""coordinates"":[]}"
20090729,2009-07-29,209,7,3.929404158241845,2009,"{""type"":""MultiPoint"",""coordinates"":[]}"
20090730,2009-07-30,210,7,10.631816190170708,2009,"{""type"":""MultiPoint"",""coordinates"":[]}"
20090731,2009-07-31,211,7,0.0,2009,"{""type"":""MultiPoint"",""coordinates"":[]}"
20090801,2009-08-01,212,8,16.65912882845858,2009,"{""type"":""MultiPoint"",""coordinates"":[]}"
20090802,2009-08-02,213,8,2.6549053614293965,2009,"{""type"":""MultiPoint"",""coordinates"":[]}"
20090803,2009-08-03,214,8,2.686208310753408,2009,"{""type"":""MultiPoint"",""coordinates"":[]}"
20090804,2009-08-04,215,8,13.278346882973313,2009,"{""type"":""MultiPoint"",""coordinates"":[]}"
20090805,2009-08-05,216,8,6.30480684141377,2009,"{""type"":""MultiPoint"",""coordinates"":[]}"
20090806,2009-08-06,217,8,6.645366422916125,2009,"{""type"":""MultiPoint"",""coordinates"":[]}"
20090807,2009-08-07,218,8,3.1426054478447183,2009,"{""type"":""MultiPoint"",""coordinates"":[]}"
20090808,2009-08-08,219,8,11.159443974565765,2009,"{""type"":""MultiPoint"",""coordinates"":[]}"
20090809,2009-08-09,220,8,8.063123024485092,2009,"{""type"":""MultiPoint"",""coordinates"":[]}"
20090810,2009-08-10,221,8,7.009767865350776,2009,"{""type"":""MultiPoint"",""coordinates"":[]}"
20090811,2009-08-11,222,8,9.843038922561279,2009,"{""type"":""MultiPoint"",""coordinates"":[]}"
20090812,2009-08-12,223,8,6.009432116648448,2009,"{""type"":""MultiPoint"",""coordinates"":[]}"
20090813,2009-08-13,224,8,3.3969129281224393,2009,"{""type"":""MultiPoint"",""coordinates"":[]}"
20090814,2009-08-14,225,8,0.15008880119792162,2009,"{""type"":""MultiPoint"",""coordinates"":[]}"
20090815,2009-08-15,226,8,12.072291283353433,2009,"{""type"":""MultiPoint"",""coordinates"":[]}"
20090816,2009-08-16,227,8,5.192426213747819,2009,"{""type"":""MultiPoint"",""coordinates"":[]}"
20090817,2009-08-17,228,8,7.007887524835046,2009,"{""type"":""MultiPoint"",""coordinates"":[]}"
20090818,2009-08-18,229,8,6.25238767305821,2009,"{""type"":""MultiPoint"",""coordinates"":[]}"
20090819,2009-08-19,230,8,0.0,2009,"{""type"":""MultiPoint"",""coordinates"":[]}"
20090820,2009-08-20,231,8,12.339446649949934,2009,"{""type"":""MultiPoint"",""coordinates"":[]}"
20090821,2009-08-21,232,8,11.601815832277458,2009,"{""type"":""MultiPoint"",""coordinates"":[]}"
20090822,2009-08-22,233,8,0.3820134720298932,2009,"{""type"":""MultiPoint"",""coordinates"":[]}"
20090823,2009-08-23,234,8,1.051749685821639,2009,"{""type"":""MultiPoint"",""coordinates"":[]}"
20090824,2009-08-24,235,8,8.101973311975227,2009,"{""type"":""MultiPoint"",""coordinates"":[]}"
20090825,2009-08-25,236,8,0.0,2009,"{""type"":""MultiPoint"",""coordinates"":[]}"
20090826,2009-08-26,237,8,17.46242254411709,2009,"{""type"":""MultiPoint"",""coordinates"":[]}"
20090827,2009-08-27,238,8,30.01287236480955,2009,"{""type"":""MultiPoint"",""coordinates"":[]}"
20090828,2009-08-28,239,8,3.3404470637520363,2009,"{""type"":""MultiPoint"",""coordinates"":[]}"
20090829,2009-08-29,240,8,10.923905855973278,2009,"{""type"":""MultiPoint"",""coordinates"":[]}"
20090830,2009-08-30,241,8,23.732930952167717,2009,"{""type"":""MultiPoint"",""coordinates"":[]}"
20090831,2009-08-31,242,8,21.79499839938355,2009,"{""type"":""MultiPoint"",""coordinates"":[]}"
20090901,2009-09-01,243,9,5.699455031642208,2009,"{""type"":""MultiPoint"",""coordinates"":[]}"
20090902,2009-09-02,244,9,0.024943573306305238,2009,"{""type"":""MultiPoint"",""coordinates"":[]}"
20090903,2009-09-03,245,9,6.5552183530146015,2009,"{""type"":""MultiPoint"",""coordinates"":[]}"
20090904,2009-09-04,246,9,5.6039603966301,2009,"{""type"":""MultiPoint"",""coordinates"":[]}"
20090905,2009-09-05,247,9,1.3885710424516526,2009,"{""type"":""MultiPoint"",""coordinates"":[]}"
20090906,2009-09-06,248,9,0.0,2009,"{""type"":""MultiPoint"",""coordinates"":[]}"
20090907,2009-09-07,249,9,7.64798854482979,2009,"{""type"":""MultiPoint"",""coordinates"":[]}"
20090908,2009-09-08,250,9,0.0,2009,"{""type"":""MultiPoint"",""coordinates"":[]}"
20090909,2009-09-09,251,9,0.0,2009,"{""type"":""MultiPoint"",""coordinates"":[]}"
20090910,2009-09-10,252,9,6.712982942147122,2009,"{""type"":""MultiPoint"",""coordinates"":[]}"
20090911,2009-09-11,253,9,0.1780435698507894,2009,"{""type"":""MultiPoint"",""coordinates"":[]}"
20090912,2009-09-12,254,9,7.008585353208357,2009,"{""type"":""MultiPoint"",""coordinates"":[]}"
20090913,2009-09-13,255,9,0.0,2009,"{""type"":""MultiPoint"",""coordinates"":[]}"
20090914,2009-09-14,256,9,4.665986991679462,2009,"{""type"":""MultiPoint"",""coordinates"":[]}"
20090915,2009-09-15,257,9,0.0,2009,"{""type"":""MultiPoint"",""coordinates"":[]}"
20090916,2009-09-16,258,9,0.0,2009,"{""type"":""MultiPoint"",""coordinates"":[]}"
20090917,2009-09-17,259,9,0.0,2009,"{""type"":""MultiPoint"",""coordinates"":[]}"
20090918,2009-09-18,260,9,0.14891069095709414,2009,"{""type"":""MultiPoint"",""coordinates"":[]}"
20090919,2009-09-19,261,9,0.0,2009,"{""type"":""MultiPoint"",""coordinates"":[]}"
20090920,2009-09-20,262,9,2.372829386469727,2009,"{""type"":""MultiPoint"",""coordinates"":[]}"
20090921,2009-09-21,263,9,0.0,2009,"{""type"":""MultiPoint"",""coordinates"":[]}"
20090922,2009-09-22,264,9,6.271669412702825,2009,"{""type"":""MultiPoint"",""coordinates"":[]}"
20090923,2009-09-23,265,9,0.0,2009,"{""type"":""MultiPoint"",""coordinates"":[]}"
20090924,2009-09-24,266,9,0.3356501908792461,2009,"{""type"":""MultiPoint"",""coordinates"":[]}"
20090925,2009-09-25,267,9,1.461086028848551,2009,"{""type"":""MultiPoint"",""coordinates"":[]}"
20090926,2009-09-26,268,9,2.6831403753029806,2009,"{""type"":""MultiPoint"",""coordinates"":[]}"
20090927,2009-09-27,269,9,0.0,2009,"{""type"":""MultiPoint"",""coordinates"":[]}"
20090928,2009-09-28,270,9,4.201745979052578,2009,"{""type"":""MultiPoint"",""coordinates"":[]}"
20090929,2009-09-29,271,9,0.0,2009,"{""type"":""MultiPoint"",""coordinates"":[]}"
20090930,2009-09-30,272,9,0.3816118338812127,2009,"{""type"":""MultiPoint"",""coordinates"":[]}"
20091001,2009-10-01,273,10,2.4181751945652006,2009,"{""type"":""MultiPoint"",""coordinates"":[]}"
20091002,2009-10-02,274,10,2.4966971642382196,2009,"{""type"":""MultiPoint"",""coordinates"":[]}"
20091003,2009-10-03,275,10,0.1904995965589318,2009,"{""type"":""MultiPoint"",""coordinates"":[]}"
20091004,2009-10-04,276,10,1.3109348028526375,2009,"{""type"":""MultiPoint"",""coordinates"":[]}"
20091005,2009-10-05,277,10,0.3137082206445016,2009,"{""type"":""MultiPoint"",""coordinates"":[]}"
20091006,2009-10-06,278,10,0.0,2009,"{""type"":""MultiPoint"",""coordinates"":[]}"
20091007,2009-10-07,279,10,0.0,2009,"{""type"":""MultiPoint"",""coordinates"":[]}"
20091008,2009-10-08,280,10,0.836338558216382,2009,"{""type"":""MultiPoint"",""coordinates"":[]}"
20091009,2009-10-09,281,10,0.14067410811808445,2009,"{""type"":""MultiPoint"",""coordinates"":[]}"
20091010,2009-10-10,282,10,0.09091852469877763,2009,"{""type"":""MultiPoint"",""coordinates"":[]}"
20091011,2009-10-11,283,10,0.020634301985153043,2009,"{""type"":""MultiPoint"",""coordinates"":[]}"
20091012,2009-10-12,284,10,3.859231283414905,2009,"{""type"":""MultiPoint"",""coordinates"":[]}"
20091013,2009-10-13,285,10,0.8828947500182415,2009,"{""type"":""MultiPoint"",""coordinates"":[]}"
20091014,2009-10-14,286,10,0.0,2009,"{""type"":""MultiPoint"",""coordinates"":[]}"
20091015,2009-10-15,287,10,0.0,2009,"{""type"":""MultiPoint"",""coordinates"":[]}"
20091016,2009-10-16,288,10,0.08106902030983357,2009,"{""type"":""MultiPoint"",""coordinates"":[]}"
20091017,2009-10-17,289,10,0.0,2009,"{""type"":""MultiPoint"",""coordinates"":[]}"
20091018,2009-10-18,290,10,0.0,2009,"{""type"":""MultiPoint"",""coordinates"":[]}"
20091019,2009-10-19,291,10,3.82616759711243,2009,"{""type"":""MultiPoint"",""coordinates"":[]}"
20091020,2009-10-20,292,10,4.092340383229338,2009,"{""type"":""MultiPoint"",""coordinates"":[]}"
20091021,2009-10-21,293,10,1.2072718159518259,2009,"{""type"":""MultiPoint"",""coordinates"":[]}"
20091022,2009-10-22,294,10,0.1870413720253601,2009,"{""type"":""MultiPoint"",""coordinates"":[]}"
20091023,2009-10-23,295,10,0.0,2009,"{""type"":""MultiPoint"",""coordinates"":[]}"
20091024,2009-10-24,296,10,0.026379884646939484,2009,"{""type"":""MultiPoint"",""coordinates"":[]}"
20091025,2009-10-25,297,10,0.7899406954401151,2009,"{""type"":""MultiPoint"",""coordinates"":[]}"
20091026,2009-10-26,298,10,2.199154867845423,2009,"{""type"":""MultiPoint"",""coordinates"":[]}"
20091027,2009-10-27,299,10,0.0,2009,"{""type"":""MultiPoint"",""coordinates"":[]}"
20091028,2009-10-28,300,10,2.2688047926504793,2009,"{""type"":""MultiPoint"",""coordinates"":[]}"
20091029,2009-10-29,301,10,1.9243932497527347,2009,"{""type"":""MultiPoint"",""coordinates"":[]}"
20091030,2009-10-30,302,10,0.0,2009,"{""type"":""MultiPoint"",""coordinates"":[]}"
20091031,2009-10-31,303,10,0.0,2009,"{""type"":""MultiPoint"",""coordinates"":[]}"
20091101,2009-11-01,304,11,0.0,2009,"{""type"":""MultiPoint"",""coordinates"":[]}"
20091102,2009-11-02,305,11,0.0,2009,"{""type"":""MultiPoint"",""coordinates"":[]}"
20091103,2009-11-03,306,11,0.0,2009,"{""type"":""MultiPoint"",""coordinates"":[]}"
20091104,2009-11-04,307,11,0.0,2009,"{""type"":""MultiPoint"",""coordinates"":[]}"
20091105,2009-11-05,308,11,0.0,2009,"{""type"":""MultiPoint"",""coordinates"":[]}"
20091106,2009-11-06,309,11,0.0,2009,"{""type"":""MultiPoint"",""coordinates"":[]}"
20091107,2009-11-07,310,11,0.0,2009,"{""type"":""MultiPoint"",""coordinates"":[]}"
20091108,2009-11-08,311,11,0.0,2009,"{""type"":""MultiPoint"",""coordinates"":[]}"
20091109,2009-11-09,312,11,0.033427060323319685,2009,"{""type"":""MultiPoint"",""coordinates"":[]}"
20091110,2009-11-10,313,11,0.0,2009,"{""type"":""MultiPoint"",""coordinates"":[]}"
20091111,2009-11-11,314,11,0.0,2009,"{""type"":""MultiPoint"",""coordinates"":[]}"
20091112,2009-11-12,315,11,0.0,2009,"{""type"":""MultiPoint"",""coordinates"":[]}"
20091113,2009-11-13,316,11,0.0,2009,"{""type"":""MultiPoint"",""coordinates"":[]}"
20091114,2009-11-14,317,11,0.0,2009,"{""type"":""MultiPoint"",""coordinates"":[]}"
20091115,2009-11-15,318,11,0.0,2009,"{""type"":""MultiPoint"",""coordinates"":[]}"
20091116,2009-11-16,319,11,0.0,2009,"{""type"":""MultiPoint"",""coordinates"":[]}"
20091117,2009-11-17,320,11,0.0,2009,"{""type"":""MultiPoint"",""coordinates"":[]}"
20091118,2009-11-18,321,11,0.0,2009,"{""type"":""MultiPoint"",""coordinates"":[]}"
20091119,2009-11-19,322,11,0.0,2009,"{""type"":""MultiPoint"",""coordinates"":[]}"
20091120,2009-11-20,323,11,0.0,2009,"{""type"":""MultiPoint"",""coordinates"":[]}"
20091121,2009-11-21,324,11,0.0,2009,"{""type"":""MultiPoint"",""coordinates"":[]}"
20091122,2009-11-22,325,11,0.0,2009,"{""type"":""MultiPoint"",""coordinates"":[]}"
20091123,2009-11-23,326,11,0.0,2009,"{""type"":""MultiPoint"",""coordinates"":[]}"
20091124,2009-11-24,327,11,0.0,2009,"{""type"":""MultiPoint"",""coordinates"":[]}"
20091125,2009-11-25,328,11,0.0,2009,"{""type"":""MultiPoint"",""coordinates"":[]}"
20091126,2009-11-26,329,11,0.0,2009,"{""type"":""MultiPoint"",""coordinates"":[]}"
20091127,2009-11-27,330,11,0.0,2009,"{""type"":""MultiPoint"",""coordinates"":[]}"
20091128,2009-11-28,331,11,0.0,2009,"{""type"":""MultiPoint"",""coordinates"":[]}"
20091129,2009-11-29,332,11,0.0,2009,"{""type"":""MultiPoint"",""coordinates"":[]}"
20091130,2009-11-30,333,11,0.0,2009,"{""type"":""MultiPoint"",""coordinates"":[]}"
20091201,2009-12-01,334,12,0.0,2009,"{""type"":""MultiPoint"",""coordinates"":[]}"
20091202,2009-12-02,335,12,0.0,2009,"{""type"":""MultiPoint"",""coordinates"":[]}"
20091203,2009-12-03,336,12,0.0,2009,"{""type"":""MultiPoint"",""coordinates"":[]}"
20091204,2009-12-04,337,12,0.0,2009,"{""type"":""MultiPoint"",""coordinates"":[]}"
20091205,2009-12-05,338,12,0.0,2009,"{""type"":""MultiPoint"",""coordinates"":[]}"
20091206,2009-12-06,339,12,0.003481732643395515,2009,"{""type"":""MultiPoint"",""coordinates"":[]}"
20091207,2009-12-07,340,12,0.0,2009,"{""type"":""MultiPoint"",""coordinates"":[]}"
20091208,2009-12-08,341,12,0.0,2009,"{""type"":""MultiPoint"",""coordinates"":[]}"
20091209,2009-12-09,342,12,0.0,2009,"{""type"":""MultiPoint"",""coordinates"":[]}"
20091210,2009-12-10,343,12,0.0,2009,"{""type"":""MultiPoint"",""coordinates"":[]}"
20091211,2009-12-11,344,12,0.0,2009,"{""type"":""MultiPoint"",""coordinates"":[]}"
20091212,2009-12-12,345,12,0.0,2009,"{""type"":""MultiPoint"",""coordinates"":[]}"
20091213,2009-12-13,346,12,0.0,2009,"{""type"":""MultiPoint"",""coordinates"":[]}"
20091214,2009-12-14,347,12,0.0,2009,"{""type"":""MultiPoint"",""coordinates"":[]}"
20091215,2009-12-15,348,12,0.0,2009,"{""type"":""MultiPoint"",""coordinates"":[]}"
20091216,2009-12-16,349,12,0.0,2009,"{""type"":""MultiPoint"",""coordinates"":[]}"
20091217,2009-12-17,350,12,0.0,2009,"{""type"":""MultiPoint"",""coordinates"":[]}"
20091218,2009-12-18,351,12,0.0,2009,"{""type"":""MultiPoint"",""coordinates"":[]}"
20091219,2009-12-19,352,12,0.0,2009,"{""type"":""MultiPoint"",""coordinates"":[]}"
20091220,2009-12-20,353,12,0.0,2009,"{""type"":""MultiPoint"",""coordinates"":[]}"
20091221,2009-12-21,354,12,0.0,2009,"{""type"":""MultiPoint"",""coordinates"":[]}"
20091222,2009-12-22,355,12,0.0,2009,"{""type"":""MultiPoint"",""coordinates"":[]}"
20091223,2009-12-23,356,12,0.0,2009,"{""type"":""MultiPoint"",""coordinates"":[]}"
20091224,2009-12-24,357,12,0.0,2009,"{""type"":""MultiPoint"",""coordinates"":[]}"
20091225,2009-12-25,358,12,0.0,2009,"{""type"":""MultiPoint"",""coordinates"":[]}"
20091226,2009-12-26,359,12,0.0,2009,"{""type"":""MultiPoint"",""coordinates"":[]}"
20091227,2009-12-27,360,12,0.0,2009,"{""type"":""MultiPoint"",""coordinates"":[]}"
20091228,2009-12-28,361,12,0.0,2009,"{""type"":""MultiPoint"",""coordinates"":[]}"
20091229,2009-12-29,362,12,0.0,2009,"{""type"":""MultiPoint"",""coordinates"":[]}"
20091230,2009-12-30,363,12,0.0,2009,"{""type"":""MultiPoint"",""coordinates"":[]}"
20091231,2009-12-31,364,12,0.0,2009,"{""type"":""MultiPoint"",""coordinates"":[]}"
20100101,2010-01-01,0,1,0.0,2010,"{""type"":""MultiPoint"",""coordinates"":[]}"
20100102,2010-01-02,1,1,0.0,2010,"{""type"":""MultiPoint"",""coordinates"":[]}"
20100103,2010-01-03,2,1,0.0,2010,"{""type"":""MultiPoint"",""coordinates"":[]}"
20100104,2010-01-04,3,1,0.0,2010,"{""type"":""MultiPoint"",""coordinates"":[]}"
20100105,2010-01-05,4,1,0.0,2010,"{""type"":""MultiPoint"",""coordinates"":[]}"
20100106,2010-01-06,5,1,0.0,2010,"{""type"":""MultiPoint"",""coordinates"":[]}"
20100107,2010-01-07,6,1,0.0,2010,"{""type"":""MultiPoint"",""coordinates"":[]}"
20100108,2010-01-08,7,1,0.0,2010,"{""type"":""MultiPoint"",""coordinates"":[]}"
20100109,2010-01-09,8,1,0.0,2010,"{""type"":""MultiPoint"",""coordinates"":[]}"
20100110,2010-01-10,9,1,0.0,2010,"{""type"":""MultiPoint"",""coordinates"":[]}"
20100111,2010-01-11,10,1,0.0,2010,"{""type"":""MultiPoint"",""coordinates"":[]}"
20100112,2010-01-12,11,1,0.0,2010,"{""type"":""MultiPoint"",""coordinates"":[]}"
20100113,2010-01-13,12,1,0.0,2010,"{""type"":""MultiPoint"",""coordinates"":[]}"
20100114,2010-01-14,13,1,0.0,2010,"{""type"":""MultiPoint"",""coordinates"":[]}"
20100115,2010-01-15,14,1,0.0,2010,"{""type"":""MultiPoint"",""coordinates"":[]}"
20100116,2010-01-16,15,1,0.0,2010,"{""type"":""MultiPoint"",""coordinates"":[]}"
20100117,2010-01-17,16,1,0.0,2010,"{""type"":""MultiPoint"",""coordinates"":[]}"
20100118,2010-01-18,17,1,0.0,2010,"{""type"":""MultiPoint"",""coordinates"":[]}"
20100119,2010-01-19,18,1,0.0,2010,"{""type"":""MultiPoint"",""coordinates"":[]}"
20100120,2010-01-20,19,1,0.0,2010,"{""type"":""MultiPoint"",""coordinates"":[]}"
20100121,2010-01-21,20,1,0.0,2010,"{""type"":""MultiPoint"",""coordinates"":[]}"
20100122,2010-01-22,21,1,0.0,2010,"{""type"":""MultiPoint"",""coordinates"":[]}"
20100123,2010-01-23,22,1,0.0,2010,"{""type"":""MultiPoint"",""coordinates"":[]}"
20100124,2010-01-24,23,1,0.0,2010,"{""type"":""MultiPoint"",""coordinates"":[]}"
20100125,2010-01-25,24,1,0.0,2010,"{""type"":""MultiPoint"",""coordinates"":[]}"
20100126,2010-01-26,25,1,0.0,2010,"{""type"":""MultiPoint"",""coordinates"":[]}"
20100127,2010-01-27,26,1,0.0,2010,"{""type"":""MultiPoint"",""coordinates"":[]}"
20100128,2010-01-28,27,1,0.0,2010,"{""type"":""MultiPoint"",""coordinates"":[]}"
20100129,2010-01-29,28,1,0.0,2010,"{""type"":""MultiPoint"",""coordinates"":[]}"
20100130,2010-01-30,29,1,0.0,2010,"{""type"":""MultiPoint"",""coordinates"":[]}"
20100131,2010-01-31,30,1,0.0,2010,"{""type"":""MultiPoint"",""coordinates"":[]}"
20100201,2010-02-01,31,2,0.0,2010,"{""type"":""MultiPoint"",""coordinates"":[]}"
20100202,2010-02-02,32,2,0.0,2010,"{""type"":""MultiPoint"",""coordinates"":[]}"
20100203,2010-02-03,33,2,0.0,2010,"{""type"":""MultiPoint"",""coordinates"":[]}"
20100204,2010-02-04,34,2,0.0,2010,"{""type"":""MultiPoint"",""coordinates"":[]}"
20100205,2010-02-05,35,2,0.0,2010,"{""type"":""MultiPoint"",""coordinates"":[]}"
20100206,2010-02-06,36,2,0.0,2010,"{""type"":""MultiPoint"",""coordinates"":[]}"
20100207,2010-02-07,37,2,0.0,2010,"{""type"":""MultiPoint"",""coordinates"":[]}"
20100208,2010-02-08,38,2,0.0,2010,"{""type"":""MultiPoint"",""coordinates"":[]}"
20100209,2010-02-09,39,2,0.0,2010,"{""type"":""MultiPoint"",""coordinates"":[]}"
20100210,2010-02-10,40,2,0.0,2010,"{""type"":""MultiPoint"",""coordinates"":[]}"
20100211,2010-02-11,41,2,0.0,2010,"{""type"":""MultiPoint"",""coordinates"":[]}"
20100212,2010-02-12,42,2,0.0,2010,"{""type"":""MultiPoint"",""coordinates"":[]}"
20100213,2010-02-13,43,2,0.0,2010,"{""type"":""MultiPoint"",""coordinates"":[]}"
20100214,2010-02-14,44,2,0.0,2010,"{""type"":""MultiPoint"",""coordinates"":[]}"
20100215,2010-02-15,45,2,0.0,2010,"{""type"":""MultiPoint"",""coordinates"":[]}"
20100216,2010-02-16,46,2,0.0,2010,"{""type"":""MultiPoint"",""coordinates"":[]}"
20100217,2010-02-17,47,2,0.0,2010,"{""type"":""MultiPoint"",""coordinates"":[]}"
20100218,2010-02-18,48,2,0.0,2010,"{""type"":""MultiPoint"",""coordinates"":[]}"
20100219,2010-02-19,49,2,0.0,2010,"{""type"":""MultiPoint"",""coordinates"":[]}"
20100220,2010-02-20,50,2,0.0,2010,"{""type"":""MultiPoint"",""coordinates"":[]}"
20100221,2010-02-21,51,2,0.0,2010,"{""type"":""MultiPoint"",""coordinates"":[]}"
20100222,2010-02-22,52,2,0.0,2010,"{""type"":""MultiPoint"",""coordinates"":[]}"
20100223,2010-02-23,53,2,0.0,2010,"{""type"":""MultiPoint"",""coordinates"":[]}"
20100224,2010-02-24,54,2,0.0,2010,"{""type"":""MultiPoint"",""coordinates"":[]}"
20100225,2010-02-25,55,2,0.0,2010,"{""type"":""MultiPoint"",""coordinates"":[]}"
20100226,2010-02-26,56,2,0.0,2010,"{""type"":""MultiPoint"",""coordinates"":[]}"
20100227,2010-02-27,57,2,0.0,2010,"{""type"":""MultiPoint"",""coordinates"":[]}"
20100228,2010-02-28,58,2,0.0,2010,"{""type"":""MultiPoint"",""coordinates"":[]}"
20100301,2010-03-01,59,3,0.0,2010,"{""type"":""MultiPoint"",""coordinates"":[]}"
20100302,2010-03-02,60,3,0.0,2010,"{""type"":""MultiPoint"",""coordinates"":[]}"
20100303,2010-03-03,61,3,0.0,2010,"{""type"":""MultiPoint"",""coordinates"":[]}"
20100304,2010-03-04,62,3,0.0,2010,"{""type"":""MultiPoint"",""coordinates"":[]}"
20100305,2010-03-05,63,3,0.0,2010,"{""type"":""MultiPoint"",""coordinates"":[]}"
20100306,2010-03-06,64,3,0.0,2010,"{""type"":""MultiPoint"",""coordinates"":[]}"
20100307,2010-03-07,65,3,0.0,2010,"{""type"":""MultiPoint"",""coordinates"":[]}"
20100308,2010-03-08,66,3,0.0,2010,"{""type"":""MultiPoint"",""coordinates"":[]}"
20100309,2010-03-09,67,3,0.057110003709784245,2010,"{""type"":""MultiPoint"",""coordinates"":[]}"
20100310,2010-03-10,68,3,0.0014271644329783893,2010,"{""type"":""MultiPoint"",""coordinates"":[]}"
20100311,2010-03-11,69,3,0.0,2010,"{""type"":""MultiPoint"",""coordinates"":[]}"
20100312,2010-03-12,70,3,0.0,2010,"{""type"":""MultiPoint"",""coordinates"":[]}"
20100313,2010-03-13,71,3,0.0017269780539503,2010,"{""type"":""MultiPoint"",""coordinates"":[]}"
20100314,2010-03-14,72,3,0.0185715122744928,2010,"{""type"":""MultiPoint"",""coordinates"":[]}"
20100315,2010-03-15,73,3,0.0,2010,"{""type"":""MultiPoint"",""coordinates"":[]}"
20100316,2010-03-16,74,3,0.014979456816068567,2010,"{""type"":""MultiPoint"",""coordinates"":[]}"
20100317,2010-03-17,75,3,0.005227705834525296,2010,"{""type"":""MultiPoint"",""coordinates"":[]}"
20100318,2010-03-18,76,3,0.0,2010,"{""type"":""MultiPoint"",""coordinates"":[]}"
20100319,2010-03-19,77,3,0.0,2010,"{""type"":""MultiPoint"",""coordinates"":[]}"
20100320,2010-03-20,78,3,0.0,2010,"{""type"":""MultiPoint"",""coordinates"":[]}"
20100321,2010-03-21,79,3,0.0,2010,"{""type"":""MultiPoint"",""coordinates"":[]}"
20100322,2010-03-22,80,3,0.0,2010,"{""type"":""MultiPoint"",""coordinates"":[]}"
20100323,2010-03-23,81,3,0.0,2010,"{""type"":""MultiPoint"",""coordinates"":[]}"
20100324,2010-03-24,82,3,0.0,2010,"{""type"":""MultiPoint"",""coordinates"":[]}"
20100325,2010-03-25,83,3,0.0,2010,"{""type"":""MultiPoint"",""coordinates"":[]}"
20100326,2010-03-26,84,3,0.0,2010,"{""type"":""MultiPoint"",""coordinates"":[]}"
20100327,2010-03-27,85,3,0.0,2010,"{""type"":""MultiPoint"",""coordinates"":[]}"
20100328,2010-03-28,86,3,0.47452970328107164,2010,"{""type"":""MultiPoint"",""coordinates"":[]}"
20100329,2010-03-29,87,3,0.0,2010,"{""type"":""MultiPoint"",""coordinates"":[]}"
20100330,2010-03-30,88,3,0.0,2010,"{""type"":""MultiPoint"",""coordinates"":[]}"
20100331,2010-03-31,89,3,0.0,2010,"{""type"":""MultiPoint"",""coordinates"":[]}"
20100401,2010-04-01,90,4,0.0,2010,"{""type"":""MultiPoint"",""coordinates"":[]}"
20100402,2010-04-02,91,4,0.011424261335099798,2010,"{""type"":""MultiPoint"",""coordinates"":[]}"
20100403,2010-04-03,92,4,0.0,2010,"{""type"":""MultiPoint"",""coordinates"":[]}"
20100404,2010-04-04,93,4,0.0,2010,"{""type"":""MultiPoint"",""coordinates"":[]}"
20100405,2010-04-05,94,4,0.14732463180629254,2010,"{""type"":""MultiPoint"",""coordinates"":[]}"
20100406,2010-04-06,95,4,0.0,2010,"{""type"":""MultiPoint"",""coordinates"":[]}"
20100407,2010-04-07,96,4,0.0,2010,"{""type"":""MultiPoint"",""coordinates"":[]}"
20100408,2010-04-08,97,4,0.0,2010,"{""type"":""MultiPoint"",""coordinates"":[]}"
20100409,2010-04-09,98,4,0.0,2010,"{""type"":""MultiPoint"",""coordinates"":[]}"
20100410,2010-04-10,99,4,0.0,2010,"{""type"":""MultiPoint"",""coordinates"":[]}"
20100411,2010-04-11,100,4,0.43712648803655596,2010,"{""type"":""MultiPoint"",""coordinates"":[]}"
20100412,2010-04-12,101,4,0.0,2010,"{""type"":""MultiPoint"",""coordinates"":[]}"
20100413,2010-04-13,102,4,0.0,2010,"{""type"":""MultiPoint"",""coordinates"":[]}"
20100414,2010-04-14,103,4,0.0,2010,"{""type"":""MultiPoint"",""coordinates"":[]}"
20100415,2010-04-15,104,4,0.0,2010,"{""type"":""MultiPoint"",""coordinates"":[]}"
20100416,2010-04-16,105,4,0.0,2010,"{""type"":""MultiPoint"",""coordinates"":[]}"
20100417,2010-04-17,106,4,0.0,2010,"{""type"":""MultiPoint"",""coordinates"":[]}"
20100418,2010-04-18,107,4,0.0,2010,"{""type"":""MultiPoint"",""coordinates"":[]}"
20100419,2010-04-19,108,4,0.0,2010,"{""type"":""MultiPoint"",""coordinates"":[]}"
20100420,2010-04-20,109,4,0.0,2010,"{""type"":""MultiPoint"",""coordinates"":[]}"
20100421,2010-04-21,110,4,0.24310316839272916,2010,"{""type"":""MultiPoint"",""coordinates"":[]}"
20100422,2010-04-22,111,4,3.342641057933196,2010,"{""type"":""MultiPoint"",""coordinates"":[]}"
20100423,2010-04-23,112,4,0.09768307380190838,2010,"{""type"":""MultiPoint"",""coordinates"":[]}"
20100424,2010-04-24,113,4,0.0,2010,"{""type"":""MultiPoint"",""coordinates"":[]}"
20100425,2010-04-25,114,4,0.26608389227620255,2010,"{""type"":""MultiPoint"",""coordinates"":[]}"
20100426,2010-04-26,115,4,0.0,2010,"{""type"":""MultiPoint"",""coordinates"":[]}"
20100427,2010-04-27,116,4,0.04654288532758,2010,"{""type"":""MultiPoint"",""coordinates"":[]}"
20100428,2010-04-28,117,4,2.045803596570152,2010,"{""type"":""MultiPoint"",""coordinates"":[]}"
20100429,2010-04-29,118,4,0.32615407318567424,2010,"{""type"":""MultiPoint"",""coordinates"":[]}"
20100430,2010-04-30,119,4,0.9408639977771142,2010,"{""type"":""MultiPoint"",""coordinates"":[]}"
20100501,2010-05-01,120,5,0.0534591024572199,2010,"{""type"":""MultiPoint"",""coordinates"":[]}"
20100502,2010-05-02,121,5,0.0,2010,"{""type"":""MultiPoint"",""coordinates"":[]}"
20100503,2010-05-03,122,5,0.0,2010,"{""type"":""MultiPoint"",""coordinates"":[]}"
20100504,2010-05-04,123,5,0.04058728073582505,2010,"{""type"":""MultiPoint"",""coordinates"":[]}"
20100505,2010-05-05,124,5,0.21464771135038943,2010,"{""type"":""MultiPoint"",""coordinates"":[]}"
20100506,2010-05-06,125,5,0.5848220490682099,2010,"{""type"":""MultiPoint"",""coordinates"":[]}"
20100507,2010-05-07,126,5,0.05779023523683901,2010,"{""type"":""MultiPoint"",""coordinates"":[]}"
20100508,2010-05-08,127,5,0.0,2010,"{""type"":""MultiPoint"",""coordinates"":[]}"
20100509,2010-05-09,128,5,0.0,2010,"{""type"":""MultiPoint"",""coordinates"":[]}"
20100510,2010-05-10,129,5,0.0,2010,"{""type"":""MultiPoint"",""coordinates"":[]}"
20100511,2010-05-11,130,5,0.0,2010,"{""type"":""MultiPoint"",""coordinates"":[]}"
20100512,2010-05-12,131,5,0.0,2010,"{""type"":""MultiPoint"",""coordinates"":[]}"
20100513,2010-05-13,132,5,0.0,2010,"{""type"":""MultiPoint"",""coordinates"":[]}"
20100514,2010-05-14,133,5,0.0,2010,"{""type"":""MultiPoint"",""coordinates"":[]}"
20100515,2010-05-15,134,5,0.0,2010,"{""type"":""MultiPoint"",""coordinates"":[]}"
20100516,2010-05-16,135,5,0.0,2010,"{""type"":""MultiPoint"",""coordinates"":[]}"
20100517,2010-05-17,136,5,0.0,2010,"{""type"":""MultiPoint"",""coordinates"":[]}"
20100518,2010-05-18,137,5,0.0,2010,"{""type"":""MultiPoint"",""coordinates"":[]}"
20100519,2010-05-19,138,5,0.07558122307363183,2010,"{""type"":""MultiPoint"",""coordinates"":[]}"
20100520,2010-05-20,139,5,0.0,2010,"{""type"":""MultiPoint"",""coordinates"":[]}"
20100521,2010-05-21,140,5,0.39682145179156186,2010,"{""type"":""MultiPoint"",""coordinates"":[]}"
20100522,2010-05-22,141,5,0.0,2010,"{""type"":""MultiPoint"",""coordinates"":[]}"
20100523,2010-05-23,142,5,3.656553112367376,2010,"{""type"":""MultiPoint"",""coordinates"":[]}"
20100524,2010-05-24,143,5,1.2725303151107443,2010,"{""type"":""MultiPoint"",""coordinates"":[]}"
20100525,2010-05-25,144,5,1.8595083197359283,2010,"{""type"":""MultiPoint"",""coordinates"":[]}"
20100526,2010-05-26,145,5,3.403522964656223,2010,"{""type"":""MultiPoint"",""coordinates"":[]}"
20100527,2010-05-27,146,5,0.12221510388114991,2010,"{""type"":""MultiPoint"",""coordinates"":[]}"
20100528,2010-05-28,147,5,0.0,2010,"{""type"":""MultiPoint"",""coordinates"":[]}"
20100529,2010-05-29,148,5,0.0,2010,"{""type"":""MultiPoint"",""coordinates"":[]}"
20100530,2010-05-30,149,5,0.0,2010,"{""type"":""MultiPoint"",""coordinates"":[]}"
20100531,2010-05-31,150,5,11.351376786329268,2010,"{""type"":""MultiPoint"",""coordinates"":[]}"
20100601,2010-06-01,151,6,0.2032206082584882,2010,"{""type"":""MultiPoint"",""coordinates"":[]}"
20100602,2010-06-02,152,6,13.93893993177091,2010,"{""type"":""MultiPoint"",""coordinates"":[]}"
20100603,2010-06-03,153,6,0.0,2010,"{""type"":""MultiPoint"",""coordinates"":[]}"
20100604,2010-06-04,154,6,0.0,2010,"{""type"":""MultiPoint"",""coordinates"":[]}"
20100605,2010-06-05,155,6,4.665496501197294,2010,"{""type"":""MultiPoint"",""coordinates"":[]}"
20100606,2010-06-06,156,6,0.045419123791826665,2010,"{""type"":""MultiPoint"",""coordinates"":[]}"
20100607,2010-06-07,157,6,0.024572969687105428,2010,"{""type"":""MultiPoint"",""coordinates"":[]}"
20100608,2010-06-08,158,6,5.716690985135074,2010,"{""type"":""MultiPoint"",""coordinates"":[]}"
20100609,2010-06-09,159,6,0.0,2010,"{""type"":""MultiPoint"",""coordinates"":[]}"
20100610,2010-06-10,160,6,4.3662907483200435,2010,"{""type"":""MultiPoint"",""coordinates"":[]}"
20100611,2010-06-11,161,6,1.674875874877283,2010,"{""type"":""MultiPoint"",""coordinates"":[]}"
20100612,2010-06-12,162,6,0.0,2010,"{""type"":""MultiPoint"",""coordinates"":[]}"
20100613,2010-06-13,163,6,0.0,2010,"{""type"":""MultiPoint"",""coordinates"":[]}"
20100614,2010-06-14,164,6,25.943630135774757,2010,"{""type"":""MultiPoint"",""coordinates"":[]}"
20100615,2010-06-15,165,6,0.0,2010,"{""type"":""MultiPoint"",""coordinates"":[]}"
20100616,2010-06-16,166,6,10.888681738795468,2010,"{""type"":""MultiPoint"",""coordinates"":[]}"
20100617,2010-06-17,167,6,0.0,2010,"{""type"":""MultiPoint"",""coordinates"":[]}"
20100618,2010-06-18,168,6,0.21321376348915938,2010,"{""type"":""MultiPoint"",""coordinates"":[]}"
20100619,2010-06-19,169,6,0.5733205701223952,2010,"{""type"":""MultiPoint"",""coordinates"":[]}"
20100620,2010-06-20,170,6,0.0,2010,"{""type"":""MultiPoint"",""coordinates"":[]}"
20100621,2010-06-21,171,6,6.603341043196142,2010,"{""type"":""MultiPoint"",""coordinates"":[]}"
20100622,2010-06-22,172,6,12.816133482051525,2010,"{""type"":""MultiPoint"",""coordinates"":[]}"
20100623,2010-06-23,173,6,19.003748379029435,2010,"{""type"":""MultiPoint"",""coordinates"":[]}"
20100624,2010-06-24,174,6,1.5223928645332867,2010,"{""type"":""MultiPoint"",""coordinates"":[]}"
20100625,2010-06-25,175,6,13.146700403104328,2010,"{""type"":""MultiPoint"",""coordinates"":[]}"
20100626,2010-06-26,176,6,1.6969734393244664,2010,"{""type"":""MultiPoint"",""coordinates"":[]}"
20100627,2010-06-27,177,6,23.33674171037498,2010,"{""type"":""MultiPoint"",""coordinates"":[]}"
20100628,2010-06-28,178,6,2.8944062917486084,2010,"{""type"":""MultiPoint"",""coordinates"":[]}"
20100629,2010-06-29,179,6,0.0,2010,"{""type"":""MultiPoint"",""coordinates"":[]}"
20100630,2010-06-30,180,6,0.0,2010,"{""type"":""MultiPoint"",""coordinates"":[]}"
20100701,2010-07-01,181,7,6.660477915053842,2010,"{""type"":""MultiPoint"",""coordinates"":[]}"
20100702,2010-07-02,182,7,11.863816686374498,2010,"{""type"":""MultiPoint"",""coordinates"":[]}"
20100703,2010-07-03,183,7,10.626627374483963,2010,"{""type"":""MultiPoint"",""coordinates"":[]}"
20100704,2010-07-04,184,7,0.20701650176385436,2010,"{""type"":""MultiPoint"",""coordinates"":[]}"
20100705,2010-07-05,185,7,10.712553086434763,2010,"{""type"":""MultiPoint"",""coordinates"":[]}"
20100706,2010-07-06,186,7,7.287752323892948,2010,"{""type"":""MultiPoint"",""coordinates"":[]}"
20100707,2010-07-07,187,7,0.13788389205743734,2010,"{""type"":""MultiPoint"",""coordinates"":[]}"
20100708,2010-07-08,188,7,12.802038691780027,2010,"{""type"":""MultiPoint"",""coordinates"":[]}"
20100709,2010-07-09,189,7,2.464733138653896,2010,"{""type"":""MultiPoint"",""coordinates"":[]}"
20100710,2010-07-10,190,7,0.0,2010,"{""type"":""MultiPoint"",""coordinates"":[]}"
20100711,2010-07-11,191,7,7.4519686040653506,2010,"{""type"":""MultiPoint"",""coordinates"":[]}"
20100712,2010-07-12,192,7,14.022275673561602,2010,"{""type"":""MultiPoint"",""coordinates"":[]}"
20100713,2010-07-13,193,7,0.0,2010,"{""type"":""MultiPoint"",""coordinates"":[]}"
20100714,2010-07-14,194,7,6.888469959915591,2010,"{""type"":""MultiPoint"",""coordinates"":[]}"
20100715,2010-07-15,195,7,0.0,2010,"{""type"":""MultiPoint"",""coordinates"":[]}"
20100716,2010-07-16,196,7,15.81489125684503,2010,"{""type"":""MultiPoint"",""coordinates"":[]}"
20100717,2010-07-17,197,7,0.0,2010,"{""type"":""MultiPoint"",""coordinates"":[]}"
20100718,2010-07-18,198,7,5.111107589655949,2010,"{""type"":""MultiPoint"",""coordinates"":[]}"
20100719,2010-07-19,199,7,19.880978145890246,2010,"{""type"":""MultiPoint"",""coordinates"":[]}"
20100720,2010-07-20,200,7,0.8844923946639764,2010,"{""type"":""MultiPoint"",""coordinates"":[]}"
20100721,2010-07-21,201,7,0.0653932359483507,2010,"{""type"":""MultiPoint"",""coordinates"":[]}"
20100722,2010-07-22,202,7,33.01019111296332,2010,"{""type"":""MultiPoint"",""coordinates"":[]}"
20100723,2010-07-23,203,7,18.409404770882677,2010,"{""type"":""MultiPoint"",""coordinates"":[]}"
20100724,2010-07-24,204,7,22.84614511271897,2010,"{""type"":""MultiPoint"",""coordinates"":[]}"
20100725,2010-07-25,205,7,6.132013749311313,2010,"{""type"":""MultiPoint"",""coordinates"":[]}"
20100726,2010-07-26,206,7,8.937047534707656,2010,"{""type"":""MultiPoint"",""coordinates"":[]}"
20100727,2010-07-27,207,7,2.174777530825806,2010,"{""type"":""MultiPoint"",""coordinates"":[]}"
20100728,2010-07-28,208,7,0.0,2010,"{""type"":""MultiPoint"",""coordinates"":[]}"
20100729,2010-07-29,209,7,0.0,2010,"{""type"":""MultiPoint"",""coordinates"":[]}"
20100730,2010-07-30,210,7,18.192117875012865,2010,"{""type"":""MultiPoint"",""coordinates"":[]}"
20100731,2010-07-31,211,7,10.619943624535372,2010,"{""type"":""MultiPoint"",""coordinates"":[]}"
20100801,2010-08-01,212,8,0.0,2010,"{""type"":""MultiPoint"",""coordinates"":[]}"
20100802,2010-08-02,213,8,14.371522414799985,2010,"{""type"":""MultiPoint"",""coordinates"":[]}"
20100803,2010-08-03,214,8,0.043756364571927775,2010,"{""type"":""MultiPoint"",""coordinates"":[]}"
20100804,2010-08-04,215,8,1.1842183655950191,2010,"{""type"":""MultiPoint"",""coordinates"":[]}"
20100805,2010-08-05,216,8,11.365486621856691,2010,"{""type"":""MultiPoint"",""coordinates"":[]}"
20100806,2010-08-06,217,8,0.5781814338996117,2010,"{""type"":""MultiPoint"",""coordinates"":[]}"
20100807,2010-08-07,218,8,4.562507186792562,2010,"{""type"":""MultiPoint"",""coordinates"":[]}"
20100808,2010-08-08,219,8,9.622032980183182,2010,"{""type"":""MultiPoint"",""coordinates"":[]}"
20100809,2010-08-09,220,8,2.797574458251639,2010,"{""type"":""MultiPoint"",""coordinates"":[]}"
20100810,2010-08-10,221,8,1.7304336020771311,2010,"{""type"":""MultiPoint"",""coordinates"":[]}"
20100811,2010-08-11,222,8,0.3291632967152012,2010,"{""type"":""MultiPoint"",""coordinates"":[]}"
20100812,2010-08-12,223,8,7.042141227869496,2010,"{""type"":""MultiPoint"",""coordinates"":[]}"
20100813,2010-08-13,224,8,0.0,2010,"{""type"":""MultiPoint"",""coordinates"":[]}"
20100814,2010-08-14,225,8,8.23524011274592,2010,"{""type"":""MultiPoint"",""coordinates"":[]}"
20100815,2010-08-15,226,8,6.80571771229959,2010,"{""type"":""MultiPoint"",""coordinates"":[]}"
20100816,2010-08-16,227,8,8.512945765196674,2010,"{""type"":""MultiPoint"",""coordinates"":[]}"
20100817,2010-08-17,228,8,0.0,2010,"{""type"":""MultiPoint"",""coordinates"":[]}"
20100818,2010-08-18,229,8,9.787017532990083,2010,"{""type"":""MultiPoint"",""coordinates"":[]}"
20100819,2010-08-19,230,8,9.244009689709578,2010,"{""type"":""MultiPoint"",""coordinates"":[]}"
20100820,2010-08-20,231,8,0.0,2010,"{""type"":""MultiPoint"",""coordinates"":[]}"
20100821,2010-08-21,232,8,4.336914063916628,2010,"{""type"":""MultiPoint"",""coordinates"":[]}"
20100822,2010-08-22,233,8,12.392481427826391,2010,"{""type"":""MultiPoint"",""coordinates"":[]}"
20100823,2010-08-23,234,8,0.16326906242378159,2010,"{""type"":""MultiPoint"",""coordinates"":[]}"
20100824,2010-08-24,235,8,9.883857044991371,2010,"{""type"":""MultiPoint"",""coordinates"":[]}"
20100825,2010-08-25,236,8,0.0,2010,"{""type"":""MultiPoint"",""coordinates"":[]}"
20100826,2010-08-26,237,8,19.959610680066184,2010,"{""type"":""MultiPoint"",""coordinates"":[]}"
20100827,2010-08-27,238,8,11.33180019666143,2010,"{""type"":""MultiPoint"",""coordinates"":[]}"
20100828,2010-08-28,239,8,0.0,2010,"{""type"":""MultiPoint"",""coordinates"":[]}"
20100829,2010-08-29,240,8,3.8452566225804015,2010,"{""type"":""MultiPoint"",""coordinates"":[]}"
20100830,2010-08-30,241,8,10.146765192515025,2010,"{""type"":""MultiPoint"",""coordinates"":[]}"
20100831,2010-08-31,242,8,3.8279843639208324,2010,"{""type"":""MultiPoint"",""coordinates"":[]}"
20100901,2010-09-01,243,9,9.489789968293406,2010,"{""type"":""MultiPoint"",""coordinates"":[]}"
20100902,2010-09-02,244,9,4.455047243348346,2010,"{""type"":""MultiPoint"",""coordinates"":[]}"
20100903,2010-09-03,245,9,4.744097800036661,2010,"{""type"":""MultiPoint"",""coordinates"":[]}"
20100904,2010-09-04,246,9,9.441032576830132,2010,"{""type"":""MultiPoint"",""coordinates"":[]}"
20100905,2010-09-05,247,9,6.464483908602072,2010,"{""type"":""MultiPoint"",""coordinates"":[]}"
20100906,2010-09-06,248,9,20.2123842960916,2010,"{""type"":""MultiPoint"",""coordinates"":[]}"
20100907,2010-09-07,249,9,0.4516044555028657,2010,"{""type"":""MultiPoint"",""coordinates"":[]}"
20100908,2010-09-08,250,9,0.0,2010,"{""type"":""MultiPoint"",""coordinates"":[]}"
20100909,2010-09-09,251,9,0.7145150203141961,2010,"{""type"":""MultiPoint"",""coordinates"":[]}"
20100910,2010-09-10,252,9,1.8861605175699805,2010,"{""type"":""MultiPoint"",""coordinates"":[]}"
20100911,2010-09-11,253,9,0.0,2010,"{""type"":""MultiPoint"",""coordinates"":[]}"
20100912,2010-09-12,254,9,0.0,2010,"{""type"":""MultiPoint"",""coordinates"":[]}"
20100913,2010-09-13,255,9,6.047487165413651,2010,"{""type"":""MultiPoint"",""coordinates"":[]}"
20100914,2010-09-14,256,9,2.5737514187969013,2010,"{""type"":""MultiPoint"",""coordinates"":[]}"
20100915,2010-09-15,257,9,3.3316263027723814,2010,"{""type"":""MultiPoint"",""coordinates"":[]}"
20100916,2010-09-16,258,9,6.74019419639317,2010,"{""type"":""MultiPoint"",""coordinates"":[]}"
20100917,2010-09-17,259,9,0.0,2010,"{""type"":""MultiPoint"",""coordinates"":[]}"
20100918,2010-09-18,260,9,3.160561177347598,2010,"{""type"":""MultiPoint"",""coordinates"":[]}"
20100919,2010-09-19,261,9,1.5994891763134838,2010,"{""type"":""MultiPoint"",""coordinates"":[]}"
20100920,2010-09-20,262,9,3.051223909342541,2010,"{""type"":""MultiPoint"",""coordinates"":[]}"
20100921,2010-09-21,263,9,0.7690900046888212,2010,"{""type"":""MultiPoint"",""coordinates"":[]}"
20100922,2010-09-22,264,9,4.150375555189181,2010,"{""type"":""MultiPoint"",""coordinates"":[]}"
20100923,2010-09-23,265,9,0.3101879707490555,2010,"{""type"":""MultiPoint"",""coordinates"":[]}"
20100924,2010-09-24,266,9,1.8518010805469618,2010,"{""type"":""MultiPoint"",""coordinates"":[]}"
20100925,2010-09-25,267,9,14.796685018216436,2010,"{""type"":""MultiPoint"",""coordinates"":[]}"
20100926,2010-09-26,268,9,0.22996709606014257,2010,"{""type"":""MultiPoint"",""coordinates"":[]}"
20100927,2010-09-27,269,9,0.0,2010,"{""type"":""MultiPoint"",""coordinates"":[]}"
20100928,2010-09-28,270,9,9.26349516183132,2010,"{""type"":""MultiPoint"",""coordinates"":[]}"
20100929,2010-09-29,271,9,0.0,2010,"{""type"":""MultiPoint"",""coordinates"":[]}"
20100930,2010-09-30,272,9,10.051591194698327,2010,"{""type"":""MultiPoint"",""coordinates"":[]}"
20101001,2010-10-01,273,10,1.2221007616030246,2010,"{""type"":""MultiPoint"",""coordinates"":[]}"
20101002,2010-10-02,274,10,0.0,2010,"{""type"":""MultiPoint"",""coordinates"":[]}"
20101003,2010-10-03,275,10,1.4476779869793193,2010,"{""type"":""MultiPoint"",""coordinates"":[]}"
20101004,2010-10-04,276,10,4.069278331340292,2010,"{""type"":""MultiPoint"",""coordinates"":[]}"
20101005,2010-10-05,277,10,8.266542463261056,2010,"{""type"":""MultiPoint"",""coordinates"":[]}"
20101006,2010-10-06,278,10,0.0,2010,"{""type"":""MultiPoint"",""coordinates"":[]}"
20101007,2010-10-07,279,10,0.0,2010,"{""type"":""MultiPoint"",""coordinates"":[]}"
20101008,2010-10-08,280,10,5.264100940894741,2010,"{""type"":""MultiPoint"",""coordinates"":[]}"
20101009,2010-10-09,281,10,2.9887482147449123,2010,"{""type"":""MultiPoint"",""coordinates"":[]}"
20101010,2010-10-10,282,10,0.036284296223139334,2010,"{""type"":""MultiPoint"",""coordinates"":[]}"
20101011,2010-10-11,283,10,1.5734377712701941,2010,"{""type"":""MultiPoint"",""coordinates"":[]}"
20101012,2010-10-12,284,10,1.5734377712701941,2010,"{""type"":""MultiPoint"",""coordinates"":[]}"
20101013,2010-10-13,285,10,0.0,2010,"{""type"":""MultiPoint"",""coordinates"":[]}"
20101014,2010-10-14,286,10,0.0,2010,"{""type"":""MultiPoint"",""coordinates"":[]}"
20101015,2010-10-15,287,10,0.0,2010,"{""type"":""MultiPoint"",""coordinates"":[]}"
20101016,2010-10-16,288,10,0.0,2010,"{""type"":""MultiPoint"",""coordinates"":[]}"
20101017,2010-10-17,289,10,0.0,2010,"{""type"":""MultiPoint"",""coordinates"":[]}"
20101018,2010-10-18,290,10,0.0,2010,"{""type"":""MultiPoint"",""coordinates"":[]}"
20101019,2010-10-19,291,10,2.0909402113570907,2010,"{""type"":""MultiPoint"",""coordinates"":[]}"
20101020,2010-10-20,292,10,2.9548803733395785,2010,"{""type"":""MultiPoint"",""coordinates"":[]}"
20101021,2010-10-21,293,10,2.610718759446362,2010,"{""type"":""MultiPoint"",""coordinates"":[]}"
20101022,2010-10-22,294,10,0.22638643887000975,2010,"{""type"":""MultiPoint"",""coordinates"":[]}"
20101023,2010-10-23,295,10,0.1390422269551441,2010,"{""type"":""MultiPoint"",""coordinates"":[]}"
20101024,2010-10-24,296,10,0.0,2010,"{""type"":""MultiPoint"",""coordinates"":[]}"
20101025,2010-10-25,297,10,0.4169029602557746,2010,"{""type"":""MultiPoint"",""coordinates"":[]}"
20101026,2010-10-26,298,10,0.0,2010,"{""type"":""MultiPoint"",""coordinates"":[]}"
20101027,2010-10-27,299,10,0.010422096710012417,2010,"{""type"":""MultiPoint"",""coordinates"":[]}"
20101028,2010-10-28,300,10,0.0,2010,"{""type"":""MultiPoint"",""coordinates"":[]}"
20101029,2010-10-29,301,10,0.0,2010,"{""type"":""MultiPoint"",""coordinates"":[]}"
20101030,2010-10-30,302,10,0.17395515927325902,2010,"{""type"":""MultiPoint"",""coordinates"":[]}"
20101031,2010-10-31,303,10,0.04712219258586258,2010,"{""type"":""MultiPoint"",""coordinates"":[]}"
20101101,2010-11-01,304,11,0.0,2010,"{""type"":""MultiPoint"",""coordinates"":[]}"
20101102,2010-11-02,305,11,0.0,2010,"{""type"":""MultiPoint"",""coordinates"":[]}"
20101103,2010-11-03,306,11,0.0,2010,"{""type"":""MultiPoint"",""coordinates"":[]}"
20101104,2010-11-04,307,11,0.0,2010,"{""type"":""MultiPoint"",""coordinates"":[]}"
20101105,2010-11-05,308,11,0.0,2010,"{""type"":""MultiPoint"",""coordinates"":[]}"
20101106,2010-11-06,309,11,0.0,2010,"{""type"":""MultiPoint"",""coordinates"":[]}"
20101107,2010-11-07,310,11,0.0,2010,"{""type"":""MultiPoint"",""coordinates"":[]}"
20101108,2010-11-08,311,11,0.0,2010,"{""type"":""MultiPoint"",""coordinates"":[]}"
20101109,2010-11-09,312,11,0.0,2010,"{""type"":""MultiPoint"",""coordinates"":[]}"
20101110,2010-11-10,313,11,0.0,2010,"{""type"":""MultiPoint"",""coordinates"":[]}"
20101111,2010-11-11,314,11,0.0,2010,"{""type"":""MultiPoint"",""coordinates"":[]}"
20101112,2010-11-12,315,11,0.0,2010,"{""type"":""MultiPoint"",""coordinates"":[]}"
20101113,2010-11-13,316,11,0.0,2010,"{""type"":""MultiPoint"",""coordinates"":[]}"
20101114,2010-11-14,317,11,0.0,2010,"{""type"":""MultiPoint"",""coordinates"":[]}"
20101115,2010-11-15,318,11,0.0,2010,"{""type"":""MultiPoint"",""coordinates"":[]}"
20101116,2010-11-16,319,11,0.0,2010,"{""type"":""MultiPoint"",""coordinates"":[]}"
20101117,2010-11-17,320,11,5.56405069250049E-4,2010,"{""type"":""MultiPoint"",""coordinates"":[]}"
20101118,2010-11-18,321,11,0.0,2010,"{""type"":""MultiPoint"",""coordinates"":[]}"
20101119,2010-11-19,322,11,0.0,2010,"{""type"":""MultiPoint"",""coordinates"":[]}"
20101120,2010-11-20,323,11,0.0,2010,"{""type"":""MultiPoint"",""coordinates"":[]}"
20101121,2010-11-21,324,11,0.0,2010,"{""type"":""MultiPoint"",""coordinates"":[]}"
20101122,2010-11-22,325,11,0.0014912885252711344,2010,"{""type"":""MultiPoint"",""coordinates"":[]}"
20101123,2010-11-23,326,11,0.0,2010,"{""type"":""MultiPoint"",""coordinates"":[]}"
20101124,2010-11-24,327,11,0.0,2010,"{""type"":""MultiPoint"",""coordinates"":[]}"
20101125,2010-11-25,328,11,0.0,2010,"{""type"":""MultiPoint"",""coordinates"":[]}"
20101126,2010-11-26,329,11,0.0,2010,"{""type"":""MultiPoint"",""coordinates"":[]}"
20101127,2010-11-27,330,11,0.0,2010,"{""type"":""MultiPoint"",""coordinates"":[]}"
20101128,2010-11-28,331,11,0.0,2010,"{""type"":""MultiPoint"",""coordinates"":[]}"
20101129,2010-11-29,332,11,0.0,2010,"{""type"":""MultiPoint"",""coordinates"":[]}"
20101130,2010-11-30,333,11,0.0,2010,"{""type"":""MultiPoint"",""coordinates"":[]}"
20101201,2010-12-01,334,12,0.0,2010,"{""type"":""MultiPoint"",""coordinates"":[]}"
20101202,2010-12-02,335,12,0.0,2010,"{""type"":""MultiPoint"",""coordinates"":[]}"
20101203,2010-12-03,336,12,0.0,2010,"{""type"":""MultiPoint"",""coordinates"":[]}"
20101204,2010-12-04,337,12,0.029159161325113966,2010,"{""type"":""MultiPoint"",""coordinates"":[]}"
20101205,2010-12-05,338,12,0.0,2010,"{""type"":""MultiPoint"",""coordinates"":[]}"
20101206,2010-12-06,339,12,0.0,2010,"{""type"":""MultiPoint"",""coordinates"":[]}"
20101207,2010-12-07,340,12,0.0,2010,"{""type"":""MultiPoint"",""coordinates"":[]}"
20101208,2010-12-08,341,12,0.0,2010,"{""type"":""MultiPoint"",""coordinates"":[]}"
20101209,2010-12-09,342,12,0.0,2010,"{""type"":""MultiPoint"",""coordinates"":[]}"
20101210,2010-12-10,343,12,0.0,2010,"{""type"":""MultiPoint"",""coordinates"":[]}"
20101211,2010-12-11,344,12,0.0,2010,"{""type"":""MultiPoint"",""coordinates"":[]}"
20101212,2010-12-12,345,12,0.0,2010,"{""type"":""MultiPoint"",""coordinates"":[]}"
20101213,2010-12-13,346,12,0.0,2010,"{""type"":""MultiPoint"",""coordinates"":[]}"
20101214,2010-12-14,347,12,0.0,2010,"{""type"":""MultiPoint"",""coordinates"":[]}"
20101215,2010-12-15,348,12,0.0,2010,"{""type"":""MultiPoint"",""coordinates"":[]}"
20101216,2010-12-16,349,12,0.0,2010,"{""type"":""MultiPoint"",""coordinates"":[]}"
20101217,2010-12-17,350,12,0.0,2010,"{""type"":""MultiPoint"",""coordinates"":[]}"
20101218,2010-12-18,351,12,0.0,2010,"{""type"":""MultiPoint"",""coordinates"":[]}"
20101219,2010-12-19,352,12,0.0,2010,"{""type"":""MultiPoint"",""coordinates"":[]}"
20101220,2010-12-20,353,12,0.0,2010,"{""type"":""MultiPoint"",""coordinates"":[]}"
20101221,2010-12-21,354,12,0.0,2010,"{""type"":""MultiPoint"",""coordinates"":[]}"
20101222,2010-12-22,355,12,0.0,2010,"{""type"":""MultiPoint"",""coordinates"":[]}"
20101223,2010-12-23,356,12,0.0,2010,"{""type"":""MultiPoint"",""coordinates"":[]}"
20101224,2010-12-24,357,12,0.0,2010,"{""type"":""MultiPoint"",""coordinates"":[]}"
20101225,2010-12-25,358,12,0.0,2010,"{""type"":""MultiPoint"",""coordinates"":[]}"
20101226,2010-12-26,359,12,0.0,2010,"{""type"":""MultiPoint"",""coordinates"":[]}"
20101227,2010-12-27,360,12,0.0,2010,"{""type"":""MultiPoint"",""coordinates"":[]}"
20101228,2010-12-28,361,12,0.0,2010,"{""type"":""MultiPoint"",""coordinates"":[]}"
20101229,2010-12-29,362,12,0.0,2010,"{""type"":""MultiPoint"",""coordinates"":[]}"
20101230,2010-12-30,363,12,0.0,2010,"{""type"":""MultiPoint"",""coordinates"":[]}"
20101231,2010-12-31,364,12,0.0,2010,"{""type"":""MultiPoint"",""coordinates"":[]}"
20110101,2011-01-01,0,1,0.0,2011,"{""type"":""MultiPoint"",""coordinates"":[]}"
20110102,2011-01-02,1,1,0.0,2011,"{""type"":""MultiPoint"",""coordinates"":[]}"
20110103,2011-01-03,2,1,0.0,2011,"{""type"":""MultiPoint"",""coordinates"":[]}"
20110104,2011-01-04,3,1,0.0,2011,"{""type"":""MultiPoint"",""coordinates"":[]}"
20110105,2011-01-05,4,1,0.0,2011,"{""type"":""MultiPoint"",""coordinates"":[]}"
20110106,2011-01-06,5,1,0.0,2011,"{""type"":""MultiPoint"",""coordinates"":[]}"
20110107,2011-01-07,6,1,0.0,2011,"{""type"":""MultiPoint"",""coordinates"":[]}"
20110108,2011-01-08,7,1,0.0,2011,"{""type"":""MultiPoint"",""coordinates"":[]}"
20110109,2011-01-09,8,1,0.0,2011,"{""type"":""MultiPoint"",""coordinates"":[]}"
20110110,2011-01-10,9,1,0.0,2011,"{""type"":""MultiPoint"",""coordinates"":[]}"
20110111,2011-01-11,10,1,0.0,2011,"{""type"":""MultiPoint"",""coordinates"":[]}"
20110112,2011-01-12,11,1,0.0,2011,"{""type"":""MultiPoint"",""coordinates"":[]}"
20110113,2011-01-13,12,1,0.0,2011,"{""type"":""MultiPoint"",""coordinates"":[]}"
20110114,2011-01-14,13,1,0.0,2011,"{""type"":""MultiPoint"",""coordinates"":[]}"
20110115,2011-01-15,14,1,0.0,2011,"{""type"":""MultiPoint"",""coordinates"":[]}"
20110116,2011-01-16,15,1,0.0,2011,"{""type"":""MultiPoint"",""coordinates"":[]}"
20110117,2011-01-17,16,1,0.0,2011,"{""type"":""MultiPoint"",""coordinates"":[]}"
20110118,2011-01-18,17,1,0.0,2011,"{""type"":""MultiPoint"",""coordinates"":[]}"
20110119,2011-01-19,18,1,0.0,2011,"{""type"":""MultiPoint"",""coordinates"":[]}"
20110120,2011-01-20,19,1,0.0,2011,"{""type"":""MultiPoint"",""coordinates"":[]}"
20110121,2011-01-21,20,1,0.0,2011,"{""type"":""MultiPoint"",""coordinates"":[]}"
20110122,2011-01-22,21,1,0.0,2011,"{""type"":""MultiPoint"",""coordinates"":[]}"
20110123,2011-01-23,22,1,0.0,2011,"{""type"":""MultiPoint"",""coordinates"":[]}"
20110124,2011-01-24,23,1,0.0,2011,"{""type"":""MultiPoint"",""coordinates"":[]}"
20110125,2011-01-25,24,1,0.0,2011,"{""type"":""MultiPoint"",""coordinates"":[]}"
20110126,2011-01-26,25,1,0.0,2011,"{""type"":""MultiPoint"",""coordinates"":[]}"
20110127,2011-01-27,26,1,0.0,2011,"{""type"":""MultiPoint"",""coordinates"":[]}"
20110128,2011-01-28,27,1,0.0,2011,"{""type"":""MultiPoint"",""coordinates"":[]}"
20110129,2011-01-29,28,1,0.0,2011,"{""type"":""MultiPoint"",""coordinates"":[]}"
20110130,2011-01-30,29,1,0.0,2011,"{""type"":""MultiPoint"",""coordinates"":[]}"
20110131,2011-01-31,30,1,0.0,2011,"{""type"":""MultiPoint"",""coordinates"":[]}"
20110201,2011-02-01,31,2,0.0,2011,"{""type"":""MultiPoint"",""coordinates"":[]}"
20110202,2011-02-02,32,2,0.0,2011,"{""type"":""MultiPoint"",""coordinates"":[]}"
20110203,2011-02-03,33,2,0.0,2011,"{""type"":""MultiPoint"",""coordinates"":[]}"
20110204,2011-02-04,34,2,0.0,2011,"{""type"":""MultiPoint"",""coordinates"":[]}"
20110205,2011-02-05,35,2,0.0,2011,"{""type"":""MultiPoint"",""coordinates"":[]}"
20110206,2011-02-06,36,2,0.0,2011,"{""type"":""MultiPoint"",""coordinates"":[]}"
20110207,2011-02-07,37,2,0.0,2011,"{""type"":""MultiPoint"",""coordinates"":[]}"
20110208,2011-02-08,38,2,0.0,2011,"{""type"":""MultiPoint"",""coordinates"":[]}"
20110209,2011-02-09,39,2,0.0,2011,"{""type"":""MultiPoint"",""coordinates"":[]}"
20110210,2011-02-10,40,2,0.0,2011,"{""type"":""MultiPoint"",""coordinates"":[]}"
20110211,2011-02-11,41,2,0.0,2011,"{""type"":""MultiPoint"",""coordinates"":[]}"
20110212,2011-02-12,42,2,0.0,2011,"{""type"":""MultiPoint"",""coordinates"":[]}"
20110213,2011-02-13,43,2,0.0,2011,"{""type"":""MultiPoint"",""coordinates"":[]}"
20110214,2011-02-14,44,2,0.0,2011,"{""type"":""MultiPoint"",""coordinates"":[]}"
20110215,2011-02-15,45,2,0.0,2011,"{""type"":""MultiPoint"",""coordinates"":[]}"
20110216,2011-02-16,46,2,4.648280181837353E-5,2011,"{""type"":""MultiPoint"",""coordinates"":[]}"
20110217,2011-02-17,47,2,0.0,2011,"{""type"":""MultiPoint"",""coordinates"":[]}"
20110218,2011-02-18,48,2,0.0,2011,"{""type"":""MultiPoint"",""coordinates"":[]}"
20110219,2011-02-19,49,2,0.0,2011,"{""type"":""MultiPoint"",""coordinates"":[]}"
20110220,2011-02-20,50,2,0.0,2011,"{""type"":""MultiPoint"",""coordinates"":[]}"
20110221,2011-02-21,51,2,0.0,2011,"{""type"":""MultiPoint"",""coordinates"":[]}"
20110222,2011-02-22,52,2,0.0,2011,"{""type"":""MultiPoint"",""coordinates"":[]}"
20110223,2011-02-23,53,2,0.0,2011,"{""type"":""MultiPoint"",""coordinates"":[]}"
20110224,2011-02-24,54,2,0.0,2011,"{""type"":""MultiPoint"",""coordinates"":[]}"
20110225,2011-02-25,55,2,0.0,2011,"{""type"":""MultiPoint"",""coordinates"":[]}"
20110226,2011-02-26,56,2,0.0,2011,"{""type"":""MultiPoint"",""coordinates"":[]}"
20110227,2011-02-27,57,2,0.0,2011,"{""type"":""MultiPoint"",""coordinates"":[]}"
20110228,2011-02-28,58,2,5.759664180904928E-4,2011,"{""type"":""MultiPoint"",""coordinates"":[]}"
20110301,2011-03-01,59,3,0.0,2011,"{""type"":""MultiPoint"",""coordinates"":[]}"
20110302,2011-03-02,60,3,0.02884676663134842,2011,"{""type"":""MultiPoint"",""coordinates"":[]}"
20110303,2011-03-03,61,3,0.0,2011,"{""type"":""MultiPoint"",""coordinates"":[]}"
20110304,2011-03-04,62,3,0.0,2011,"{""type"":""MultiPoint"",""coordinates"":[]}"
20110305,2011-03-05,63,3,0.0,2011,"{""type"":""MultiPoint"",""coordinates"":[]}"
20110306,2011-03-06,64,3,0.0,2011,"{""type"":""MultiPoint"",""coordinates"":[]}"
20110307,2011-03-07,65,3,0.0,2011,"{""type"":""MultiPoint"",""coordinates"":[]}"
20110308,2011-03-08,66,3,0.0,2011,"{""type"":""MultiPoint"",""coordinates"":[]}"
20110309,2011-03-09,67,3,0.0,2011,"{""type"":""MultiPoint"",""coordinates"":[]}"
20110310,2011-03-10,68,3,0.0,2011,"{""type"":""MultiPoint"",""coordinates"":[]}"
20110311,2011-03-11,69,3,0.0,2011,"{""type"":""MultiPoint"",""coordinates"":[]}"
20110312,2011-03-12,70,3,0.0,2011,"{""type"":""MultiPoint"",""coordinates"":[]}"
20110313,2011-03-13,71,3,0.0,2011,"{""type"":""MultiPoint"",""coordinates"":[]}"
20110314,2011-03-14,72,3,0.0,2011,"{""type"":""MultiPoint"",""coordinates"":[]}"
20110315,2011-03-15,73,3,0.0,2011,"{""type"":""MultiPoint"",""coordinates"":[]}"
20110316,2011-03-16,74,3,0.0,2011,"{""type"":""MultiPoint"",""coordinates"":[]}"
20110317,2011-03-17,75,3,0.0,2011,"{""type"":""MultiPoint"",""coordinates"":[]}"
20110318,2011-03-18,76,3,0.0,2011,"{""type"":""MultiPoint"",""coordinates"":[]}"
20110319,2011-03-19,77,3,0.0,2011,"{""type"":""MultiPoint"",""coordinates"":[]}"
20110320,2011-03-20,78,3,0.0,2011,"{""type"":""MultiPoint"",""coordinates"":[]}"
20110321,2011-03-21,79,3,0.09118986126219171,2011,"{""type"":""MultiPoint"",""coordinates"":[]}"
20110322,2011-03-22,80,3,0.0,2011,"{""type"":""MultiPoint"",""coordinates"":[]}"
20110323,2011-03-23,81,3,0.0,2011,"{""type"":""MultiPoint"",""coordinates"":[]}"
20110324,2011-03-24,82,3,0.0,2011,"{""type"":""MultiPoint"",""coordinates"":[]}"
20110325,2011-03-25,83,3,0.12730723167320457,2011,"{""type"":""MultiPoint"",""coordinates"":[]}"
20110326,2011-03-26,84,3,0.0,2011,"{""type"":""MultiPoint"",""coordinates"":[]}"
20110327,2011-03-27,85,3,0.0,2011,"{""type"":""MultiPoint"",""coordinates"":[]}"
20110328,2011-03-28,86,3,0.0,2011,"{""type"":""MultiPoint"",""coordinates"":[]}"
20110329,2011-03-29,87,3,0.0,2011,"{""type"":""MultiPoint"",""coordinates"":[]}"
20110330,2011-03-30,88,3,0.0,2011,"{""type"":""MultiPoint"",""coordinates"":[]}"
20110331,2011-03-31,89,3,0.08504192069819196,2011,"{""type"":""MultiPoint"",""coordinates"":[]}"
20110401,2011-04-01,90,4,0.0,2011,"{""type"":""MultiPoint"",""coordinates"":[]}"
20110402,2011-04-02,91,4,0.1311475047441397,2011,"{""type"":""MultiPoint"",""coordinates"":[]}"
20110403,2011-04-03,92,4,0.0,2011,"{""type"":""MultiPoint"",""coordinates"":[]}"
20110404,2011-04-04,93,4,0.0,2011,"{""type"":""MultiPoint"",""coordinates"":[]}"
20110405,2011-04-05,94,4,0.0,2011,"{""type"":""MultiPoint"",""coordinates"":[]}"
20110406,2011-04-06,95,4,0.0,2011,"{""type"":""MultiPoint"",""coordinates"":[]}"
20110407,2011-04-07,96,4,0.0,2011,"{""type"":""MultiPoint"",""coordinates"":[]}"
20110408,2011-04-08,97,4,0.0,2011,"{""type"":""MultiPoint"",""coordinates"":[]}"
20110409,2011-04-09,98,4,0.0,2011,"{""type"":""MultiPoint"",""coordinates"":[]}"
20110410,2011-04-10,99,4,0.0,2011,"{""type"":""MultiPoint"",""coordinates"":[]}"
20110411,2011-04-11,100,4,0.13982626447514226,2011,"{""type"":""MultiPoint"",""coordinates"":[]}"
20110412,2011-04-12,101,4,0.0,2011,"{""type"":""MultiPoint"",""coordinates"":[]}"
20110413,2011-04-13,102,4,0.0,2011,"{""type"":""MultiPoint"",""coordinates"":[]}"
20110414,2011-04-14,103,4,0.0,2011,"{""type"":""MultiPoint"",""coordinates"":[]}"
20110415,2011-04-15,104,4,0.0,2011,"{""type"":""MultiPoint"",""coordinates"":[]}"
20110416,2011-04-16,105,4,0.0,2011,"{""type"":""MultiPoint"",""coordinates"":[]}"
20110417,2011-04-17,106,4,0.0,2011,"{""type"":""MultiPoint"",""coordinates"":[]}"
20110418,2011-04-18,107,4,0.0,2011,"{""type"":""MultiPoint"",""coordinates"":[]}"
20110419,2011-04-19,108,4,0.0,2011,"{""type"":""MultiPoint"",""coordinates"":[]}"
20110420,2011-04-20,109,4,0.0,2011,"{""type"":""MultiPoint"",""coordinates"":[]}"
20110421,2011-04-21,110,4,0.0,2011,"{""type"":""MultiPoint"",""coordinates"":[]}"
20110422,2011-04-22,111,4,0.312084389667885,2011,"{""type"":""MultiPoint"",""coordinates"":[]}"
20110423,2011-04-23,112,4,0.0,2011,"{""type"":""MultiPoint"",""coordinates"":[]}"
20110424,2011-04-24,113,4,0.0,2011,"{""type"":""MultiPoint"",""coordinates"":[]}"
20110425,2011-04-25,114,4,0.18928335301591326,2011,"{""type"":""MultiPoint"",""coordinates"":[]}"
20110426,2011-04-26,115,4,0.47960410086937205,2011,"{""type"":""MultiPoint"",""coordinates"":[]}"
20110427,2011-04-27,116,4,0.0,2011,"{""type"":""MultiPoint"",""coordinates"":[]}"
20110428,2011-04-28,117,4,0.37630125340151765,2011,"{""type"":""MultiPoint"",""coordinates"":[]}"
20110429,2011-04-29,118,4,0.0,2011,"{""type"":""MultiPoint"",""coordinates"":[]}"
20110430,2011-04-30,119,4,1.1606254078747378,2011,"{""type"":""MultiPoint"",""coordinates"":[]}"
20110501,2011-05-01,120,5,0.3649929933298647,2011,"{""type"":""MultiPoint"",""coordinates"":[]}"
20110502,2011-05-02,121,5,7.097061659279707E-4,2011,"{""type"":""MultiPoint"",""coordinates"":[]}"
20110503,2011-05-03,122,5,0.0,2011,"{""type"":""MultiPoint"",""coordinates"":[]}"
20110504,2011-05-04,123,5,0.0,2011,"{""type"":""MultiPoint"",""coordinates"":[]}"
20110505,2011-05-05,124,5,0.0,2011,"{""type"":""MultiPoint"",""coordinates"":[]}"
20110506,2011-05-06,125,5,0.0,2011,"{""type"":""MultiPoint"",""coordinates"":[]}"
20110507,2011-05-07,126,5,1.086887218452109,2011,"{""type"":""MultiPoint"",""coordinates"":[]}"
20110508,2011-05-08,127,5,4.031427057551071,2011,"{""type"":""MultiPoint"",""coordinates"":[]}"
20110509,2011-05-09,128,5,0.0,2011,"{""type"":""MultiPoint"",""coordinates"":[]}"
20110510,2011-05-10,129,5,3.7815930945114413,2011,"{""type"":""MultiPoint"",""coordinates"":[]}"
20110511,2011-05-11,130,5,0.0,2011,"{""type"":""MultiPoint"",""coordinates"":[]}"
20110512,2011-05-12,131,5,0.0,2011,"{""type"":""MultiPoint"",""coordinates"":[]}"
20110513,2011-05-13,132,5,0.0,2011,"{""type"":""MultiPoint"",""coordinates"":[]}"
20110514,2011-05-14,133,5,0.0,2011,"{""type"":""MultiPoint"",""coordinates"":[]}"
20110515,2011-05-15,134,5,0.0,2011,"{""type"":""MultiPoint"",""coordinates"":[]}"
20110516,2011-05-16,135,5,0.05027156165151885,2011,"{""type"":""MultiPoint"",""coordinates"":[]}"
20110517,2011-05-17,136,5,0.0,2011,"{""type"":""MultiPoint"",""coordinates"":[]}"
20110518,2011-05-18,137,5,0.6975739580212217,2011,"{""type"":""MultiPoint"",""coordinates"":[]}"
20110519,2011-05-19,138,5,0.0,2011,"{""type"":""MultiPoint"",""coordinates"":[]}"
20110520,2011-05-20,139,5,0.0,2011,"{""type"":""MultiPoint"",""coordinates"":[]}"
20110521,2011-05-21,140,5,0.0,2011,"{""type"":""MultiPoint"",""coordinates"":[]}"
20110522,2011-05-22,141,5,0.0,2011,"{""type"":""MultiPoint"",""coordinates"":[]}"
20110523,2011-05-23,142,5,0.0,2011,"{""type"":""MultiPoint"",""coordinates"":[]}"
20110524,2011-05-24,143,5,0.3540767627934414,2011,"{""type"":""MultiPoint"",""coordinates"":[]}"
20110525,2011-05-25,144,5,10.06683737907251,2011,"{""type"":""MultiPoint"",""coordinates"":[]}"
20110526,2011-05-26,145,5,1.170027853262545,2011,"{""type"":""MultiPoint"",""coordinates"":[]}"
20110527,2011-05-27,146,5,1.5375672739598982,2011,"{""type"":""MultiPoint"",""coordinates"":[]}"
20110528,2011-05-28,147,5,3.4603304548956757,2011,"{""type"":""MultiPoint"",""coordinates"":[]}"
20110529,2011-05-29,148,5,0.0,2011,"{""type"":""MultiPoint"",""coordinates"":[]}"
20110530,2011-05-30,149,5,2.739737582268113,2011,"{""type"":""MultiPoint"",""coordinates"":[]}"
20110531,2011-05-31,150,5,4.7717353065171135,2011,"{""type"":""MultiPoint"",""coordinates"":[]}"
20110601,2011-06-01,151,6,0.0,2011,"{""type"":""MultiPoint"",""coordinates"":[]}"
20110602,2011-06-02,152,6,0.20304700406996848,2011,"{""type"":""MultiPoint"",""coordinates"":[]}"
20110603,2011-06-03,153,6,5.724644451430352,2011,"{""type"":""MultiPoint"",""coordinates"":[]}"
20110604,2011-06-04,154,6,1.1920044492981086,2011,"{""type"":""MultiPoint"",""coordinates"":[]}"
20110605,2011-06-05,155,6,4.948641753333656,2011,"{""type"":""MultiPoint"",""coordinates"":[]}"
20110606,2011-06-06,156,6,6.3793130532942985,2011,"{""type"":""MultiPoint"",""coordinates"":[]}"
20110607,2011-06-07,157,6,1.0987463209458592,2011,"{""type"":""MultiPoint"",""coordinates"":[]}"
20110608,2011-06-08,158,6,0.2786394703102527,2011,"{""type"":""MultiPoint"",""coordinates"":[]}"
20110609,2011-06-09,159,6,10.445080617650424,2011,"{""type"":""MultiPoint"",""coordinates"":[]}"
20110610,2011-06-10,160,6,2.7594908502555686,2011,"{""type"":""MultiPoint"",""coordinates"":[]}"
20110611,2011-06-11,161,6,8.52627547572546,2011,"{""type"":""MultiPoint"",""coordinates"":[]}"
20110612,2011-06-12,162,6,7.952050692776827,2011,"{""type"":""MultiPoint"",""coordinates"":[]}"
20110613,2011-06-13,163,6,0.0,2011,"{""type"":""MultiPoint"",""coordinates"":[]}"
20110614,2011-06-14,164,6,6.2404238266339505,2011,"{""type"":""MultiPoint"",""coordinates"":[]}"
20110615,2011-06-15,165,6,1.1097356033551855,2011,"{""type"":""MultiPoint"",""coordinates"":[]}"
20110616,2011-06-16,166,6,0.13793061071869217,2011,"{""type"":""MultiPoint"",""coordinates"":[]}"
20110617,2011-06-17,167,6,15.86086983150906,2011,"{""type"":""MultiPoint"",""coordinates"":[]}"
20110618,2011-06-18,168,6,4.413236509622689,2011,"{""type"":""MultiPoint"",""coordinates"":[]}"
20110619,2011-06-19,169,6,3.0401307526945627,2011,"{""type"":""MultiPoint"",""coordinates"":[]}"
20110620,2011-06-20,170,6,17.091308018409944,2011,"{""type"":""MultiPoint"",""coordinates"":[]}"
20110621,2011-06-21,171,6,1.6732276179668195,2011,"{""type"":""MultiPoint"",""coordinates"":[]}"
20110622,2011-06-22,172,6,7.782184706227239,2011,"{""type"":""MultiPoint"",""coordinates"":[]}"
20110623,2011-06-23,173,6,0.0,2011,"{""type"":""MultiPoint"",""coordinates"":[]}"
20110624,2011-06-24,174,6,10.531253748021284,2011,"{""type"":""MultiPoint"",""coordinates"":[]}"
20110625,2011-06-25,175,6,0.8149512692899321,2011,"{""type"":""MultiPoint"",""coordinates"":[]}"
20110626,2011-06-26,176,6,0.15083901077998843,2011,"{""type"":""MultiPoint"",""coordinates"":[]}"
20110627,2011-06-27,177,6,15.48020082512665,2011,"{""type"":""MultiPoint"",""coordinates"":[]}"
20110628,2011-06-28,178,6,0.9837198207392082,2011,"{""type"":""MultiPoint"",""coordinates"":[]}"
20110629,2011-06-29,179,6,0.0,2011,"{""type"":""MultiPoint"",""coordinates"":[]}"
20110630,2011-06-30,180,6,0.0,2011,"{""type"":""MultiPoint"",""coordinates"":[]}"
20110701,2011-07-01,181,7,4.481518793493291,2011,"{""type"":""MultiPoint"",""coordinates"":[]}"
20110702,2011-07-02,182,7,16.94044529043535,2011,"{""type"":""MultiPoint"",""coordinates"":[]}"
20110703,2011-07-03,183,7,0.0,2011,"{""type"":""MultiPoint"",""coordinates"":[]}"
20110704,2011-07-04,184,7,17.38067724889376,2011,"{""type"":""MultiPoint"",""coordinates"":[]}"
20110705,2011-07-05,185,7,0.0,2011,"{""type"":""MultiPoint"",""coordinates"":[]}"
20110706,2011-07-06,186,7,0.0,2011,"{""type"":""MultiPoint"",""coordinates"":[]}"
20110707,2011-07-07,187,7,12.340573556778764,2011,"{""type"":""MultiPoint"",""coordinates"":[]}"
20110708,2011-07-08,188,7,0.0,2011,"{""type"":""MultiPoint"",""coordinates"":[]}"
20110709,2011-07-09,189,7,0.09941766502409081,2011,"{""type"":""MultiPoint"",""coordinates"":[]}"
20110710,2011-07-10,190,7,9.842182806161967,2011,"{""type"":""MultiPoint"",""coordinates"":[]}"
20110711,2011-07-11,191,7,0.7854765354465508,2011,"{""type"":""MultiPoint"",""coordinates"":[]}"
20110712,2011-07-12,192,7,0.0,2011,"{""type"":""MultiPoint"",""coordinates"":[]}"
20110713,2011-07-13,193,7,0.2280037589629444,2011,"{""type"":""MultiPoint"",""coordinates"":[]}"
20110714,2011-07-14,194,7,3.4694748221352256,2011,"{""type"":""MultiPoint"",""coordinates"":[]}"
20110715,2011-07-15,195,7,18.641902710900823,2011,"{""type"":""MultiPoint"",""coordinates"":[]}"
20110716,2011-07-16,196,7,14.337902597966442,2011,"{""type"":""MultiPoint"",""coordinates"":[]}"
20110717,2011-07-17,197,7,0.0,2011,"{""type"":""MultiPoint"",""coordinates"":[]}"
20110718,2011-07-18,198,7,0.0,2011,"{""type"":""MultiPoint"",""coordinates"":[]}"
20110719,2011-07-19,199,7,1.2036605039476806,2011,"{""type"":""MultiPoint"",""coordinates"":[]}"
20110720,2011-07-20,200,7,8.300903416926564,2011,"{""type"":""MultiPoint"",""coordinates"":[]}"
20110721,2011-07-21,201,7,5.170909439225932,2011,"{""type"":""MultiPoint"",""coordinates"":[]}"
20110722,2011-07-22,202,7,0.05203398838447424,2011,"{""type"":""MultiPoint"",""coordinates"":[]}"
20110723,2011-07-23,203,7,4.781728224131961,2011,"{""type"":""MultiPoint"",""coordinates"":[]}"
20110724,2011-07-24,204,7,4.0608125807247815,2011,"{""type"":""MultiPoint"",""coordinates"":[]}"
20110725,2011-07-25,205,7,4.4970387145537485,2011,"{""type"":""MultiPoint"",""coordinates"":[]}"
20110726,2011-07-26,206,7,0.0,2011,"{""type"":""MultiPoint"",""coordinates"":[]}"
20110727,2011-07-27,207,7,8.641208764184086,2011,"{""type"":""MultiPoint"",""coordinates"":[]}"
20110728,2011-07-28,208,7,0.18154119977764055,2011,"{""type"":""MultiPoint"",""coordinates"":[]}"
20110729,2011-07-29,209,7,6.474135077478956,2011,"{""type"":""MultiPoint"",""coordinates"":[]}"
20110730,2011-07-30,210,7,0.0376976187523343,2011,"{""type"":""MultiPoint"",""coordinates"":[]}"
20110731,2011-07-31,211,7,0.0,2011,"{""type"":""MultiPoint"",""coordinates"":[]}"
20110801,2011-08-01,212,8,0.6110682090359599,2011,"{""type"":""MultiPoint"",""coordinates"":[]}"
20110802,2011-08-02,213,8,13.219879474704113,2011,"{""type"":""MultiPoint"",""coordinates"":[]}"
20110803,2011-08-03,214,8,0.0,2011,"{""type"":""MultiPoint"",""coordinates"":[]}"
20110804,2011-08-04,215,8,0.0,2011,"{""type"":""MultiPoint"",""coordinates"":[]}"
20110805,2011-08-05,216,8,13.05854363346081,2011,"{""type"":""MultiPoint"",""coordinates"":[]}"
20110806,2011-08-06,217,8,8.306860347388168,2011,"{""type"":""MultiPoint"",""coordinates"":[]}"
20110807,2011-08-07,218,8,5.48930472462549,2011,"{""type"":""MultiPoint"",""coordinates"":[]}"
20110808,2011-08-08,219,8,0.0,2011,"{""type"":""MultiPoint"",""coordinates"":[]}"
20110809,2011-08-09,220,8,0.5826430403848619,2011,"{""type"":""MultiPoint"",""coordinates"":[]}"
20110810,2011-08-10,221,8,14.745934808624927,2011,"{""type"":""MultiPoint"",""coordinates"":[]}"
20110811,2011-08-11,222,8,16.003632960637784,2011,"{""type"":""MultiPoint"",""coordinates"":[]}"
20110812,2011-08-12,223,8,11.222142244853886,2011,"{""type"":""MultiPoint"",""coordinates"":[]}"
20110813,2011-08-13,224,8,7.909236040132355,2011,"{""type"":""MultiPoint"",""coordinates"":[]}"
20110814,2011-08-14,225,8,10.773653390502478,2011,"{""type"":""MultiPoint"",""coordinates"":[]}"
20110815,2011-08-15,226,8,3.528408750162712,2011,"{""type"":""MultiPoint"",""coordinates"":[]}"
20110816,2011-08-16,227,8,2.7015451372531554,2011,"{""type"":""MultiPoint"",""coordinates"":[]}"
20110817,2011-08-17,228,8,25.598415412910388,2011,"{""type"":""MultiPoint"",""coordinates"":[]}"
20110818,2011-08-18,229,8,0.07095610975015043,2011,"{""type"":""MultiPoint"",""coordinates"":[]}"
20110819,2011-08-19,230,8,14.224800111279912,2011,"{""type"":""MultiPoint"",""coordinates"":[]}"
20110820,2011-08-20,231,8,14.173745488903265,2011,"{""type"":""MultiPoint"",""coordinates"":[]}"
20110821,2011-08-21,232,8,0.0,2011,"{""type"":""MultiPoint"",""coordinates"":[]}"
20110822,2011-08-22,233,8,10.529371614620505,2011,"{""type"":""MultiPoint"",""coordinates"":[]}"
20110823,2011-08-23,234,8,11.48776898579589,2011,"{""type"":""MultiPoint"",""coordinates"":[]}"
20110824,2011-08-24,235,8,0.245659544010355,2011,"{""type"":""MultiPoint"",""coordinates"":[]}"
20110825,2011-08-25,236,8,3.8071706090546713,2011,"{""type"":""MultiPoint"",""coordinates"":[]}"
20110826,2011-08-26,237,8,9.715639948301867,2011,"{""type"":""MultiPoint"",""coordinates"":[]}"
20110827,2011-08-27,238,8,4.975272899336047,2011,"{""type"":""MultiPoint"",""coordinates"":[]}"
20110828,2011-08-28,239,8,0.0,2011,"{""type"":""MultiPoint"",""coordinates"":[]}"
20110829,2011-08-29,240,8,13.070613571147344,2011,"{""type"":""MultiPoint"",""coordinates"":[]}"
20110830,2011-08-30,241,8,7.243078339569731,2011,"{""type"":""MultiPoint"",""coordinates"":[]}"
20110831,2011-08-31,242,8,5.552850872673687,2011,"{""type"":""MultiPoint"",""coordinates"":[]}"
20110901,2011-09-01,243,9,6.839844647953594,2011,"{""type"":""MultiPoint"",""coordinates"":[]}"
20110902,2011-09-02,244,9,5.808614485191578,2011,"{""type"":""MultiPoint"",""coordinates"":[]}"
20110903,2011-09-03,245,9,4.369734481812279,2011,"{""type"":""MultiPoint"",""coordinates"":[]}"
20110904,2011-09-04,246,9,10.459702330831256,2011,"{""type"":""MultiPoint"",""coordinates"":[]}"
20110905,2011-09-05,247,9,4.699846651700965,2011,"{""type"":""MultiPoint"",""coordinates"":[]}"
20110906,2011-09-06,248,9,0.0,2011,"{""type"":""MultiPoint"",""coordinates"":[]}"
20110907,2011-09-07,249,9,2.576189126513174,2011,"{""type"":""MultiPoint"",""coordinates"":[]}"
20110908,2011-09-08,250,9,6.440848601834801,2011,"{""type"":""MultiPoint"",""coordinates"":[]}"
20110909,2011-09-09,251,9,5.748764041202521,2011,"{""type"":""MultiPoint"",""coordinates"":[]}"
20110910,2011-09-10,252,9,1.8110021186314094,2011,"{""type"":""MultiPoint"",""coordinates"":[]}"
20110911,2011-09-11,253,9,7.769847762303721,2011,"{""type"":""MultiPoint"",""coordinates"":[]}"
20110912,2011-09-12,254,9,7.413951179064673,2011,"{""type"":""MultiPoint"",""coordinates"":[]}"
20110913,2011-09-13,255,9,9.304054100741535,2011,"{""type"":""MultiPoint"",""coordinates"":[]}"
20110914,2011-09-14,256,9,5.46299904179965,2011,"{""type"":""MultiPoint"",""coordinates"":[]}"
20110915,2011-09-15,257,9,0.0,2011,"{""type"":""MultiPoint"",""coordinates"":[]}"
20110916,2011-09-16,258,9,0.0,2011,"{""type"":""MultiPoint"",""coordinates"":[]}"
20110917,2011-09-17,259,9,0.0,2011,"{""type"":""MultiPoint"",""coordinates"":[]}"
20110918,2011-09-18,260,9,3.3932497742672347,2011,"{""type"":""MultiPoint"",""coordinates"":[]}"
20110919,2011-09-19,261,9,0.1819678957945381,2011,"{""type"":""MultiPoint"",""coordinates"":[]}"
20110920,2011-09-20,262,9,7.822030640517303,2011,"{""type"":""MultiPoint"",""coordinates"":[]}"
20110921,2011-09-21,263,9,0.7326072525520044,2011,"{""type"":""MultiPoint"",""coordinates"":[]}"
20110922,2011-09-22,264,9,5.655414674749088,2011,"{""type"":""MultiPoint"",""coordinates"":[]}"
20110923,2011-09-23,265,9,0.0,2011,"{""type"":""MultiPoint"",""coordinates"":[]}"
20110924,2011-09-24,266,9,0.0,2011,"{""type"":""MultiPoint"",""coordinates"":[]}"
20110925,2011-09-25,267,9,2.273418368479124,2011,"{""type"":""MultiPoint"",""coordinates"":[]}"
20110926,2011-09-26,268,9,4.1935315909397955E-4,2011,"{""type"":""MultiPoint"",""coordinates"":[]}"
20110927,2011-09-27,269,9,0.0,2011,"{""type"":""MultiPoint"",""coordinates"":[]}"
20110928,2011-09-28,270,9,5.362288405007951,2011,"{""type"":""MultiPoint"",""coordinates"":[]}"
20110929,2011-09-29,271,9,0.0,2011,"{""type"":""MultiPoint"",""coordinates"":[]}"
20110930,2011-09-30,272,9,0.0,2011,"{""type"":""MultiPoint"",""coordinates"":[]}"
20111001,2011-10-01,273,10,5.140747025735923E-4,2011,"{""type"":""MultiPoint"",""coordinates"":[]}"
20111002,2011-10-02,274,10,0.0,2011,"{""type"":""MultiPoint"",""coordinates"":[]}"
20111003,2011-10-03,275,10,2.7744172784356134,2011,"{""type"":""MultiPoint"",""coordinates"":[]}"
20111004,2011-10-04,276,10,1.3878316041336693,2011,"{""type"":""MultiPoint"",""coordinates"":[]}"
20111005,2011-10-05,277,10,0.0,2011,"{""type"":""MultiPoint"",""coordinates"":[]}"
20111006,2011-10-06,278,10,2.262803558973682,2011,"{""type"":""MultiPoint"",""coordinates"":[]}"
20111007,2011-10-07,279,10,0.9866030710384288,2011,"{""type"":""MultiPoint"",""coordinates"":[]}"
20111008,2011-10-08,280,10,0.0,2011,"{""type"":""MultiPoint"",""coordinates"":[]}"
20111009,2011-10-09,281,10,0.0,2011,"{""type"":""MultiPoint"",""coordinates"":[]}"
20111010,2011-10-10,282,10,0.0,2011,"{""type"":""MultiPoint"",""coordinates"":[]}"
20111011,2011-10-11,283,10,0.0,2011,"{""type"":""MultiPoint"",""coordinates"":[]}"
20111012,2011-10-12,284,10,0.05947587671410237,2011,"{""type"":""MultiPoint"",""coordinates"":[]}"
20111013,2011-10-13,285,10,0.02726657387289016,2011,"{""type"":""MultiPoint"",""coordinates"":[]}"
20111014,2011-10-14,286,10,0.0,2011,"{""type"":""MultiPoint"",""coordinates"":[]}"
20111015,2011-10-15,287,10,0.0,2011,"{""type"":""MultiPoint"",""coordinates"":[]}"
20111016,2011-10-16,288,10,0.2847211670169596,2011,"{""type"":""MultiPoint"",""coordinates"":[]}"
20111017,2011-10-17,289,10,2.2002798592390262,2011,"{""type"":""MultiPoint"",""coordinates"":[]}"
20111018,2011-10-18,290,10,0.0,2011,"{""type"":""MultiPoint"",""coordinates"":[]}"
20111019,2011-10-19,291,10,0.0913124439220047,2011,"{""type"":""MultiPoint"",""coordinates"":[]}"
20111020,2011-10-20,292,10,0.0,2011,"{""type"":""MultiPoint"",""coordinates"":[]}"
20111021,2011-10-21,293,10,1.3231787431308553,2011,"{""type"":""MultiPoint"",""coordinates"":[]}"
20111022,2011-10-22,294,10,0.08329644530663327,2011,"{""type"":""MultiPoint"",""coordinates"":[]}"
20111023,2011-10-23,295,10,0.0,2011,"{""type"":""MultiPoint"",""coordinates"":[]}"
20111024,2011-10-24,296,10,0.0,2011,"{""type"":""MultiPoint"",""coordinates"":[]}"
20111025,2011-10-25,297,10,0.0,2011,"{""type"":""MultiPoint"",""coordinates"":[]}"
20111026,2011-10-26,298,10,0.0,2011,"{""type"":""MultiPoint"",""coordinates"":[]}"
20111027,2011-10-27,299,10,0.0,2011,"{""type"":""MultiPoint"",""coordinates"":[]}"
20111028,2011-10-28,300,10,0.0,2011,"{""type"":""MultiPoint"",""coordinates"":[]}"
20111029,2011-10-29,301,10,0.0,2011,"{""type"":""MultiPoint"",""coordinates"":[]}"
20111030,2011-10-30,302,10,0.0,2011,"{""type"":""MultiPoint"",""coordinates"":[]}"
20111031,2011-10-31,303,10,0.0,2011,"{""type"":""MultiPoint"",""coordinates"":[]}"
20111101,2011-11-01,304,11,0.0,2011,"{""type"":""MultiPoint"",""coordinates"":[]}"
20111102,2011-11-02,305,11,0.0,2011,"{""type"":""MultiPoint"",""coordinates"":[]}"
20111103,2011-11-03,306,11,0.0,2011,"{""type"":""MultiPoint"",""coordinates"":[]}"
20111104,2011-11-04,307,11,0.0,2011,"{""type"":""MultiPoint"",""coordinates"":[]}"
20111105,2011-11-05,308,11,0.0,2011,"{""type"":""MultiPoint"",""coordinates"":[]}"
20111106,2011-11-06,309,11,0.0,2011,"{""type"":""MultiPoint"",""coordinates"":[]}"
20111107,2011-11-07,310,11,0.0,2011,"{""type"":""MultiPoint"",""coordinates"":[]}"
20111108,2011-11-08,311,11,0.0,2011,"{""type"":""MultiPoint"",""coordinates"":[]}"
20111109,2011-11-09,312,11,0.0,2011,"{""type"":""MultiPoint"",""coordinates"":[]}"
20111110,2011-11-10,313,11,0.0,2011,"{""type"":""MultiPoint"",""coordinates"":[]}"
20111111,2011-11-11,314,11,0.0,2011,"{""type"":""MultiPoint"",""coordinates"":[]}"
20111112,2011-11-12,315,11,0.0,2011,"{""type"":""MultiPoint"",""coordinates"":[]}"
20111113,2011-11-13,316,11,0.0,2011,"{""type"":""MultiPoint"",""coordinates"":[]}"
20111114,2011-11-14,317,11,0.0,2011,"{""type"":""MultiPoint"",""coordinates"":[]}"
20111115,2011-11-15,318,11,0.0,2011,"{""type"":""MultiPoint"",""coordinates"":[]}"
20111116,2011-11-16,319,11,0.0,2011,"{""type"":""MultiPoint"",""coordinates"":[]}"
20111117,2011-11-17,320,11,0.0,2011,"{""type"":""MultiPoint"",""coordinates"":[]}"
20111118,2011-11-18,321,11,0.0,2011,"{""type"":""MultiPoint"",""coordinates"":[]}"
20111119,2011-11-19,322,11,0.0,2011,"{""type"":""MultiPoint"",""coordinates"":[]}"
20111120,2011-11-20,323,11,0.0,2011,"{""type"":""MultiPoint"",""coordinates"":[]}"
20111121,2011-11-21,324,11,0.0,2011,"{""type"":""MultiPoint"",""coordinates"":[]}"
20111122,2011-11-22,325,11,0.0,2011,"{""type"":""MultiPoint"",""coordinates"":[]}"
20111123,2011-11-23,326,11,0.0,2011,"{""type"":""MultiPoint"",""coordinates"":[]}"
20111124,2011-11-24,327,11,0.0,2011,"{""type"":""MultiPoint"",""coordinates"":[]}"
20111125,2011-11-25,328,11,0.0,2011,"{""type"":""MultiPoint"",""coordinates"":[]}"
20111126,2011-11-26,329,11,0.0,2011,"{""type"":""MultiPoint"",""coordinates"":[]}"
20111127,2011-11-27,330,11,0.0,2011,"{""type"":""MultiPoint"",""coordinates"":[]}"
20111128,2011-11-28,331,11,0.0,2011,"{""type"":""MultiPoint"",""coordinates"":[]}"
20111129,2011-11-29,332,11,0.0,2011,"{""type"":""MultiPoint"",""coordinates"":[]}"
20111130,2011-11-30,333,11,0.0,2011,"{""type"":""MultiPoint"",""coordinates"":[]}"
20111201,2011-12-01,334,12,0.0,2011,"{""type"":""MultiPoint"",""coordinates"":[]}"
20111202,2011-12-02,335,12,0.0,2011,"{""type"":""MultiPoint"",""coordinates"":[]}"
20111203,2011-12-03,336,12,0.0,2011,"{""type"":""MultiPoint"",""coordinates"":[]}"
20111204,2011-12-04,337,12,0.0,2011,"{""type"":""MultiPoint"",""coordinates"":[]}"
20111205,2011-12-05,338,12,0.0,2011,"{""type"":""MultiPoint"",""coordinates"":[]}"
20111206,2011-12-06,339,12,0.0,2011,"{""type"":""MultiPoint"",""coordinates"":[]}"
20111207,2011-12-07,340,12,0.0,2011,"{""type"":""MultiPoint"",""coordinates"":[]}"
20111208,2011-12-08,341,12,0.0,2011,"{""type"":""MultiPoint"",""coordinates"":[]}"
20111209,2011-12-09,342,12,0.0,2011,"{""type"":""MultiPoint"",""coordinates"":[]}"
20111210,2011-12-10,343,12,0.0,2011,"{""type"":""MultiPoint"",""coordinates"":[]}"
20111211,2011-12-11,344,12,0.0,2011,"{""type"":""MultiPoint"",""coordinates"":[]}"
20111212,2011-12-12,345,12,0.0,2011,"{""type"":""MultiPoint"",""coordinates"":[]}"
20111213,2011-12-13,346,12,0.0,2011,"{""type"":""MultiPoint"",""coordinates"":[]}"
20111214,2011-12-14,347,12,0.0,2011,"{""type"":""MultiPoint"",""coordinates"":[]}"
20111215,2011-12-15,348,12,0.0,2011,"{""type"":""MultiPoint"",""coordinates"":[]}"
20111216,2011-12-16,349,12,0.0,2011,"{""type"":""MultiPoint"",""coordinates"":[]}"
20111217,2011-12-17,350,12,0.0,2011,"{""type"":""MultiPoint"",""coordinates"":[]}"
20111218,2011-12-18,351,12,0.0,2011,"{""type"":""MultiPoint"",""coordinates"":[]}"
20111219,2011-12-19,352,12,0.0,2011,"{""type"":""MultiPoint"",""coordinates"":[]}"
20111220,2011-12-20,353,12,0.0,2011,"{""type"":""MultiPoint"",""coordinates"":[]}"
20111221,2011-12-21,354,12,0.0,2011,"{""type"":""MultiPoint"",""coordinates"":[]}"
20111222,2011-12-22,355,12,0.0,2011,"{""type"":""MultiPoint"",""coordinates"":[]}"
20111223,2011-12-23,356,12,0.0,2011,"{""type"":""MultiPoint"",""coordinates"":[]}"
20111224,2011-12-24,357,12,0.0,2011,"{""type"":""MultiPoint"",""coordinates"":[]}"
20111225,2011-12-25,358,12,0.0,2011,"{""type"":""MultiPoint"",""coordinates"":[]}"
20111226,2011-12-26,359,12,0.0,2011,"{""type"":""MultiPoint"",""coordinates"":[]}"
20111227,2011-12-27,360,12,0.0,2011,"{""type"":""MultiPoint"",""coordinates"":[]}"
20111228,2011-12-28,361,12,0.0,2011,"{""type"":""MultiPoint"",""coordinates"":[]}"
20111229,2011-12-29,362,12,0.0,2011,"{""type"":""MultiPoint"",""coordinates"":[]}"
20111230,2011-12-30,363,12,0.0,2011,"{""type"":""MultiPoint"",""coordinates"":[]}"
20111231,2011-12-31,364,12,0.0,2011,"{""type"":""MultiPoint"",""coordinates"":[]}"
20120101,2012-01-01,0,1,0.0,2012,"{""type"":""MultiPoint"",""coordinates"":[]}"
20120102,2012-01-02,1,1,0.0,2012,"{""type"":""MultiPoint"",""coordinates"":[]}"
20120103,2012-01-03,2,1,0.0,2012,"{""type"":""MultiPoint"",""coordinates"":[]}"
20120104,2012-01-04,3,1,0.0,2012,"{""type"":""MultiPoint"",""coordinates"":[]}"
20120105,2012-01-05,4,1,0.0,2012,"{""type"":""MultiPoint"",""coordinates"":[]}"
20120106,2012-01-06,5,1,0.0,2012,"{""type"":""MultiPoint"",""coordinates"":[]}"
20120107,2012-01-07,6,1,0.0,2012,"{""type"":""MultiPoint"",""coordinates"":[]}"
20120108,2012-01-08,7,1,0.0,2012,"{""type"":""MultiPoint"",""coordinates"":[]}"
20120109,2012-01-09,8,1,0.0,2012,"{""type"":""MultiPoint"",""coordinates"":[]}"
20120110,2012-01-10,9,1,0.0,2012,"{""type"":""MultiPoint"",""coordinates"":[]}"
20120111,2012-01-11,10,1,0.0,2012,"{""type"":""MultiPoint"",""coordinates"":[]}"
20120112,2012-01-12,11,1,0.0,2012,"{""type"":""MultiPoint"",""coordinates"":[]}"
20120113,2012-01-13,12,1,0.0,2012,"{""type"":""MultiPoint"",""coordinates"":[]}"
20120114,2012-01-14,13,1,0.0,2012,"{""type"":""MultiPoint"",""coordinates"":[]}"
20120115,2012-01-15,14,1,0.0,2012,"{""type"":""MultiPoint"",""coordinates"":[]}"
20120116,2012-01-16,15,1,0.0,2012,"{""type"":""MultiPoint"",""coordinates"":[]}"
20120117,2012-01-17,16,1,0.0,2012,"{""type"":""MultiPoint"",""coordinates"":[]}"
20120118,2012-01-18,17,1,0.0,2012,"{""type"":""MultiPoint"",""coordinates"":[]}"
20120119,2012-01-19,18,1,0.0,2012,"{""type"":""MultiPoint"",""coordinates"":[]}"
20120120,2012-01-20,19,1,0.0,2012,"{""type"":""MultiPoint"",""coordinates"":[]}"
20120121,2012-01-21,20,1,0.0,2012,"{""type"":""MultiPoint"",""coordinates"":[]}"
20120122,2012-01-22,21,1,0.0,2012,"{""type"":""MultiPoint"",""coordinates"":[]}"
20120123,2012-01-23,22,1,0.0,2012,"{""type"":""MultiPoint"",""coordinates"":[]}"
20120124,2012-01-24,23,1,0.0,2012,"{""type"":""MultiPoint"",""coordinates"":[]}"
20120125,2012-01-25,24,1,0.0,2012,"{""type"":""MultiPoint"",""coordinates"":[]}"
20120126,2012-01-26,25,1,0.0,2012,"{""type"":""MultiPoint"",""coordinates"":[]}"
20120127,2012-01-27,26,1,0.0,2012,"{""type"":""MultiPoint"",""coordinates"":[]}"
20120128,2012-01-28,27,1,0.0,2012,"{""type"":""MultiPoint"",""coordinates"":[]}"
20120129,2012-01-29,28,1,0.0,2012,"{""type"":""MultiPoint"",""coordinates"":[]}"
20120130,2012-01-30,29,1,0.0,2012,"{""type"":""MultiPoint"",""coordinates"":[]}"
20120131,2012-01-31,30,1,0.0,2012,"{""type"":""MultiPoint"",""coordinates"":[]}"
20120201,2012-02-01,31,2,0.0,2012,"{""type"":""MultiPoint"",""coordinates"":[]}"
20120202,2012-02-02,32,2,0.0,2012,"{""type"":""MultiPoint"",""coordinates"":[]}"
20120203,2012-02-03,33,2,0.0,2012,"{""type"":""MultiPoint"",""coordinates"":[]}"
20120204,2012-02-04,34,2,0.0,2012,"{""type"":""MultiPoint"",""coordinates"":[]}"
20120205,2012-02-05,35,2,0.0,2012,"{""type"":""MultiPoint"",""coordinates"":[]}"
20120206,2012-02-06,36,2,0.0,2012,"{""type"":""MultiPoint"",""coordinates"":[]}"
20120207,2012-02-07,37,2,0.0,2012,"{""type"":""MultiPoint"",""coordinates"":[]}"
20120208,2012-02-08,38,2,0.0,2012,"{""type"":""MultiPoint"",""coordinates"":[]}"
20120209,2012-02-09,39,2,0.0,2012,"{""type"":""MultiPoint"",""coordinates"":[]}"
20120210,2012-02-10,40,2,0.0,2012,"{""type"":""MultiPoint"",""coordinates"":[]}"
20120211,2012-02-11,41,2,0.0,2012,"{""type"":""MultiPoint"",""coordinates"":[]}"
20120212,2012-02-12,42,2,0.0,2012,"{""type"":""MultiPoint"",""coordinates"":[]}"
20120213,2012-02-13,43,2,0.0,2012,"{""type"":""MultiPoint"",""coordinates"":[]}"
20120214,2012-02-14,44,2,0.0,2012,"{""type"":""MultiPoint"",""coordinates"":[]}"
20120215,2012-02-15,45,2,0.0,2012,"{""type"":""MultiPoint"",""coordinates"":[]}"
20120216,2012-02-16,46,2,0.0,2012,"{""type"":""MultiPoint"",""coordinates"":[]}"
20120217,2012-02-17,47,2,0.0,2012,"{""type"":""MultiPoint"",""coordinates"":[]}"
20120218,2012-02-18,48,2,0.0,2012,"{""type"":""MultiPoint"",""coordinates"":[]}"
20120219,2012-02-19,49,2,0.0,2012,"{""type"":""MultiPoint"",""coordinates"":[]}"
20120220,2012-02-20,50,2,0.0,2012,"{""type"":""MultiPoint"",""coordinates"":[]}"
20120221,2012-02-21,51,2,0.0,2012,"{""type"":""MultiPoint"",""coordinates"":[]}"
20120222,2012-02-22,52,2,0.0,2012,"{""type"":""MultiPoint"",""coordinates"":[]}"
20120223,2012-02-23,53,2,0.029754209960981468,2012,"{""type"":""MultiPoint"",""coordinates"":[]}"
20120224,2012-02-24,54,2,0.01990815716325074,2012,"{""type"":""MultiPoint"",""coordinates"":[]}"
20120225,2012-02-25,55,2,4.674161255513117E-4,2012,"{""type"":""MultiPoint"",""coordinates"":[]}"
20120226,2012-02-26,56,2,0.0,2012,"{""type"":""MultiPoint"",""coordinates"":[]}"
20120227,2012-02-27,57,2,0.0,2012,"{""type"":""MultiPoint"",""coordinates"":[]}"
20120228,2012-02-28,58,2,0.0,2012,"{""type"":""MultiPoint"",""coordinates"":[]}"
20120229,2012-02-29,59,2,0.0,2012,"{""type"":""MultiPoint"",""coordinates"":[]}"
20120301,2012-03-01,60,3,0.0,2012,"{""type"":""MultiPoint"",""coordinates"":[]}"
20120302,2012-03-02,61,3,0.0,2012,"{""type"":""MultiPoint"",""coordinates"":[]}"
20120303,2012-03-03,62,3,6.896119574363408E-6,2012,"{""type"":""MultiPoint"",""coordinates"":[]}"
20120304,2012-03-04,63,3,0.0,2012,"{""type"":""MultiPoint"",""coordinates"":[]}"
20120305,2012-03-05,64,3,0.0,2012,"{""type"":""MultiPoint"",""coordinates"":[]}"
20120306,2012-03-06,65,3,0.0,2012,"{""type"":""MultiPoint"",""coordinates"":[]}"
20120307,2012-03-07,66,3,0.0,2012,"{""type"":""MultiPoint"",""coordinates"":[]}"
20120308,2012-03-08,67,3,0.0,2012,"{""type"":""MultiPoint"",""coordinates"":[]}"
20120309,2012-03-09,68,3,0.0,2012,"{""type"":""MultiPoint"",""coordinates"":[]}"
20120310,2012-03-10,69,3,0.0,2012,"{""type"":""MultiPoint"",""coordinates"":[]}"
20120311,2012-03-11,70,3,0.0,2012,"{""type"":""MultiPoint"",""coordinates"":[]}"
20120312,2012-03-12,71,3,0.0,2012,"{""type"":""MultiPoint"",""coordinates"":[]}"
20120313,2012-03-13,72,3,0.0,2012,"{""type"":""MultiPoint"",""coordinates"":[]}"
20120314,2012-03-14,73,3,0.0,2012,"{""type"":""MultiPoint"",""coordinates"":[]}"
20120315,2012-03-15,74,3,0.0,2012,"{""type"":""MultiPoint"",""coordinates"":[]}"
20120316,2012-03-16,75,3,0.0,2012,"{""type"":""MultiPoint"",""coordinates"":[]}"
20120317,2012-03-17,76,3,0.0,2012,"{""type"":""MultiPoint"",""coordinates"":[]}"
20120318,2012-03-18,77,3,0.0,2012,"{""type"":""MultiPoint"",""coordinates"":[]}"
20120319,2012-03-19,78,3,0.0,2012,"{""type"":""MultiPoint"",""coordinates"":[]}"
20120320,2012-03-20,79,3,0.0,2012,"{""type"":""MultiPoint"",""coordinates"":[]}"
20120321,2012-03-21,80,3,0.0,2012,"{""type"":""MultiPoint"",""coordinates"":[]}"
20120322,2012-03-22,81,3,0.0,2012,"{""type"":""MultiPoint"",""coordinates"":[]}"
20120323,2012-03-23,82,3,0.0,2012,"{""type"":""MultiPoint"",""coordinates"":[]}"
20120324,2012-03-24,83,3,0.0,2012,"{""type"":""MultiPoint"",""coordinates"":[]}"
20120325,2012-03-25,84,3,0.0,2012,"{""type"":""MultiPoint"",""coordinates"":[]}"
20120326,2012-03-26,85,3,1.0284970410272944,2012,"{""type"":""MultiPoint"",""coordinates"":[]}"
20120327,2012-03-27,86,3,0.046402513207622405,2012,"{""type"":""MultiPoint"",""coordinates"":[]}"
20120328,2012-03-28,87,3,0.0,2012,"{""type"":""MultiPoint"",""coordinates"":[]}"
20120329,2012-03-29,88,3,0.0,2012,"{""type"":""MultiPoint"",""coordinates"":[]}"
20120330,2012-03-30,89,3,0.006255694186718163,2012,"{""type"":""MultiPoint"",""coordinates"":[]}"
20120331,2012-03-31,90,3,0.0359655206251626,2012,"{""type"":""MultiPoint"",""coordinates"":[]}"
20120401,2012-04-01,91,4,0.0,2012,"{""type"":""MultiPoint"",""coordinates"":[]}"
20120402,2012-04-02,92,4,0.0,2012,"{""type"":""MultiPoint"",""coordinates"":[]}"
20120403,2012-04-03,93,4,0.0,2012,"{""type"":""MultiPoint"",""coordinates"":[]}"
20120404,2012-04-04,94,4,0.004812730683220757,2012,"{""type"":""MultiPoint"",""coordinates"":[]}"
20120405,2012-04-05,95,4,0.0,2012,"{""type"":""MultiPoint"",""coordinates"":[]}"
20120406,2012-04-06,96,4,0.0,2012,"{""type"":""MultiPoint"",""coordinates"":[]}"
20120407,2012-04-07,97,4,0.0,2012,"{""type"":""MultiPoint"",""coordinates"":[]}"
20120408,2012-04-08,98,4,0.014028305357152765,2012,"{""type"":""MultiPoint"",""coordinates"":[]}"
20120409,2012-04-09,99,4,0.0,2012,"{""type"":""MultiPoint"",""coordinates"":[]}"
20120410,2012-04-10,100,4,0.0,2012,"{""type"":""MultiPoint"",""coordinates"":[]}"
20120411,2012-04-11,101,4,0.0,2012,"{""type"":""MultiPoint"",""coordinates"":[]}"
20120412,2012-04-12,102,4,0.0,2012,"{""type"":""MultiPoint"",""coordinates"":[]}"
20120413,2012-04-13,103,4,0.007577744999317208,2012,"{""type"":""MultiPoint"",""coordinates"":[]}"
20120414,2012-04-14,104,4,0.0,2012,"{""type"":""MultiPoint"",""coordinates"":[]}"
20120415,2012-04-15,105,4,0.0,2012,"{""type"":""MultiPoint"",""coordinates"":[]}"
20120416,2012-04-16,106,4,2.508173153433004,2012,"{""type"":""MultiPoint"",""coordinates"":[]}"
20120417,2012-04-17,107,4,0.3533023783395162,2012,"{""type"":""MultiPoint"",""coordinates"":[]}"
20120418,2012-04-18,108,4,0.0,2012,"{""type"":""MultiPoint"",""coordinates"":[]}"
20120419,2012-04-19,109,4,0.041200806915606576,2012,"{""type"":""MultiPoint"",""coordinates"":[]}"
20120420,2012-04-20,110,4,0.0,2012,"{""type"":""MultiPoint"",""coordinates"":[]}"
20120421,2012-04-21,111,4,0.0,2012,"{""type"":""MultiPoint"",""coordinates"":[]}"
20120422,2012-04-22,112,4,0.8523609901588962,2012,"{""type"":""MultiPoint"",""coordinates"":[]}"
20120423,2012-04-23,113,4,1.4512889659813215,2012,"{""type"":""MultiPoint"",""coordinates"":[]}"
20120424,2012-04-24,114,4,0.03625576839420578,2012,"{""type"":""MultiPoint"",""coordinates"":[]}"
20120425,2012-04-25,115,4,0.0,2012,"{""type"":""MultiPoint"",""coordinates"":[]}"
20120426,2012-04-26,116,4,0.0,2012,"{""type"":""MultiPoint"",""coordinates"":[]}"
20120427,2012-04-27,117,4,0.0,2012,"{""type"":""MultiPoint"",""coordinates"":[]}"
20120428,2012-04-28,118,4,0.0,2012,"{""type"":""MultiPoint"",""coordinates"":[]}"
20120429,2012-04-29,119,4,0.0,2012,"{""type"":""MultiPoint"",""coordinates"":[]}"
20120430,2012-04-30,120,4,0.0,2012,"{""type"":""MultiPoint"",""coordinates"":[]}"
20120501,2012-05-01,121,5,0.0,2012,"{""type"":""MultiPoint"",""coordinates"":[]}"
20120502,2012-05-02,122,5,0.0,2012,"{""type"":""MultiPoint"",""coordinates"":[]}"
20120503,2012-05-03,123,5,0.0,2012,"{""type"":""MultiPoint"",""coordinates"":[]}"
20120504,2012-05-04,124,5,0.0,2012,"{""type"":""MultiPoint"",""coordinates"":[]}"
20120505,2012-05-05,125,5,0.0,2012,"{""type"":""MultiPoint"",""coordinates"":[]}"
20120506,2012-05-06,126,5,0.0,2012,"{""type"":""MultiPoint"",""coordinates"":[]}"
20120507,2012-05-07,127,5,0.12351568780764184,2012,"{""type"":""MultiPoint"",""coordinates"":[]}"
20120508,2012-05-08,128,5,0.1842983655349692,2012,"{""type"":""MultiPoint"",""coordinates"":[]}"
20120509,2012-05-09,129,5,1.6337084638456185,2012,"{""type"":""MultiPoint"",""coordinates"":[]}"
20120510,2012-05-10,130,5,10.415678585371326,2012,"{""type"":""MultiPoint"",""coordinates"":[]}"
20120511,2012-05-11,131,5,0.04621272043181684,2012,"{""type"":""MultiPoint"",""coordinates"":[]}"
20120512,2012-05-12,132,5,5.026623233187717,2012,"{""type"":""MultiPoint"",""coordinates"":[]}"
20120513,2012-05-13,133,5,0.0,2012,"{""type"":""MultiPoint"",""coordinates"":[]}"
20120514,2012-05-14,134,5,0.0,2012,"{""type"":""MultiPoint"",""coordinates"":[]}"
20120515,2012-05-15,135,5,0.0,2012,"{""type"":""MultiPoint"",""coordinates"":[]}"
20120516,2012-05-16,136,5,0.464682503014797,2012,"{""type"":""MultiPoint"",""coordinates"":[]}"
20120517,2012-05-17,137,5,0.0,2012,"{""type"":""MultiPoint"",""coordinates"":[]}"
20120518,2012-05-18,138,5,8.851562592458622,2012,"{""type"":""MultiPoint"",""coordinates"":[]}"
20120519,2012-05-19,139,5,0.0,2012,"{""type"":""MultiPoint"",""coordinates"":[]}"
20120520,2012-05-20,140,5,0.0,2012,"{""type"":""MultiPoint"",""coordinates"":[]}"
20120521,2012-05-21,141,5,0.2832897551391686,2012,"{""type"":""MultiPoint"",""coordinates"":[]}"
20120522,2012-05-22,142,5,0.19905320458611442,2012,"{""type"":""MultiPoint"",""coordinates"":[]}"
20120523,2012-05-23,143,5,0.0,2012,"{""type"":""MultiPoint"",""coordinates"":[]}"
20120524,2012-05-24,144,5,0.12004055302080294,2012,"{""type"":""MultiPoint"",""coordinates"":[]}"
20120525,2012-05-25,145,5,4.2182553036658215,2012,"{""type"":""MultiPoint"",""coordinates"":[]}"
20120526,2012-05-26,146,5,0.0,2012,"{""type"":""MultiPoint"",""coordinates"":[]}"
20120527,2012-05-27,147,5,3.009759249227263,2012,"{""type"":""MultiPoint"",""coordinates"":[]}"
20120528,2012-05-28,148,5,6.358014004044922,2012,"{""type"":""MultiPoint"",""coordinates"":[]}"
20120529,2012-05-29,149,5,0.0,2012,"{""type"":""MultiPoint"",""coordinates"":[]}"
20120530,2012-05-30,150,5,9.074590603652204,2012,"{""type"":""MultiPoint"",""coordinates"":[]}"
20120531,2012-05-31,151,5,0.0,2012,"{""type"":""MultiPoint"",""coordinates"":[]}"
20120601,2012-06-01,152,6,5.430532477779847,2012,"{""type"":""MultiPoint"",""coordinates"":[]}"
20120602,2012-06-02,153,6,0.0,2012,"{""type"":""MultiPoint"",""coordinates"":[]}"
20120603,2012-06-03,154,6,0.0,2012,"{""type"":""MultiPoint"",""coordinates"":[]}"
20120604,2012-06-04,155,6,13.810069383359423,2012,"{""type"":""MultiPoint"",""coordinates"":[]}"
20120605,2012-06-05,156,6,0.13173958385880807,2012,"{""type"":""MultiPoint"",""coordinates"":[]}"
20120606,2012-06-06,157,6,4.676161416711654,2012,"{""type"":""MultiPoint"",""coordinates"":[]}"
20120607,2012-06-07,158,6,0.0,2012,"{""type"":""MultiPoint"",""coordinates"":[]}"
20120608,2012-06-08,159,6,1.3250614916317345,2012,"{""type"":""MultiPoint"",""coordinates"":[]}"
20120609,2012-06-09,160,6,6.859444607222616,2012,"{""type"":""MultiPoint"",""coordinates"":[]}"
20120610,2012-06-10,161,6,4.263498917549617,2012,"{""type"":""MultiPoint"",""coordinates"":[]}"
20120611,2012-06-11,162,6,4.489507414794577,2012,"{""type"":""MultiPoint"",""coordinates"":[]}"
20120612,2012-06-12,163,6,1.361454890019399,2012,"{""type"":""MultiPoint"",""coordinates"":[]}"
20120613,2012-06-13,164,6,11.549197962884268,2012,"{""type"":""MultiPoint"",""coordinates"":[]}"
20120614,2012-06-14,165,6,1.0552508603419188,2012,"{""type"":""MultiPoint"",""coordinates"":[]}"
20120615,2012-06-15,166,6,6.338525690780249,2012,"{""type"":""MultiPoint"",""coordinates"":[]}"
20120616,2012-06-16,167,6,0.0,2012,"{""type"":""MultiPoint"",""coordinates"":[]}"
20120617,2012-06-17,168,6,6.8172203950018755,2012,"{""type"":""MultiPoint"",""coordinates"":[]}"
20120618,2012-06-18,169,6,0.41880703454065804,2012,"{""type"":""MultiPoint"",""coordinates"":[]}"
20120619,2012-06-19,170,6,2.9298738678225575,2012,"{""type"":""MultiPoint"",""coordinates"":[]}"
20120620,2012-06-20,171,6,8.37917898933258,2012,"{""type"":""MultiPoint"",""coordinates"":[]}"
20120621,2012-06-21,172,6,0.0,2012,"{""type"":""MultiPoint"",""coordinates"":[]}"
20120622,2012-06-22,173,6,1.0266671932010416,2012,"{""type"":""MultiPoint"",""coordinates"":[]}"
20120623,2012-06-23,174,6,0.0,2012,"{""type"":""MultiPoint"",""coordinates"":[]}"
20120624,2012-06-24,175,6,2.80879167795984,2012,"{""type"":""MultiPoint"",""coordinates"":[]}"
20120625,2012-06-25,176,6,0.0,2012,"{""type"":""MultiPoint"",""coordinates"":[]}"
20120626,2012-06-26,177,6,11.74288280601902,2012,"{""type"":""MultiPoint"",""coordinates"":[]}"
20120627,2012-06-27,178,6,2.219445285147359,2012,"{""type"":""MultiPoint"",""coordinates"":[]}"
20120628,2012-06-28,179,6,3.313190190195683,2012,"{""type"":""MultiPoint"",""coordinates"":[]}"
20120629,2012-06-29,180,6,1.6376959199503072,2012,"{""type"":""MultiPoint"",""coordinates"":[]}"
20120630,2012-06-30,181,6,9.564095607817254,2012,"{""type"":""MultiPoint"",""coordinates"":[]}"
20120701,2012-07-01,182,7,9.532367965825173,2012,"{""type"":""MultiPoint"",""coordinates"":[]}"
20120702,2012-07-02,183,7,11.865945733875582,2012,"{""type"":""MultiPoint"",""coordinates"":[]}"
20120703,2012-07-03,184,7,17.183424636287768,2012,"{""type"":""MultiPoint"",""coordinates"":[]}"
20120704,2012-07-04,185,7,5.4690473810189495,2012,"{""type"":""MultiPoint"",""coordinates"":[]}"
20120705,2012-07-05,186,7,9.592636433750787,2012,"{""type"":""MultiPoint"",""coordinates"":[]}"
20120706,2012-07-06,187,7,0.0,2012,"{""type"":""MultiPoint"",""coordinates"":[]}"
20120707,2012-07-07,188,7,17.677016221974057,2012,"{""type"":""MultiPoint"",""coordinates"":[]}"
20120708,2012-07-08,189,7,0.0,2012,"{""type"":""MultiPoint"",""coordinates"":[]}"
20120709,2012-07-09,190,7,0.0,2012,"{""type"":""MultiPoint"",""coordinates"":[]}"
20120710,2012-07-10,191,7,0.21720109323058465,2012,"{""type"":""MultiPoint"",""coordinates"":[]}"
20120711,2012-07-11,192,7,13.098220807534679,2012,"{""type"":""MultiPoint"",""coordinates"":[]}"
20120712,2012-07-12,193,7,0.07038999798510848,2012,"{""type"":""MultiPoint"",""coordinates"":[]}"
20120713,2012-07-13,194,7,24.86783636629191,2012,"{""type"":""MultiPoint"",""coordinates"":[]}"
20120714,2012-07-14,195,7,9.012417217178328,2012,"{""type"":""MultiPoint"",""coordinates"":[]}"
20120715,2012-07-15,196,7,0.5353412918110464,2012,"{""type"":""MultiPoint"",""coordinates"":[]}"
20120716,2012-07-16,197,7,8.054002428838679,2012,"{""type"":""MultiPoint"",""coordinates"":[]}"
20120717,2012-07-17,198,7,13.445651581557017,2012,"{""type"":""MultiPoint"",""coordinates"":[]}"
20120718,2012-07-18,199,7,2.409532193548256,2012,"{""type"":""MultiPoint"",""coordinates"":[]}"
20120719,2012-07-19,200,7,7.9034013234877225,2012,"{""type"":""MultiPoint"",""coordinates"":[]}"
20120720,2012-07-20,201,7,12.444844042955003,2012,"{""type"":""MultiPoint"",""coordinates"":[]}"
20120721,2012-07-21,202,7,0.0,2012,"{""type"":""MultiPoint"",""coordinates"":[]}"
20120722,2012-07-22,203,7,8.43979370657773,2012,"{""type"":""MultiPoint"",""coordinates"":[]}"
20120723,2012-07-23,204,7,0.0,2012,"{""type"":""MultiPoint"",""coordinates"":[]}"
20120724,2012-07-24,205,7,0.048752498381160046,2012,"{""type"":""MultiPoint"",""coordinates"":[]}"
20120725,2012-07-25,206,7,18.32121851874427,2012,"{""type"":""MultiPoint"",""coordinates"":[]}"
20120726,2012-07-26,207,7,16.78937599403501,2012,"{""type"":""MultiPoint"",""coordinates"":[]}"
20120727,2012-07-27,208,7,0.3913755609531595,2012,"{""type"":""MultiPoint"",""coordinates"":[]}"
20120728,2012-07-28,209,7,0.0,2012,"{""type"":""MultiPoint"",""coordinates"":[]}"
20120729,2012-07-29,210,7,0.0,2012,"{""type"":""MultiPoint"",""coordinates"":[]}"
20120730,2012-07-30,211,7,18.632131050685583,2012,"{""type"":""MultiPoint"",""coordinates"":[]}"
20120731,2012-07-31,212,7,0.0,2012,"{""type"":""MultiPoint"",""coordinates"":[]}"
20120801,2012-08-01,213,8,7.524067487828115,2012,"{""type"":""MultiPoint"",""coordinates"":[]}"
20120802,2012-08-02,214,8,10.196639651897094,2012,"{""type"":""MultiPoint"",""coordinates"":[]}"
20120803,2012-08-03,215,8,0.0,2012,"{""type"":""MultiPoint"",""coordinates"":[]}"
20120804,2012-08-04,216,8,9.642850561362962,2012,"{""type"":""MultiPoint"",""coordinates"":[]}"
20120805,2012-08-05,217,8,15.055357364504188,2012,"{""type"":""MultiPoint"",""coordinates"":[]}"
20120806,2012-08-06,218,8,0.2325762187544486,2012,"{""type"":""MultiPoint"",""coordinates"":[]}"
20120807,2012-08-07,219,8,24.93727723374936,2012,"{""type"":""MultiPoint"",""coordinates"":[]}"
20120808,2012-08-08,220,8,2.9993198944993904,2012,"{""type"":""MultiPoint"",""coordinates"":[]}"
20120809,2012-08-09,221,8,2.218263378660852,2012,"{""type"":""MultiPoint"",""coordinates"":[]}"
20120810,2012-08-10,222,8,25.846137934756715,2012,"{""type"":""MultiPoint"",""coordinates"":[]}"
20120811,2012-08-11,223,8,1.3335276324339587,2012,"{""type"":""MultiPoint"",""coordinates"":[]}"
20120812,2012-08-12,224,8,0.0,2012,"{""type"":""MultiPoint"",""coordinates"":[]}"
20120813,2012-08-13,225,8,11.729481164241314,2012,"{""type"":""MultiPoint"",""coordinates"":[]}"
20120814,2012-08-14,226,8,3.8739623475202265,2012,"{""type"":""MultiPoint"",""coordinates"":[]}"
20120815,2012-08-15,227,8,6.3021337654973575,2012,"{""type"":""MultiPoint"",""coordinates"":[]}"
20120816,2012-08-16,228,8,5.620176877142487,2012,"{""type"":""MultiPoint"",""coordinates"":[]}"
20120817,2012-08-17,229,8,17.602525631161722,2012,"{""type"":""MultiPoint"",""coordinates"":[]}"
20120818,2012-08-18,230,8,0.0,2012,"{""type"":""MultiPoint"",""coordinates"":[]}"
20120819,2012-08-19,231,8,0.0,2012,"{""type"":""MultiPoint"",""coordinates"":[]}"
20120820,2012-08-20,232,8,24.41458996368365,2012,"{""type"":""MultiPoint"",""coordinates"":[]}"
20120821,2012-08-21,233,8,14.255720655052562,2012,"{""type"":""MultiPoint"",""coordinates"":[]}"
20120822,2012-08-22,234,8,17.612000311263884,2012,"{""type"":""MultiPoint"",""coordinates"":[]}"
20120823,2012-08-23,235,8,19.26234038359199,2012,"{""type"":""MultiPoint"",""coordinates"":[]}"
20120824,2012-08-24,236,8,0.0,2012,"{""type"":""MultiPoint"",""coordinates"":[]}"
20120825,2012-08-25,237,8,12.070197284752886,2012,"{""type"":""MultiPoint"",""coordinates"":[]}"
20120826,2012-08-26,238,8,8.761130552240871E-4,2012,"{""type"":""MultiPoint"",""coordinates"":[]}"
20120827,2012-08-27,239,8,11.472016710884667,2012,"{""type"":""MultiPoint"",""coordinates"":[]}"
20120828,2012-08-28,240,8,3.863034337599647,2012,"{""type"":""MultiPoint"",""coordinates"":[]}"
20120829,2012-08-29,241,8,0.0,2012,"{""type"":""MultiPoint"",""coordinates"":[]}"
20120830,2012-08-30,242,8,5.115057201710378,2012,"{""type"":""MultiPoint"",""coordinates"":[]}"
20120831,2012-08-31,243,8,0.0,2012,"{""type"":""MultiPoint"",""coordinates"":[]}"
20120901,2012-09-01,244,9,16.546572925407453,2012,"{""type"":""MultiPoint"",""coordinates"":[]}"
20120902,2012-09-02,245,9,9.939008950195493,2012,"{""type"":""MultiPoint"",""coordinates"":[]}"
20120903,2012-09-03,246,9,6.475896587511601,2012,"{""type"":""MultiPoint"",""coordinates"":[]}"
20120904,2012-09-04,247,9,0.0,2012,"{""type"":""MultiPoint"",""coordinates"":[]}"
20120905,2012-09-05,248,9,9.1819086099384,2012,"{""type"":""MultiPoint"",""coordinates"":[]}"
20120906,2012-09-06,249,9,2.704840258150484,2012,"{""type"":""MultiPoint"",""coordinates"":[]}"
20120907,2012-09-07,250,9,0.0,2012,"{""type"":""MultiPoint"",""coordinates"":[]}"
20120908,2012-09-08,251,9,5.246720727445301,2012,"{""type"":""MultiPoint"",""coordinates"":[]}"
20120909,2012-09-09,252,9,3.717043404438443,2012,"{""type"":""MultiPoint"",""coordinates"":[]}"
20120910,2012-09-10,253,9,0.0,2012,"{""type"":""MultiPoint"",""coordinates"":[]}"
20120911,2012-09-11,254,9,6.04186154545168,2012,"{""type"":""MultiPoint"",""coordinates"":[]}"
20120912,2012-09-12,255,9,1.5868329398347305,2012,"{""type"":""MultiPoint"",""coordinates"":[]}"
20120913,2012-09-13,256,9,9.51467644339577,2012,"{""type"":""MultiPoint"",""coordinates"":[]}"
20120914,2012-09-14,257,9,0.08932332634618906,2012,"{""type"":""MultiPoint"",""coordinates"":[]}"
20120915,2012-09-15,258,9,0.0,2012,"{""type"":""MultiPoint"",""coordinates"":[]}"
20120916,2012-09-16,259,9,6.8704431800234085,2012,"{""type"":""MultiPoint"",""coordinates"":[]}"
20120917,2012-09-17,260,9,7.555480098271043,2012,"{""type"":""MultiPoint"",""coordinates"":[]}"
20120918,2012-09-18,261,9,14.77900315388804,2012,"{""type"":""MultiPoint"",""coordinates"":[]}"
20120919,2012-09-19,262,9,5.92911105345773,2012,"{""type"":""MultiPoint"",""coordinates"":[]}"
20120920,2012-09-20,263,9,6.493088655175253,2012,"{""type"":""MultiPoint"",""coordinates"":[]}"
20120921,2012-09-21,264,9,4.03691139833175,2012,"{""type"":""MultiPoint"",""coordinates"":[]}"
20120922,2012-09-22,265,9,7.028558130145284,2012,"{""type"":""MultiPoint"",""coordinates"":[]}"
20120923,2012-09-23,266,9,5.937848597334077,2012,"{""type"":""MultiPoint"",""coordinates"":[]}"
20120924,2012-09-24,267,9,1.5597734101858909,2012,"{""type"":""MultiPoint"",""coordinates"":[]}"
20120925,2012-09-25,268,9,0.0,2012,"{""type"":""MultiPoint"",""coordinates"":[]}"
20120926,2012-09-26,269,9,0.0,2012,"{""type"":""MultiPoint"",""coordinates"":[]}"
20120927,2012-09-27,270,9,1.4858284503262833,2012,"{""type"":""MultiPoint"",""coordinates"":[]}"
20120928,2012-09-28,271,9,8.056314279972195,2012,"{""type"":""MultiPoint"",""coordinates"":[]}"
20120929,2012-09-29,272,9,3.7966620723760633,2012,"{""type"":""MultiPoint"",""coordinates"":[]}"
20120930,2012-09-30,273,9,0.3860729596335762,2012,"{""type"":""MultiPoint"",""coordinates"":[]}"
20121001,2012-10-01,274,10,0.8731618457134229,2012,"{""type"":""MultiPoint"",""coordinates"":[]}"
20121002,2012-10-02,275,10,1.3209931646674948,2012,"{""type"":""MultiPoint"",""coordinates"":[]}"
20121003,2012-10-03,276,10,0.0,2012,"{""type"":""MultiPoint"",""coordinates"":[]}"
20121004,2012-10-04,277,10,0.12556912661023742,2012,"{""type"":""MultiPoint"",""coordinates"":[]}"
20121005,2012-10-05,278,10,4.28730534949995,2012,"{""type"":""MultiPoint"",""coordinates"":[]}"
20121006,2012-10-06,279,10,0.0,2012,"{""type"":""MultiPoint"",""coordinates"":[]}"
20121007,2012-10-07,280,10,0.0,2012,"{""type"":""MultiPoint"",""coordinates"":[]}"
20121008,2012-10-08,281,10,0.0,2012,"{""type"":""MultiPoint"",""coordinates"":[]}"
20121009,2012-10-09,282,10,0.8640645665210128,2012,"{""type"":""MultiPoint"",""coordinates"":[]}"
20121010,2012-10-10,283,10,0.0,2012,"{""type"":""MultiPoint"",""coordinates"":[]}"
20121011,2012-10-11,284,10,3.4151211730983846,2012,"{""type"":""MultiPoint"",""coordinates"":[]}"
20121012,2012-10-12,285,10,1.1342947907815193,2012,"{""type"":""MultiPoint"",""coordinates"":[]}"
20121013,2012-10-13,286,10,0.0,2012,"{""type"":""MultiPoint"",""coordinates"":[]}"
20121014,2012-10-14,287,10,0.0,2012,"{""type"":""MultiPoint"",""coordinates"":[]}"
20121015,2012-10-15,288,10,0.0,2012,"{""type"":""MultiPoint"",""coordinates"":[]}"
20121016,2012-10-16,289,10,0.0863849878500041,2012,"{""type"":""MultiPoint"",""coordinates"":[]}"
20121017,2012-10-17,290,10,2.2107770306730203,2012,"{""type"":""MultiPoint"",""coordinates"":[]}"
20121018,2012-10-18,291,10,0.8227445002380375,2012,"{""type"":""MultiPoint"",""coordinates"":[]}"
20121019,2012-10-19,292,10,0.0,2012,"{""type"":""MultiPoint"",""coordinates"":[]}"
20121020,2012-10-20,293,10,0.0,2012,"{""type"":""MultiPoint"",""coordinates"":[]}"
20121021,2012-10-21,294,10,0.0,2012,"{""type"":""MultiPoint"",""coordinates"":[]}"
20121022,2012-10-22,295,10,0.0,2012,"{""type"":""MultiPoint"",""coordinates"":[]}"
20121023,2012-10-23,296,10,0.4726203170170239,2012,"{""type"":""MultiPoint"",""coordinates"":[]}"
20121024,2012-10-24,297,10,4.020606954396656,2012,"{""type"":""MultiPoint"",""coordinates"":[]}"
20121025,2012-10-25,298,10,0.0,2012,"{""type"":""MultiPoint"",""coordinates"":[]}"
20121026,2012-10-26,299,10,0.0,2012,"{""type"":""MultiPoint"",""coordinates"":[]}"
20121027,2012-10-27,300,10,0.0,2012,"{""type"":""MultiPoint"",""coordinates"":[]}"
20121028,2012-10-28,301,10,0.0,2012,"{""type"":""MultiPoint"",""coordinates"":[]}"
20121029,2012-10-29,302,10,0.0,2012,"{""type"":""MultiPoint"",""coordinates"":[]}"
20121030,2012-10-30,303,10,0.0,2012,"{""type"":""MultiPoint"",""coordinates"":[]}"
20121031,2012-10-31,304,10,0.0,2012,"{""type"":""MultiPoint"",""coordinates"":[]}"
20121101,2012-11-01,305,11,0.0,2012,"{""type"":""MultiPoint"",""coordinates"":[]}"
20121102,2012-11-02,306,11,0.0,2012,"{""type"":""MultiPoint"",""coordinates"":[]}"
20121103,2012-11-03,307,11,0.0,2012,"{""type"":""MultiPoint"",""coordinates"":[]}"
20121104,2012-11-04,308,11,0.0,2012,"{""type"":""MultiPoint"",""coordinates"":[]}"
20121105,2012-11-05,309,11,0.0,2012,"{""type"":""MultiPoint"",""coordinates"":[]}"
20121106,2012-11-06,310,11,0.0,2012,"{""type"":""MultiPoint"",""coordinates"":[]}"
20121107,2012-11-07,311,11,0.00715866233363296,2012,"{""type"":""MultiPoint"",""coordinates"":[]}"
20121108,2012-11-08,312,11,0.8346911945964445,2012,"{""type"":""MultiPoint"",""coordinates"":[]}"
20121109,2012-11-09,313,11,0.0,2012,"{""type"":""MultiPoint"",""coordinates"":[]}"
20121110,2012-11-10,314,11,0.0,2012,"{""type"":""MultiPoint"",""coordinates"":[]}"
20121111,2012-11-11,315,11,0.0,2012,"{""type"":""MultiPoint"",""coordinates"":[]}"
20121112,2012-11-12,316,11,0.0,2012,"{""type"":""MultiPoint"",""coordinates"":[]}"
20121113,2012-11-13,317,11,0.0,2012,"{""type"":""MultiPoint"",""coordinates"":[]}"
20121114,2012-11-14,318,11,0.0,2012,"{""type"":""MultiPoint"",""coordinates"":[]}"
20121115,2012-11-15,319,11,0.0,2012,"{""type"":""MultiPoint"",""coordinates"":[]}"
20121116,2012-11-16,320,11,0.0,2012,"{""type"":""MultiPoint"",""coordinates"":[]}"
20121117,2012-11-17,321,11,0.0,2012,"{""type"":""MultiPoint"",""coordinates"":[]}"
20121118,2012-11-18,322,11,0.0,2012,"{""type"":""MultiPoint"",""coordinates"":[]}"
20121119,2012-11-19,323,11,0.0,2012,"{""type"":""MultiPoint"",""coordinates"":[]}"
20121120,2012-11-20,324,11,0.0,2012,"{""type"":""MultiPoint"",""coordinates"":[]}"
20121121,2012-11-21,325,11,0.0,2012,"{""type"":""MultiPoint"",""coordinates"":[]}"
20121122,2012-11-22,326,11,0.0,2012,"{""type"":""MultiPoint"",""coordinates"":[]}"
20121123,2012-11-23,327,11,0.0,2012,"{""type"":""MultiPoint"",""coordinates"":[]}"
20121124,2012-11-24,328,11,0.0,2012,"{""type"":""MultiPoint"",""coordinates"":[]}"
20121125,2012-11-25,329,11,0.0,2012,"{""type"":""MultiPoint"",""coordinates"":[]}"
20121126,2012-11-26,330,11,0.0,2012,"{""type"":""MultiPoint"",""coordinates"":[]}"
20121127,2012-11-27,331,11,0.0,2012,"{""type"":""MultiPoint"",""coordinates"":[]}"
20121128,2012-11-28,332,11,0.0,2012,"{""type"":""MultiPoint"",""coordinates"":[]}"
20121129,2012-11-29,333,11,0.0,2012,"{""type"":""MultiPoint"",""coordinates"":[]}"
20121130,2012-11-30,334,11,0.0,2012,"{""type"":""MultiPoint"",""coordinates"":[]}"
20121201,2012-12-01,335,12,0.0,2012,"{""type"":""MultiPoint"",""coordinates"":[]}"
20121202,2012-12-02,336,12,0.0,2012,"{""type"":""MultiPoint"",""coordinates"":[]}"
20121203,2012-12-03,337,12,0.0,2012,"{""type"":""MultiPoint"",""coordinates"":[]}"
20121204,2012-12-04,338,12,0.0,2012,"{""type"":""MultiPoint"",""coordinates"":[]}"
20121205,2012-12-05,339,12,0.0,2012,"{""type"":""MultiPoint"",""coordinates"":[]}"
20121206,2012-12-06,340,12,0.0,2012,"{""type"":""MultiPoint"",""coordinates"":[]}"
20121207,2012-12-07,341,12,0.0,2012,"{""type"":""MultiPoint"",""coordinates"":[]}"
20121208,2012-12-08,342,12,0.0,2012,"{""type"":""MultiPoint"",""coordinates"":[]}"
20121209,2012-12-09,343,12,0.0,2012,"{""type"":""MultiPoint"",""coordinates"":[]}"
20121210,2012-12-10,344,12,0.0,2012,"{""type"":""MultiPoint"",""coordinates"":[]}"
20121211,2012-12-11,345,12,0.0,2012,"{""type"":""MultiPoint"",""coordinates"":[]}"
20121212,2012-12-12,346,12,0.0,2012,"{""type"":""MultiPoint"",""coordinates"":[]}"
20121213,2012-12-13,347,12,0.0,2012,"{""type"":""MultiPoint"",""coordinates"":[]}"
20121214,2012-12-14,348,12,0.0,2012,"{""type"":""MultiPoint"",""coordinates"":[]}"
20121215,2012-12-15,349,12,0.0,2012,"{""type"":""MultiPoint"",""coordinates"":[]}"
20121216,2012-12-16,350,12,0.0,2012,"{""type"":""MultiPoint"",""coordinates"":[]}"
20121217,2012-12-17,351,12,0.0,2012,"{""type"":""MultiPoint"",""coordinates"":[]}"
20121218,2012-12-18,352,12,0.0,2012,"{""type"":""MultiPoint"",""coordinates"":[]}"
20121219,2012-12-19,353,12,0.0,2012,"{""type"":""MultiPoint"",""coordinates"":[]}"
20121220,2012-12-20,354,12,0.0,2012,"{""type"":""MultiPoint"",""coordinates"":[]}"
20121221,2012-12-21,355,12,0.0,2012,"{""type"":""MultiPoint"",""coordinates"":[]}"
20121222,2012-12-22,356,12,0.0,2012,"{""type"":""MultiPoint"",""coordinates"":[]}"
20121223,2012-12-23,357,12,0.0,2012,"{""type"":""MultiPoint"",""coordinates"":[]}"
20121224,2012-12-24,358,12,0.0,2012,"{""type"":""MultiPoint"",""coordinates"":[]}"
20121225,2012-12-25,359,12,0.0,2012,"{""type"":""MultiPoint"",""coordinates"":[]}"
20121226,2012-12-26,360,12,0.0,2012,"{""type"":""MultiPoint"",""coordinates"":[]}"
20121227,2012-12-27,361,12,0.0,2012,"{""type"":""MultiPoint"",""coordinates"":[]}"
20121228,2012-12-28,362,12,0.0,2012,"{""type"":""MultiPoint"",""coordinates"":[]}"
20121229,2012-12-29,363,12,0.0,2012,"{""type"":""MultiPoint"",""coordinates"":[]}"
20121230,2012-12-30,364,12,0.0,2012,"{""type"":""MultiPoint"",""coordinates"":[]}"
20121231,2012-12-31,365,12,0.0,2012,"{""type"":""MultiPoint"",""coordinates"":[]}"
20130101,2013-01-01,0,1,0.0,2013,"{""type"":""MultiPoint"",""coordinates"":[]}"
20130102,2013-01-02,1,1,0.0,2013,"{""type"":""MultiPoint"",""coordinates"":[]}"
20130103,2013-01-03,2,1,0.0,2013,"{""type"":""MultiPoint"",""coordinates"":[]}"
20130104,2013-01-04,3,1,0.0,2013,"{""type"":""MultiPoint"",""coordinates"":[]}"
20130105,2013-01-05,4,1,0.0,2013,"{""type"":""MultiPoint"",""coordinates"":[]}"
20130106,2013-01-06,5,1,0.0,2013,"{""type"":""MultiPoint"",""coordinates"":[]}"
20130107,2013-01-07,6,1,0.0,2013,"{""type"":""MultiPoint"",""coordinates"":[]}"
20130108,2013-01-08,7,1,0.0,2013,"{""type"":""MultiPoint"",""coordinates"":[]}"
20130109,2013-01-09,8,1,0.0,2013,"{""type"":""MultiPoint"",""coordinates"":[]}"
20130110,2013-01-10,9,1,0.0,2013,"{""type"":""MultiPoint"",""coordinates"":[]}"
20130111,2013-01-11,10,1,0.0,2013,"{""type"":""MultiPoint"",""coordinates"":[]}"
20130112,2013-01-12,11,1,0.0,2013,"{""type"":""MultiPoint"",""coordinates"":[]}"
20130113,2013-01-13,12,1,0.0,2013,"{""type"":""MultiPoint"",""coordinates"":[]}"
20130114,2013-01-14,13,1,0.0,2013,"{""type"":""MultiPoint"",""coordinates"":[]}"
20130115,2013-01-15,14,1,0.0,2013,"{""type"":""MultiPoint"",""coordinates"":[]}"
20130116,2013-01-16,15,1,0.0,2013,"{""type"":""MultiPoint"",""coordinates"":[]}"
20130117,2013-01-17,16,1,0.0,2013,"{""type"":""MultiPoint"",""coordinates"":[]}"
20130118,2013-01-18,17,1,0.0,2013,"{""type"":""MultiPoint"",""coordinates"":[]}"
20130119,2013-01-19,18,1,0.0,2013,"{""type"":""MultiPoint"",""coordinates"":[]}"
20130120,2013-01-20,19,1,0.0,2013,"{""type"":""MultiPoint"",""coordinates"":[]}"
20130121,2013-01-21,20,1,0.0,2013,"{""type"":""MultiPoint"",""coordinates"":[]}"
20130122,2013-01-22,21,1,0.0,2013,"{""type"":""MultiPoint"",""coordinates"":[]}"
20130123,2013-01-23,22,1,0.0,2013,"{""type"":""MultiPoint"",""coordinates"":[]}"
20130124,2013-01-24,23,1,0.0,2013,"{""type"":""MultiPoint"",""coordinates"":[]}"
20130125,2013-01-25,24,1,0.0,2013,"{""type"":""MultiPoint"",""coordinates"":[]}"
20130126,2013-01-26,25,1,0.0,2013,"{""type"":""MultiPoint"",""coordinates"":[]}"
20130127,2013-01-27,26,1,3.415929649570623E-10,2013,"{""type"":""MultiPoint"",""coordinates"":[]}"
20130128,2013-01-28,27,1,0.0,2013,"{""type"":""MultiPoint"",""coordinates"":[]}"
20130129,2013-01-29,28,1,0.0,2013,"{""type"":""MultiPoint"",""coordinates"":[]}"
20130130,2013-01-30,29,1,0.0,2013,"{""type"":""MultiPoint"",""coordinates"":[]}"
20130131,2013-01-31,30,1,0.0,2013,"{""type"":""MultiPoint"",""coordinates"":[]}"
20130201,2013-02-01,31,2,0.0,2013,"{""type"":""MultiPoint"",""coordinates"":[]}"
20130202,2013-02-02,32,2,0.0,2013,"{""type"":""MultiPoint"",""coordinates"":[]}"
20130203,2013-02-03,33,2,0.0,2013,"{""type"":""MultiPoint"",""coordinates"":[]}"
20130204,2013-02-04,34,2,0.0,2013,"{""type"":""MultiPoint"",""coordinates"":[]}"
20130205,2013-02-05,35,2,0.0,2013,"{""type"":""MultiPoint"",""coordinates"":[]}"
20130206,2013-02-06,36,2,0.0,2013,"{""type"":""MultiPoint"",""coordinates"":[]}"
20130207,2013-02-07,37,2,0.0,2013,"{""type"":""MultiPoint"",""coordinates"":[]}"
20130208,2013-02-08,38,2,0.0,2013,"{""type"":""MultiPoint"",""coordinates"":[]}"
20130209,2013-02-09,39,2,0.0,2013,"{""type"":""MultiPoint"",""coordinates"":[]}"
20130210,2013-02-10,40,2,0.0,2013,"{""type"":""MultiPoint"",""coordinates"":[]}"
20130211,2013-02-11,41,2,0.0,2013,"{""type"":""MultiPoint"",""coordinates"":[]}"
20130212,2013-02-12,42,2,0.0,2013,"{""type"":""MultiPoint"",""coordinates"":[]}"
20130213,2013-02-13,43,2,0.0,2013,"{""type"":""MultiPoint"",""coordinates"":[]}"
20130214,2013-02-14,44,2,0.0,2013,"{""type"":""MultiPoint"",""coordinates"":[]}"
20130215,2013-02-15,45,2,0.0,2013,"{""type"":""MultiPoint"",""coordinates"":[]}"
20130216,2013-02-16,46,2,0.0,2013,"{""type"":""MultiPoint"",""coordinates"":[]}"
20130217,2013-02-17,47,2,0.0,2013,"{""type"":""MultiPoint"",""coordinates"":[]}"
20130218,2013-02-18,48,2,7.681829050521959E-6,2013,"{""type"":""MultiPoint"",""coordinates"":[]}"
20130219,2013-02-19,49,2,0.0,2013,"{""type"":""MultiPoint"",""coordinates"":[]}"
20130220,2013-02-20,50,2,0.0,2013,"{""type"":""MultiPoint"",""coordinates"":[]}"
20130221,2013-02-21,51,2,0.0,2013,"{""type"":""MultiPoint"",""coordinates"":[]}"
20130222,2013-02-22,52,2,0.0,2013,"{""type"":""MultiPoint"",""coordinates"":[]}"
20130223,2013-02-23,53,2,7.742002907425466E-4,2013,"{""type"":""MultiPoint"",""coordinates"":[]}"
20130224,2013-02-24,54,2,0.0,2013,"{""type"":""MultiPoint"",""coordinates"":[]}"
20130225,2013-02-25,55,2,0.0,2013,"{""type"":""MultiPoint"",""coordinates"":[]}"
20130226,2013-02-26,56,2,0.0,2013,"{""type"":""MultiPoint"",""coordinates"":[]}"
20130227,2013-02-27,57,2,0.0,2013,"{""type"":""MultiPoint"",""coordinates"":[]}"
20130228,2013-02-28,58,2,0.0,2013,"{""type"":""MultiPoint"",""coordinates"":[]}"
20130301,2013-03-01,59,3,0.0,2013,"{""type"":""MultiPoint"",""coordinates"":[]}"
20130302,2013-03-02,60,3,0.0,2013,"{""type"":""MultiPoint"",""coordinates"":[]}"
20130303,2013-03-03,61,3,0.0,2013,"{""type"":""MultiPoint"",""coordinates"":[]}"
20130304,2013-03-04,62,3,0.0,2013,"{""type"":""MultiPoint"",""coordinates"":[]}"
20130305,2013-03-05,63,3,0.0,2013,"{""type"":""MultiPoint"",""coordinates"":[]}"
20130306,2013-03-06,64,3,0.0,2013,"{""type"":""MultiPoint"",""coordinates"":[]}"
20130307,2013-03-07,65,3,0.0,2013,"{""type"":""MultiPoint"",""coordinates"":[]}"
20130308,2013-03-08,66,3,0.0,2013,"{""type"":""MultiPoint"",""coordinates"":[]}"
20130309,2013-03-09,67,3,0.0,2013,"{""type"":""MultiPoint"",""coordinates"":[]}"
20130310,2013-03-10,68,3,0.0,2013,"{""type"":""MultiPoint"",""coordinates"":[]}"
20130311,2013-03-11,69,3,0.0,2013,"{""type"":""MultiPoint"",""coordinates"":[]}"
20130312,2013-03-12,70,3,0.0,2013,"{""type"":""MultiPoint"",""coordinates"":[]}"
20130313,2013-03-13,71,3,0.0,2013,"{""type"":""MultiPoint"",""coordinates"":[]}"
20130314,2013-03-14,72,3,0.0,2013,"{""type"":""MultiPoint"",""coordinates"":[]}"
20130315,2013-03-15,73,3,0.0,2013,"{""type"":""MultiPoint"",""coordinates"":[]}"
20130316,2013-03-16,74,3,0.0,2013,"{""type"":""MultiPoint"",""coordinates"":[]}"
20130317,2013-03-17,75,3,0.0,2013,"{""type"":""MultiPoint"",""coordinates"":[]}"
20130318,2013-03-18,76,3,0.0,2013,"{""type"":""MultiPoint"",""coordinates"":[]}"
20130319,2013-03-19,77,3,0.0,2013,"{""type"":""MultiPoint"",""coordinates"":[]}"
20130320,2013-03-20,78,3,0.0,2013,"{""type"":""MultiPoint"",""coordinates"":[]}"
20130321,2013-03-21,79,3,0.0,2013,"{""type"":""MultiPoint"",""coordinates"":[]}"
20130322,2013-03-22,80,3,0.3406359234418603,2013,"{""type"":""MultiPoint"",""coordinates"":[]}"
20130323,2013-03-23,81,3,0.002862647326305659,2013,"{""type"":""MultiPoint"",""coordinates"":[]}"
20130324,2013-03-24,82,3,0.0,2013,"{""type"":""MultiPoint"",""coordinates"":[]}"
20130325,2013-03-25,83,3,0.0,2013,"{""type"":""MultiPoint"",""coordinates"":[]}"
20130326,2013-03-26,84,3,0.0,2013,"{""type"":""MultiPoint"",""coordinates"":[]}"
20130327,2013-03-27,85,3,0.0,2013,"{""type"":""MultiPoint"",""coordinates"":[]}"
20130328,2013-03-28,86,3,0.0,2013,"{""type"":""MultiPoint"",""coordinates"":[]}"
20130329,2013-03-29,87,3,0.0,2013,"{""type"":""MultiPoint"",""coordinates"":[]}"
20130330,2013-03-30,88,3,0.007345699489553463,2013,"{""type"":""MultiPoint"",""coordinates"":[]}"
20130331,2013-03-31,89,3,0.0,2013,"{""type"":""MultiPoint"",""coordinates"":[]}"
20130401,2013-04-01,90,4,0.0,2013,"{""type"":""MultiPoint"",""coordinates"":[]}"
20130402,2013-04-02,91,4,0.35872605431785815,2013,"{""type"":""MultiPoint"",""coordinates"":[]}"
20130403,2013-04-03,92,4,0.0,2013,"{""type"":""MultiPoint"",""coordinates"":[]}"
20130404,2013-04-04,93,4,0.0,2013,"{""type"":""MultiPoint"",""coordinates"":[]}"
20130405,2013-04-05,94,4,0.0,2013,"{""type"":""MultiPoint"",""coordinates"":[]}"
20130406,2013-04-06,95,4,0.0,2013,"{""type"":""MultiPoint"",""coordinates"":[]}"
20130407,2013-04-07,96,4,1.2751848985237944,2013,"{""type"":""MultiPoint"",""coordinates"":[]}"
20130408,2013-04-08,97,4,0.0,2013,"{""type"":""MultiPoint"",""coordinates"":[]}"
20130409,2013-04-09,98,4,0.0,2013,"{""type"":""MultiPoint"",""coordinates"":[]}"
20130410,2013-04-10,99,4,0.014389156126508526,2013,"{""type"":""MultiPoint"",""coordinates"":[]}"
20130411,2013-04-11,100,4,0.0,2013,"{""type"":""MultiPoint"",""coordinates"":[]}"
20130412,2013-04-12,101,4,0.0,2013,"{""type"":""MultiPoint"",""coordinates"":[]}"
20130413,2013-04-13,102,4,0.0,2013,"{""type"":""MultiPoint"",""coordinates"":[]}"
20130414,2013-04-14,103,4,0.0,2013,"{""type"":""MultiPoint"",""coordinates"":[]}"
20130415,2013-04-15,104,4,0.0,2013,"{""type"":""MultiPoint"",""coordinates"":[]}"
20130416,2013-04-16,105,4,0.0,2013,"{""type"":""MultiPoint"",""coordinates"":[]}"
20130417,2013-04-17,106,4,0.0,2013,"{""type"":""MultiPoint"",""coordinates"":[]}"
20130418,2013-04-18,107,4,0.0,2013,"{""type"":""MultiPoint"",""coordinates"":[]}"
20130419,2013-04-19,108,4,0.0,2013,"{""type"":""MultiPoint"",""coordinates"":[]}"
20130420,2013-04-20,109,4,0.9199307109488428,2013,"{""type"":""MultiPoint"",""coordinates"":[]}"
20130421,2013-04-21,110,4,0.01901898207723988,2013,"{""type"":""MultiPoint"",""coordinates"":[]}"
20130422,2013-04-22,111,4,0.09650979650141013,2013,"{""type"":""MultiPoint"",""coordinates"":[]}"
20130423,2013-04-23,112,4,0.0,2013,"{""type"":""MultiPoint"",""coordinates"":[]}"
20130424,2013-04-24,113,4,0.0,2013,"{""type"":""MultiPoint"",""coordinates"":[]}"
20130425,2013-04-25,114,4,0.7098750782428483,2013,"{""type"":""MultiPoint"",""coordinates"":[]}"
20130426,2013-04-26,115,4,0.0,2013,"{""type"":""MultiPoint"",""coordinates"":[]}"
20130427,2013-04-27,116,4,0.0,2013,"{""type"":""MultiPoint"",""coordinates"":[]}"
20130428,2013-04-28,117,4,0.550976858242452,2013,"{""type"":""MultiPoint"",""coordinates"":[]}"
20130429,2013-04-29,118,4,0.0,2013,"{""type"":""MultiPoint"",""coordinates"":[]}"
20130430,2013-04-30,119,4,0.0,2013,"{""type"":""MultiPoint"",""coordinates"":[]}"
20130501,2013-05-01,120,5,0.3518449823840771,2013,"{""type"":""MultiPoint"",""coordinates"":[]}"
20130502,2013-05-02,121,5,0.0,2013,"{""type"":""MultiPoint"",""coordinates"":[]}"
20130503,2013-05-03,122,5,0.0,2013,"{""type"":""MultiPoint"",""coordinates"":[]}"
20130504,2013-05-04,123,5,0.0,2013,"{""type"":""MultiPoint"",""coordinates"":[]}"
20130505,2013-05-05,124,5,0.0,2013,"{""type"":""MultiPoint"",""coordinates"":[]}"
20130506,2013-05-06,125,5,0.03608627391583992,2013,"{""type"":""MultiPoint"",""coordinates"":[]}"
20130507,2013-05-07,126,5,0.17522173337262087,2013,"{""type"":""MultiPoint"",""coordinates"":[]}"
20130508,2013-05-08,127,5,4.931165463807773,2013,"{""type"":""MultiPoint"",""coordinates"":[]}"
20130509,2013-05-09,128,5,0.0,2013,"{""type"":""MultiPoint"",""coordinates"":[]}"
20130510,2013-05-10,129,5,0.0,2013,"{""type"":""MultiPoint"",""coordinates"":[]}"
20130511,2013-05-11,130,5,1.639162495953656,2013,"{""type"":""MultiPoint"",""coordinates"":[]}"
20130512,2013-05-12,131,5,2.287001922522991,2013,"{""type"":""MultiPoint"",""coordinates"":[]}"
20130513,2013-05-13,132,5,0.0,2013,"{""type"":""MultiPoint"",""coordinates"":[]}"
20130514,2013-05-14,133,5,0.0,2013,"{""type"":""MultiPoint"",""coordinates"":[]}"
20130515,2013-05-15,134,5,0.0,2013,"{""type"":""MultiPoint"",""coordinates"":[]}"
20130516,2013-05-16,135,5,0.0,2013,"{""type"":""MultiPoint"",""coordinates"":[]}"
20130517,2013-05-17,136,5,9.612396321076642E-4,2013,"{""type"":""MultiPoint"",""coordinates"":[]}"
20130518,2013-05-18,137,5,0.0,2013,"{""type"":""MultiPoint"",""coordinates"":[]}"
20130519,2013-05-19,138,5,0.0,2013,"{""type"":""MultiPoint"",""coordinates"":[]}"
20130520,2013-05-20,139,5,0.0940494772513849,2013,"{""type"":""MultiPoint"",""coordinates"":[]}"
20130521,2013-05-21,140,5,0.5774493961198232,2013,"{""type"":""MultiPoint"",""coordinates"":[]}"
20130522,2013-05-22,141,5,0.2756257465178954,2013,"{""type"":""MultiPoint"",""coordinates"":[]}"
20130523,2013-05-23,142,5,0.20202345197851007,2013,"{""type"":""MultiPoint"",""coordinates"":[]}"
20130524,2013-05-24,143,5,3.1188701042965574,2013,"{""type"":""MultiPoint"",""coordinates"":[]}"
20130525,2013-05-25,144,5,0.03120942067618322,2013,"{""type"":""MultiPoint"",""coordinates"":[]}"
20130526,2013-05-26,145,5,0.07356056300076572,2013,"{""type"":""MultiPoint"",""coordinates"":[]}"
20130527,2013-05-27,146,5,0.03705141814209773,2013,"{""type"":""MultiPoint"",""coordinates"":[]}"
20130528,2013-05-28,147,5,8.385507211044866,2013,"{""type"":""MultiPoint"",""coordinates"":[]}"
20130529,2013-05-29,148,5,3.4978912311583428,2013,"{""type"":""MultiPoint"",""coordinates"":[]}"
20130530,2013-05-30,149,5,0.0,2013,"{""type"":""MultiPoint"",""coordinates"":[]}"
20130531,2013-05-31,150,5,0.0,2013,"{""type"":""MultiPoint"",""coordinates"":[]}"
20130601,2013-06-01,151,6,3.4779085476437652,2013,"{""type"":""MultiPoint"",""coordinates"":[]}"
20130602,2013-06-02,152,6,6.694802935417631,2013,"{""type"":""MultiPoint"",""coordinates"":[]}"
20130603,2013-06-03,153,6,1.407334187616804,2013,"{""type"":""MultiPoint"",""coordinates"":[]}"
20130604,2013-06-04,154,6,0.21638464623098208,2013,"{""type"":""MultiPoint"",""coordinates"":[]}"
20130605,2013-06-05,155,6,4.418972688161351,2013,"{""type"":""MultiPoint"",""coordinates"":[]}"
20130606,2013-06-06,156,6,0.0,2013,"{""type"":""MultiPoint"",""coordinates"":[]}"
20130607,2013-06-07,157,6,0.12395162567286756,2013,"{""type"":""MultiPoint"",""coordinates"":[]}"
20130608,2013-06-08,158,6,4.233039517146711,2013,"{""type"":""MultiPoint"",""coordinates"":[]}"
20130609,2013-06-09,159,6,0.0,2013,"{""type"":""MultiPoint"",""coordinates"":[]}"
20130610,2013-06-10,160,6,0.5944571996778751,2013,"{""type"":""MultiPoint"",""coordinates"":[]}"
20130611,2013-06-11,161,6,0.0,2013,"{""type"":""MultiPoint"",""coordinates"":[]}"
20130612,2013-06-12,162,6,1.646492958777162,2013,"{""type"":""MultiPoint"",""coordinates"":[]}"
20130613,2013-06-13,163,6,4.1378693937617825,2013,"{""type"":""MultiPoint"",""coordinates"":[]}"
20130614,2013-06-14,164,6,6.1610171137103515,2013,"{""type"":""MultiPoint"",""coordinates"":[]}"
20130615,2013-06-15,165,6,2.358996189143498,2013,"{""type"":""MultiPoint"",""coordinates"":[]}"
20130616,2013-06-16,166,6,3.715675358537118,2013,"{""type"":""MultiPoint"",""coordinates"":[]}"
20130617,2013-06-17,167,6,4.934335060321735,2013,"{""type"":""MultiPoint"",""coordinates"":[]}"
20130618,2013-06-18,168,6,2.366887819249929,2013,"{""type"":""MultiPoint"",""coordinates"":[]}"
20130619,2013-06-19,169,6,0.8871681245158606,2013,"{""type"":""MultiPoint"",""coordinates"":[]}"
20130620,2013-06-20,170,6,0.0,2013,"{""type"":""MultiPoint"",""coordinates"":[]}"
20130621,2013-06-21,171,6,2.040058960959944,2013,"{""type"":""MultiPoint"",""coordinates"":[]}"
20130622,2013-06-22,172,6,6.229096854788451,2013,"{""type"":""MultiPoint"",""coordinates"":[]}"
20130623,2013-06-23,173,6,6.811557404096351,2013,"{""type"":""MultiPoint"",""coordinates"":[]}"
20130624,2013-06-24,174,6,6.405958251354362,2013,"{""type"":""MultiPoint"",""coordinates"":[]}"
20130625,2013-06-25,175,6,2.460680294707403,2013,"{""type"":""MultiPoint"",""coordinates"":[]}"
20130626,2013-06-26,176,6,11.760441835433284,2013,"{""type"":""MultiPoint"",""coordinates"":[]}"
20130627,2013-06-27,177,6,5.581563541454286,2013,"{""type"":""MultiPoint"",""coordinates"":[]}"
20130628,2013-06-28,178,6,0.12687928427750814,2013,"{""type"":""MultiPoint"",""coordinates"":[]}"
20130629,2013-06-29,179,6,2.912408076080621,2013,"{""type"":""MultiPoint"",""coordinates"":[]}"
20130630,2013-06-30,180,6,6.37845310132606,2013,"{""type"":""MultiPoint"",""coordinates"":[]}"
20130701,2013-07-01,181,7,6.822435101274689,2013,"{""type"":""MultiPoint"",""coordinates"":[]}"
20130702,2013-07-02,182,7,7.866761239407488,2013,"{""type"":""MultiPoint"",""coordinates"":[]}"
20130703,2013-07-03,183,7,0.06524355483777595,2013,"{""type"":""MultiPoint"",""coordinates"":[]}"
20130704,2013-07-04,184,7,3.398465692418523,2013,"{""type"":""MultiPoint"",""coordinates"":[]}"
20130705,2013-07-05,185,7,0.0,2013,"{""type"":""MultiPoint"",""coordinates"":[]}"
20130706,2013-07-06,186,7,13.823640158871047,2013,"{""type"":""MultiPoint"",""coordinates"":[]}"
20130707,2013-07-07,187,7,1.0866356670419681,2013,"{""type"":""MultiPoint"",""coordinates"":[]}"
20130708,2013-07-08,188,7,0.35481876216328573,2013,"{""type"":""MultiPoint"",""coordinates"":[]}"
20130709,2013-07-09,189,7,0.04959650326776231,2013,"{""type"":""MultiPoint"",""coordinates"":[]}"
20130710,2013-07-10,190,7,9.70707504124565,2013,"{""type"":""MultiPoint"",""coordinates"":[]}"
20130711,2013-07-11,191,7,5.460228051967399,2013,"{""type"":""MultiPoint"",""coordinates"":[]}"
20130712,2013-07-12,192,7,0.0,2013,"{""type"":""MultiPoint"",""coordinates"":[]}"
20130713,2013-07-13,193,7,2.6793230505928376,2013,"{""type"":""MultiPoint"",""coordinates"":[]}"
20130714,2013-07-14,194,7,5.294520483462733,2013,"{""type"":""MultiPoint"",""coordinates"":[]}"
20130715,2013-07-15,195,7,9.583845013508729,2013,"{""type"":""MultiPoint"",""coordinates"":[]}"
20130716,2013-07-16,196,7,0.20324357029564855,2013,"{""type"":""MultiPoint"",""coordinates"":[]}"
20130717,2013-07-17,197,7,10.127069455889291,2013,"{""type"":""MultiPoint"",""coordinates"":[]}"
20130718,2013-07-18,198,7,0.0011447909138513853,2013,"{""type"":""MultiPoint"",""coordinates"":[]}"
20130719,2013-07-19,199,7,3.853582375119006,2013,"{""type"":""MultiPoint"",""coordinates"":[]}"
20130720,2013-07-20,200,7,20.240507584653248,2013,"{""type"":""MultiPoint"",""coordinates"":[]}"
20130721,2013-07-21,201,7,10.189304720885591,2013,"{""type"":""MultiPoint"",""coordinates"":[]}"
20130722,2013-07-22,202,7,5.454601501422157,2013,"{""type"":""MultiPoint"",""coordinates"":[]}"
20130723,2013-07-23,203,7,16.04330168225596,2013,"{""type"":""MultiPoint"",""coordinates"":[]}"
20130724,2013-07-24,204,7,0.0,2013,"{""type"":""MultiPoint"",""coordinates"":[]}"
20130725,2013-07-25,205,7,7.117190541218097,2013,"{""type"":""MultiPoint"",""coordinates"":[]}"
20130726,2013-07-26,206,7,1.3802603565600633,2013,"{""type"":""MultiPoint"",""coordinates"":[]}"
20130727,2013-07-27,207,7,0.11458937053185543,2013,"{""type"":""MultiPoint"",""coordinates"":[]}"
20130728,2013-07-28,208,7,5.494183867821531,2013,"{""type"":""MultiPoint"",""coordinates"":[]}"
20130729,2013-07-29,209,7,8.033603101467044,2013,"{""type"":""MultiPoint"",""coordinates"":[]}"
20130730,2013-07-30,210,7,0.0,2013,"{""type"":""MultiPoint"",""coordinates"":[]}"
20130731,2013-07-31,211,7,3.9800705226914057,2013,"{""type"":""MultiPoint"",""coordinates"":[]}"
20130801,2013-08-01,212,8,12.207559119736612,2013,"{""type"":""MultiPoint"",""coordinates"":[]}"
20130802,2013-08-02,213,8,0.5020754267895994,2013,"{""type"":""MultiPoint"",""coordinates"":[]}"
20130803,2013-08-03,214,8,4.695207377522741,2013,"{""type"":""MultiPoint"",""coordinates"":[]}"
20130804,2013-08-04,215,8,4.821739579503148,2013,"{""type"":""MultiPoint"",""coordinates"":[]}"
20130805,2013-08-05,216,8,11.445177155406101,2013,"{""type"":""MultiPoint"",""coordinates"":[]}"
20130806,2013-08-06,217,8,8.147252587663887,2013,"{""type"":""MultiPoint"",""coordinates"":[]}"
20130807,2013-08-07,218,8,1.0498414104304519,2013,"{""type"":""MultiPoint"",""coordinates"":[]}"
20130808,2013-08-08,219,8,6.2729441641722365,2013,"{""type"":""MultiPoint"",""coordinates"":[]}"
20130809,2013-08-09,220,8,1.263282297105689,2013,"{""type"":""MultiPoint"",""coordinates"":[]}"
20130810,2013-08-10,221,8,4.738219721762585,2013,"{""type"":""MultiPoint"",""coordinates"":[]}"
20130811,2013-08-11,222,8,14.028734452041169,2013,"{""type"":""MultiPoint"",""coordinates"":[]}"
20130812,2013-08-12,223,8,4.818866127858094,2013,"{""type"":""MultiPoint"",""coordinates"":[]}"
20130813,2013-08-13,224,8,1.9084341063738388,2013,"{""type"":""MultiPoint"",""coordinates"":[]}"
20130814,2013-08-14,225,8,10.568967103816465,2013,"{""type"":""MultiPoint"",""coordinates"":[]}"
20130815,2013-08-15,226,8,0.0,2013,"{""type"":""MultiPoint"",""coordinates"":[]}"
20130816,2013-08-16,227,8,7.953147001515806,2013,"{""type"":""MultiPoint"",""coordinates"":[]}"
20130817,2013-08-17,228,8,6.550733725229898,2013,"{""type"":""MultiPoint"",""coordinates"":[]}"
20130818,2013-08-18,229,8,6.540373537275528,2013,"{""type"":""MultiPoint"",""coordinates"":[]}"
20130819,2013-08-19,230,8,1.6582503065918428,2013,"{""type"":""MultiPoint"",""coordinates"":[]}"
20130820,2013-08-20,231,8,4.195327187793328,2013,"{""type"":""MultiPoint"",""coordinates"":[]}"
20130821,2013-08-21,232,8,9.986443009794904,2013,"{""type"":""MultiPoint"",""coordinates"":[]}"
20130822,2013-08-22,233,8,0.4060435239738416,2013,"{""type"":""MultiPoint"",""coordinates"":[]}"
20130823,2013-08-23,234,8,4.502590056338341,2013,"{""type"":""MultiPoint"",""coordinates"":[]}"
20130824,2013-08-24,235,8,0.6005097211859302,2013,"{""type"":""MultiPoint"",""coordinates"":[]}"
20130825,2013-08-25,236,8,0.41860604737153917,2013,"{""type"":""MultiPoint"",""coordinates"":[]}"
20130826,2013-08-26,237,8,5.830020379444046E-4,2013,"{""type"":""MultiPoint"",""coordinates"":[]}"
20130827,2013-08-27,238,8,1.8813521241074531,2013,"{""type"":""MultiPoint"",""coordinates"":[]}"
20130828,2013-08-28,239,8,6.5269993355921585,2013,"{""type"":""MultiPoint"",""coordinates"":[]}"
20130829,2013-08-29,240,8,0.0,2013,"{""type"":""MultiPoint"",""coordinates"":[]}"
20130830,2013-08-30,241,8,6.820509007435597,2013,"{""type"":""MultiPoint"",""coordinates"":[]}"
20130831,2013-08-31,242,8,0.6095882521735299,2013,"{""type"":""MultiPoint"",""coordinates"":[]}"
20130901,2013-09-01,243,9,4.522469368706271,2013,"{""type"":""MultiPoint"",""coordinates"":[]}"
20130902,2013-09-02,244,9,9.836643824933375,2013,"{""type"":""MultiPoint"",""coordinates"":[]}"
20130903,2013-09-03,245,9,6.126073676115169,2013,"{""type"":""MultiPoint"",""coordinates"":[]}"
20130904,2013-09-04,246,9,9.564394508500833,2013,"{""type"":""MultiPoint"",""coordinates"":[]}"
20130905,2013-09-05,247,9,3.568100619349155,2013,"{""type"":""MultiPoint"",""coordinates"":[]}"
20130906,2013-09-06,248,9,3.5601163881560276,2013,"{""type"":""MultiPoint"",""coordinates"":[]}"
20130907,2013-09-07,249,9,3.06907329709961,2013,"{""type"":""MultiPoint"",""coordinates"":[]}"
20130908,2013-09-08,250,9,5.972291766121543,2013,"{""type"":""MultiPoint"",""coordinates"":[]}"
20130909,2013-09-09,251,9,4.0108190108866095,2013,"{""type"":""MultiPoint"",""coordinates"":[]}"
20130910,2013-09-10,252,9,3.3923435728723264,2013,"{""type"":""MultiPoint"",""coordinates"":[]}"
20130911,2013-09-11,253,9,2.160510418886807,2013,"{""type"":""MultiPoint"",""coordinates"":[]}"
20130912,2013-09-12,254,9,1.5844832291624809,2013,"{""type"":""MultiPoint"",""coordinates"":[]}"
20130913,2013-09-13,255,9,4.319994700736493,2013,"{""type"":""MultiPoint"",""coordinates"":[]}"
20130914,2013-09-14,256,9,0.0,2013,"{""type"":""MultiPoint"",""coordinates"":[]}"
20130915,2013-09-15,257,9,4.006421190957123,2013,"{""type"":""MultiPoint"",""coordinates"":[]}"
20130916,2013-09-16,258,9,0.0,2013,"{""type"":""MultiPoint"",""coordinates"":[]}"
20130917,2013-09-17,259,9,0.8000417580626275,2013,"{""type"":""MultiPoint"",""coordinates"":[]}"
20130918,2013-09-18,260,9,0.015181563920043533,2013,"{""type"":""MultiPoint"",""coordinates"":[]}"
20130919,2013-09-19,261,9,0.0,2013,"{""type"":""MultiPoint"",""coordinates"":[]}"
20130920,2013-09-20,262,9,5.080028689009148,2013,"{""type"":""MultiPoint"",""coordinates"":[]}"
20130921,2013-09-21,263,9,0.0,2013,"{""type"":""MultiPoint"",""coordinates"":[]}"
20130922,2013-09-22,264,9,7.009082152740062,2013,"{""type"":""MultiPoint"",""coordinates"":[]}"
20130923,2013-09-23,265,9,10.09401314762423,2013,"{""type"":""MultiPoint"",""coordinates"":[]}"
20130924,2013-09-24,266,9,11.313709853544971,2013,"{""type"":""MultiPoint"",""coordinates"":[]}"
20130925,2013-09-25,267,9,4.845956517578612,2013,"{""type"":""MultiPoint"",""coordinates"":[]}"
20130926,2013-09-26,268,9,3.1482614564243976,2013,"{""type"":""MultiPoint"",""coordinates"":[]}"
20130927,2013-09-27,269,9,0.03180461901205558,2013,"{""type"":""MultiPoint"",""coordinates"":[]}"
20130928,2013-09-28,270,9,0.596261392869343,2013,"{""type"":""MultiPoint"",""coordinates"":[]}"
20130929,2013-09-29,271,9,3.251181579339761,2013,"{""type"":""MultiPoint"",""coordinates"":[]}"
20130930,2013-09-30,272,9,0.0,2013,"{""type"":""MultiPoint"",""coordinates"":[]}"
20131001,2013-10-01,273,10,0.2693414836384136,2013,"{""type"":""MultiPoint"",""coordinates"":[]}"
20131002,2013-10-02,274,10,4.578283950441496,2013,"{""type"":""MultiPoint"",""coordinates"":[]}"
20131003,2013-10-03,275,10,0.0,2013,"{""type"":""MultiPoint"",""coordinates"":[]}"
20131004,2013-10-04,276,10,0.5755774084708082,2013,"{""type"":""MultiPoint"",""coordinates"":[]}"
20131005,2013-10-05,277,10,3.907970358627011,2013,"{""type"":""MultiPoint"",""coordinates"":[]}"
20131006,2013-10-06,278,10,0.0,2013,"{""type"":""MultiPoint"",""coordinates"":[]}"
20131007,2013-10-07,279,10,4.469850512324383,2013,"{""type"":""MultiPoint"",""coordinates"":[]}"
20131008,2013-10-08,280,10,0.0,2013,"{""type"":""MultiPoint"",""coordinates"":[]}"
20131009,2013-10-09,281,10,0.8201114198292194,2013,"{""type"":""MultiPoint"",""coordinates"":[]}"
20131010,2013-10-10,282,10,0.0,2013,"{""type"":""MultiPoint"",""coordinates"":[]}"
20131011,2013-10-11,283,10,0.0,2013,"{""type"":""MultiPoint"",""coordinates"":[]}"
20131012,2013-10-12,284,10,1.4615773853039264,2013,"{""type"":""MultiPoint"",""coordinates"":[]}"
20131013,2013-10-13,285,10,0.007418192396260271,2013,"{""type"":""MultiPoint"",""coordinates"":[]}"
20131014,2013-10-14,286,10,0.0,2013,"{""type"":""MultiPoint"",""coordinates"":[]}"
20131015,2013-10-15,287,10,0.0,2013,"{""type"":""MultiPoint"",""coordinates"":[]}"
20131016,2013-10-16,288,10,0.0,2013,"{""type"":""MultiPoint"",""coordinates"":[]}"
20131017,2013-10-17,289,10,0.0,2013,"{""type"":""MultiPoint"",""coordinates"":[]}"
20131018,2013-10-18,290,10,0.0,2013,"{""type"":""MultiPoint"",""coordinates"":[]}"
20131019,2013-10-19,291,10,0.0,2013,"{""type"":""MultiPoint"",""coordinates"":[]}"
20131020,2013-10-20,292,10,0.0,2013,"{""type"":""MultiPoint"",""coordinates"":[]}"
20131021,2013-10-21,293,10,0.0,2013,"{""type"":""MultiPoint"",""coordinates"":[]}"
20131022,2013-10-22,294,10,0.0,2013,"{""type"":""MultiPoint"",""coordinates"":[]}"
20131023,2013-10-23,295,10,0.0,2013,"{""type"":""MultiPoint"",""coordinates"":[]}"
20131024,2013-10-24,296,10,0.0,2013,"{""type"":""MultiPoint"",""coordinates"":[]}"
20131025,2013-10-25,297,10,0.0,2013,"{""type"":""MultiPoint"",""coordinates"":[]}"
20131026,2013-10-26,298,10,0.0,2013,"{""type"":""MultiPoint"",""coordinates"":[]}"
20131027,2013-10-27,299,10,0.0,2013,"{""type"":""MultiPoint"",""coordinates"":[]}"
20131028,2013-10-28,300,10,0.0,2013,"{""type"":""MultiPoint"",""coordinates"":[]}"
20131029,2013-10-29,301,10,0.0,2013,"{""type"":""MultiPoint"",""coordinates"":[]}"
20131030,2013-10-30,302,10,0.0,2013,"{""type"":""MultiPoint"",""coordinates"":[]}"
20131031,2013-10-31,303,10,0.0,2013,"{""type"":""MultiPoint"",""coordinates"":[]}"
20131101,2013-11-01,304,11,0.0,2013,"{""type"":""MultiPoint"",""coordinates"":[]}"
20131102,2013-11-02,305,11,0.0,2013,"{""type"":""MultiPoint"",""coordinates"":[]}"
20131103,2013-11-03,306,11,0.15398535312438016,2013,"{""type"":""MultiPoint"",""coordinates"":[]}"
20131104,2013-11-04,307,11,0.0,2013,"{""type"":""MultiPoint"",""coordinates"":[]}"
20131105,2013-11-05,308,11,2.147084204223657E-4,2013,"{""type"":""MultiPoint"",""coordinates"":[]}"
20131106,2013-11-06,309,11,0.0,2013,"{""type"":""MultiPoint"",""coordinates"":[]}"
20131107,2013-11-07,310,11,0.0,2013,"{""type"":""MultiPoint"",""coordinates"":[]}"
20131108,2013-11-08,311,11,0.0,2013,"{""type"":""MultiPoint"",""coordinates"":[]}"
20131109,2013-11-09,312,11,0.0,2013,"{""type"":""MultiPoint"",""coordinates"":[]}"
20131110,2013-11-10,313,11,0.0,2013,"{""type"":""MultiPoint"",""coordinates"":[]}"
20131111,2013-11-11,314,11,0.0,2013,"{""type"":""MultiPoint"",""coordinates"":[]}"
20131112,2013-11-12,315,11,0.0,2013,"{""type"":""MultiPoint"",""coordinates"":[]}"
20131113,2013-11-13,316,11,0.0,2013,"{""type"":""MultiPoint"",""coordinates"":[]}"
20131114,2013-11-14,317,11,0.0,2013,"{""type"":""MultiPoint"",""coordinates"":[]}"
20131115,2013-11-15,318,11,0.0,2013,"{""type"":""MultiPoint"",""coordinates"":[]}"
20131116,2013-11-16,319,11,0.0,2013,"{""type"":""MultiPoint"",""coordinates"":[]}"
20131117,2013-11-17,320,11,0.0,2013,"{""type"":""MultiPoint"",""coordinates"":[]}"
20131118,2013-11-18,321,11,0.0,2013,"{""type"":""MultiPoint"",""coordinates"":[]}"
20131119,2013-11-19,322,11,0.0,2013,"{""type"":""MultiPoint"",""coordinates"":[]}"
20131120,2013-11-20,323,11,0.0,2013,"{""type"":""MultiPoint"",""coordinates"":[]}"
20131121,2013-11-21,324,11,0.0,2013,"{""type"":""MultiPoint"",""coordinates"":[]}"
20131122,2013-11-22,325,11,0.0,2013,"{""type"":""MultiPoint"",""coordinates"":[]}"
20131123,2013-11-23,326,11,0.0,2013,"{""type"":""MultiPoint"",""coordinates"":[]}"
20131124,2013-11-24,327,11,0.0,2013,"{""type"":""MultiPoint"",""coordinates"":[]}"
20131125,2013-11-25,328,11,0.0,2013,"{""type"":""MultiPoint"",""coordinates"":[]}"
20131126,2013-11-26,329,11,0.0,2013,"{""type"":""MultiPoint"",""coordinates"":[]}"
20131127,2013-11-27,330,11,0.0,2013,"{""type"":""MultiPoint"",""coordinates"":[]}"
20131128,2013-11-28,331,11,0.0,2013,"{""type"":""MultiPoint"",""coordinates"":[]}"
20131129,2013-11-29,332,11,0.0,2013,"{""type"":""MultiPoint"",""coordinates"":[]}"
20131130,2013-11-30,333,11,0.0,2013,"{""type"":""MultiPoint"",""coordinates"":[]}"
20131201,2013-12-01,334,12,0.0,2013,"{""type"":""MultiPoint"",""coordinates"":[]}"
20131202,2013-12-02,335,12,0.0,2013,"{""type"":""MultiPoint"",""coordinates"":[]}"
20131203,2013-12-03,336,12,0.0,2013,"{""type"":""MultiPoint"",""coordinates"":[]}"
20131204,2013-12-04,337,12,0.0,2013,"{""type"":""MultiPoint"",""coordinates"":[]}"
20131205,2013-12-05,338,12,0.0,2013,"{""type"":""MultiPoint"",""coordinates"":[]}"
20131206,2013-12-06,339,12,0.0,2013,"{""type"":""MultiPoint"",""coordinates"":[]}"
20131207,2013-12-07,340,12,0.0,2013,"{""type"":""MultiPoint"",""coordinates"":[]}"
20131208,2013-12-08,341,12,0.0,2013,"{""type"":""MultiPoint"",""coordinates"":[]}"
20131209,2013-12-09,342,12,0.0,2013,"{""type"":""MultiPoint"",""coordinates"":[]}"
20131210,2013-12-10,343,12,0.0,2013,"{""type"":""MultiPoint"",""coordinates"":[]}"
20131211,2013-12-11,344,12,0.0,2013,"{""type"":""MultiPoint"",""coordinates"":[]}"
20131212,2013-12-12,345,12,0.0,2013,"{""type"":""MultiPoint"",""coordinates"":[]}"
20131213,2013-12-13,346,12,0.0,2013,"{""type"":""MultiPoint"",""coordinates"":[]}"
20131214,2013-12-14,347,12,0.0,2013,"{""type"":""MultiPoint"",""coordinates"":[]}"
20131215,2013-12-15,348,12,0.0,2013,"{""type"":""MultiPoint"",""coordinates"":[]}"
20131216,2013-12-16,349,12,0.0,2013,"{""type"":""MultiPoint"",""coordinates"":[]}"
20131217,2013-12-17,350,12,0.0,2013,"{""type"":""MultiPoint"",""coordinates"":[]}"
20131218,2013-12-18,351,12,0.0,2013,"{""type"":""MultiPoint"",""coordinates"":[]}"
20131219,2013-12-19,352,12,0.0,2013,"{""type"":""MultiPoint"",""coordinates"":[]}"
20131220,2013-12-20,353,12,0.0,2013,"{""type"":""MultiPoint"",""coordinates"":[]}"
20131221,2013-12-21,354,12,0.0,2013,"{""type"":""MultiPoint"",""coordinates"":[]}"
20131222,2013-12-22,355,12,0.0,2013,"{""type"":""MultiPoint"",""coordinates"":[]}"
20131223,2013-12-23,356,12,0.0,2013,"{""type"":""MultiPoint"",""coordinates"":[]}"
20131224,2013-12-24,357,12,0.0,2013,"{""type"":""MultiPoint"",""coordinates"":[]}"
20131225,2013-12-25,358,12,0.0,2013,"{""type"":""MultiPoint"",""coordinates"":[]}"
20131226,2013-12-26,359,12,0.0,2013,"{""type"":""MultiPoint"",""coordinates"":[]}"
20131227,2013-12-27,360,12,0.0,2013,"{""type"":""MultiPoint"",""coordinates"":[]}"
20131228,2013-12-28,361,12,0.0,2013,"{""type"":""MultiPoint"",""coordinates"":[]}"
20131229,2013-12-29,362,12,0.0,2013,"{""type"":""MultiPoint"",""coordinates"":[]}"
20131230,2013-12-30,363,12,0.0,2013,"{""type"":""MultiPoint"",""coordinates"":[]}"
20131231,2013-12-31,364,12,0.0,2013,"{""type"":""MultiPoint"",""coordinates"":[]}"
20140101,2014-01-01,0,1,0.0,2014,"{""type"":""MultiPoint"",""coordinates"":[]}"
20140102,2014-01-02,1,1,0.0,2014,"{""type"":""MultiPoint"",""coordinates"":[]}"
20140103,2014-01-03,2,1,0.0,2014,"{""type"":""MultiPoint"",""coordinates"":[]}"
20140104,2014-01-04,3,1,0.0,2014,"{""type"":""MultiPoint"",""coordinates"":[]}"
20140105,2014-01-05,4,1,0.0,2014,"{""type"":""MultiPoint"",""coordinates"":[]}"
20140106,2014-01-06,5,1,0.0,2014,"{""type"":""MultiPoint"",""coordinates"":[]}"
20140107,2014-01-07,6,1,0.0,2014,"{""type"":""MultiPoint"",""coordinates"":[]}"
20140108,2014-01-08,7,1,0.0,2014,"{""type"":""MultiPoint"",""coordinates"":[]}"
20140109,2014-01-09,8,1,0.0,2014,"{""type"":""MultiPoint"",""coordinates"":[]}"
20140110,2014-01-10,9,1,0.0,2014,"{""type"":""MultiPoint"",""coordinates"":[]}"
20140111,2014-01-11,10,1,0.0,2014,"{""type"":""MultiPoint"",""coordinates"":[]}"
20140112,2014-01-12,11,1,0.0,2014,"{""type"":""MultiPoint"",""coordinates"":[]}"
20140113,2014-01-13,12,1,0.0,2014,"{""type"":""MultiPoint"",""coordinates"":[]}"
20140114,2014-01-14,13,1,0.0,2014,"{""type"":""MultiPoint"",""coordinates"":[]}"
20140115,2014-01-15,14,1,0.0,2014,"{""type"":""MultiPoint"",""coordinates"":[]}"
20140116,2014-01-16,15,1,0.0,2014,"{""type"":""MultiPoint"",""coordinates"":[]}"
20140117,2014-01-17,16,1,0.0,2014,"{""type"":""MultiPoint"",""coordinates"":[]}"
20140118,2014-01-18,17,1,0.0,2014,"{""type"":""MultiPoint"",""coordinates"":[]}"
20140119,2014-01-19,18,1,0.0,2014,"{""type"":""MultiPoint"",""coordinates"":[]}"
20140120,2014-01-20,19,1,0.0,2014,"{""type"":""MultiPoint"",""coordinates"":[]}"
20140121,2014-01-21,20,1,0.0,2014,"{""type"":""MultiPoint"",""coordinates"":[]}"
20140122,2014-01-22,21,1,0.0,2014,"{""type"":""MultiPoint"",""coordinates"":[]}"
20140123,2014-01-23,22,1,0.0,2014,"{""type"":""MultiPoint"",""coordinates"":[]}"
20140124,2014-01-24,23,1,0.0,2014,"{""type"":""MultiPoint"",""coordinates"":[]}"
20140125,2014-01-25,24,1,0.0,2014,"{""type"":""MultiPoint"",""coordinates"":[]}"
20140126,2014-01-26,25,1,1.5199524397265179E-5,2014,"{""type"":""MultiPoint"",""coordinates"":[]}"
20140127,2014-01-27,26,1,3.95546993587746E-10,2014,"{""type"":""MultiPoint"",""coordinates"":[]}"
20140128,2014-01-28,27,1,0.0,2014,"{""type"":""MultiPoint"",""coordinates"":[]}"
20140129,2014-01-29,28,1,0.0,2014,"{""type"":""MultiPoint"",""coordinates"":[]}"
20140130,2014-01-30,29,1,0.0,2014,"{""type"":""MultiPoint"",""coordinates"":[]}"
20140131,2014-01-31,30,1,0.0,2014,"{""type"":""MultiPoint"",""coordinates"":[]}"
20140201,2014-02-01,31,2,0.0,2014,"{""type"":""MultiPoint"",""coordinates"":[]}"
20140202,2014-02-02,32,2,0.0,2014,"{""type"":""MultiPoint"",""coordinates"":[]}"
20140203,2014-02-03,33,2,0.0,2014,"{""type"":""MultiPoint"",""coordinates"":[]}"
20140204,2014-02-04,34,2,0.0,2014,"{""type"":""MultiPoint"",""coordinates"":[]}"
20140205,2014-02-05,35,2,0.0,2014,"{""type"":""MultiPoint"",""coordinates"":[]}"
20140206,2014-02-06,36,2,0.0,2014,"{""type"":""MultiPoint"",""coordinates"":[]}"
20140207,2014-02-07,37,2,0.0,2014,"{""type"":""MultiPoint"",""coordinates"":[]}"
20140208,2014-02-08,38,2,0.0,2014,"{""type"":""MultiPoint"",""coordinates"":[]}"
20140209,2014-02-09,39,2,0.0,2014,"{""type"":""MultiPoint"",""coordinates"":[]}"
20140210,2014-02-10,40,2,0.0,2014,"{""type"":""MultiPoint"",""coordinates"":[]}"
20140211,2014-02-11,41,2,0.0,2014,"{""type"":""MultiPoint"",""coordinates"":[]}"
20140212,2014-02-12,42,2,0.0,2014,"{""type"":""MultiPoint"",""coordinates"":[]}"
20140213,2014-02-13,43,2,0.0,2014,"{""type"":""MultiPoint"",""coordinates"":[]}"
20140214,2014-02-14,44,2,0.0,2014,"{""type"":""MultiPoint"",""coordinates"":[]}"
20140215,2014-02-15,45,2,0.0,2014,"{""type"":""MultiPoint"",""coordinates"":[]}"
20140216,2014-02-16,46,2,0.0,2014,"{""type"":""MultiPoint"",""coordinates"":[]}"
20140217,2014-02-17,47,2,0.0,2014,"{""type"":""MultiPoint"",""coordinates"":[]}"
20140218,2014-02-18,48,2,0.0,2014,"{""type"":""MultiPoint"",""coordinates"":[]}"
20140219,2014-02-19,49,2,0.0,2014,"{""type"":""MultiPoint"",""coordinates"":[]}"
20140220,2014-02-20,50,2,0.0,2014,"{""type"":""MultiPoint"",""coordinates"":[]}"
20140221,2014-02-21,51,2,0.0,2014,"{""type"":""MultiPoint"",""coordinates"":[]}"
20140222,2014-02-22,52,2,0.0,2014,"{""type"":""MultiPoint"",""coordinates"":[]}"
20140223,2014-02-23,53,2,0.0,2014,"{""type"":""MultiPoint"",""coordinates"":[]}"
20140224,2014-02-24,54,2,0.0,2014,"{""type"":""MultiPoint"",""coordinates"":[]}"
20140225,2014-02-25,55,2,0.0,2014,"{""type"":""MultiPoint"",""coordinates"":[]}"
20140226,2014-02-26,56,2,0.0,2014,"{""type"":""MultiPoint"",""coordinates"":[]}"
20140227,2014-02-27,57,2,0.0,2014,"{""type"":""MultiPoint"",""coordinates"":[]}"
20140228,2014-02-28,58,2,0.009885879958394874,2014,"{""type"":""MultiPoint"",""coordinates"":[]}"
20140301,2014-03-01,59,3,0.0018936081391733486,2014,"{""type"":""MultiPoint"",""coordinates"":[]}"
20140302,2014-03-02,60,3,0.0,2014,"{""type"":""MultiPoint"",""coordinates"":[]}"
20140303,2014-03-03,61,3,0.0,2014,"{""type"":""MultiPoint"",""coordinates"":[]}"
20140304,2014-03-04,62,3,0.0,2014,"{""type"":""MultiPoint"",""coordinates"":[]}"
20140305,2014-03-05,63,3,0.004308427689502431,2014,"{""type"":""MultiPoint"",""coordinates"":[]}"
20140306,2014-03-06,64,3,0.043906374778126346,2014,"{""type"":""MultiPoint"",""coordinates"":[]}"
20140307,2014-03-07,65,3,5.02652370780972E-4,2014,"{""type"":""MultiPoint"",""coordinates"":[]}"
20140308,2014-03-08,66,3,0.0,2014,"{""type"":""MultiPoint"",""coordinates"":[]}"
20140309,2014-03-09,67,3,0.0,2014,"{""type"":""MultiPoint"",""coordinates"":[]}"
20140310,2014-03-10,68,3,0.0,2014,"{""type"":""MultiPoint"",""coordinates"":[]}"
20140311,2014-03-11,69,3,0.0,2014,"{""type"":""MultiPoint"",""coordinates"":[]}"
20140312,2014-03-12,70,3,0.0,2014,"{""type"":""MultiPoint"",""coordinates"":[]}"
20140313,2014-03-13,71,3,0.0,2014,"{""type"":""MultiPoint"",""coordinates"":[]}"
20140314,2014-03-14,72,3,0.0,2014,"{""type"":""MultiPoint"",""coordinates"":[]}"
20140315,2014-03-15,73,3,0.0,2014,"{""type"":""MultiPoint"",""coordinates"":[]}"
20140316,2014-03-16,74,3,0.0,2014,"{""type"":""MultiPoint"",""coordinates"":[]}"
20140317,2014-03-17,75,3,0.0,2014,"{""type"":""MultiPoint"",""coordinates"":[]}"
20140318,2014-03-18,76,3,0.0,2014,"{""type"":""MultiPoint"",""coordinates"":[]}"
20140319,2014-03-19,77,3,0.0,2014,"{""type"":""MultiPoint"",""coordinates"":[]}"
20140320,2014-03-20,78,3,0.0,2014,"{""type"":""MultiPoint"",""coordinates"":[]}"
20140321,2014-03-21,79,3,0.0,2014,"{""type"":""MultiPoint"",""coordinates"":[]}"
20140322,2014-03-22,80,3,0.0,2014,"{""type"":""MultiPoint"",""coordinates"":[]}"
20140323,2014-03-23,81,3,0.0,2014,"{""type"":""MultiPoint"",""coordinates"":[]}"
20140324,2014-03-24,82,3,0.0,2014,"{""type"":""MultiPoint"",""coordinates"":[]}"
20140325,2014-03-25,83,3,0.009980500485193944,2014,"{""type"":""MultiPoint"",""coordinates"":[]}"
20140326,2014-03-26,84,3,0.05253090428040508,2014,"{""type"":""MultiPoint"",""coordinates"":[]}"
20140327,2014-03-27,85,3,0.9102641176022876,2014,"{""type"":""MultiPoint"",""coordinates"":[]}"
20140328,2014-03-28,86,3,0.2733137792562537,2014,"{""type"":""MultiPoint"",""coordinates"":[]}"
20140329,2014-03-29,87,3,0.0,2014,"{""type"":""MultiPoint"",""coordinates"":[]}"
20140330,2014-03-30,88,3,0.04670997017396514,2014,"{""type"":""MultiPoint"",""coordinates"":[]}"
20140331,2014-03-31,89,3,0.05297504250638247,2014,"{""type"":""MultiPoint"",""coordinates"":[]}"
20140401,2014-04-01,90,4,0.0,2014,"{""type"":""MultiPoint"",""coordinates"":[]}"
20140402,2014-04-02,91,4,0.0,2014,"{""type"":""MultiPoint"",""coordinates"":[]}"
20140403,2014-04-03,92,4,0.0,2014,"{""type"":""MultiPoint"",""coordinates"":[]}"
20140404,2014-04-04,93,4,0.0,2014,"{""type"":""MultiPoint"",""coordinates"":[]}"
20140405,2014-04-05,94,4,0.0,2014,"{""type"":""MultiPoint"",""coordinates"":[]}"
20140406,2014-04-06,95,4,0.0,2014,"{""type"":""MultiPoint"",""coordinates"":[]}"
20140407,2014-04-07,96,4,0.0,2014,"{""type"":""MultiPoint"",""coordinates"":[]}"
20140408,2014-04-08,97,4,0.0,2014,"{""type"":""MultiPoint"",""coordinates"":[]}"
20140409,2014-04-09,98,4,0.01926639766404123,2014,"{""type"":""MultiPoint"",""coordinates"":[]}"
20140410,2014-04-10,99,4,0.0,2014,"{""type"":""MultiPoint"",""coordinates"":[]}"
20140411,2014-04-11,100,4,0.0,2014,"{""type"":""MultiPoint"",""coordinates"":[]}"
20140412,2014-04-12,101,4,0.0,2014,"{""type"":""MultiPoint"",""coordinates"":[]}"
20140413,2014-04-13,102,4,0.025846751344442417,2014,"{""type"":""MultiPoint"",""coordinates"":[]}"
20140414,2014-04-14,103,4,0.005645950635274251,2014,"{""type"":""MultiPoint"",""coordinates"":[]}"
20140415,2014-04-15,104,4,0.446677235576936,2014,"{""type"":""MultiPoint"",""coordinates"":[]}"
20140416,2014-04-16,105,4,0.0,2014,"{""type"":""MultiPoint"",""coordinates"":[]}"
20140417,2014-04-17,106,4,1.2491930145678083,2014,"{""type"":""MultiPoint"",""coordinates"":[]}"
20140418,2014-04-18,107,4,0.009196802221163355,2014,"{""type"":""MultiPoint"",""coordinates"":[]}"
20140419,2014-04-19,108,4,1.3126902255735249,2014,"{""type"":""MultiPoint"",""coordinates"":[]}"
20140420,2014-04-20,109,4,0.10048654715031251,2014,"{""type"":""MultiPoint"",""coordinates"":[]}"
20140421,2014-04-21,110,4,0.17161395888466435,2014,"{""type"":""MultiPoint"",""coordinates"":[]}"
20140422,2014-04-22,111,4,1.0498516836846836,2014,"{""type"":""MultiPoint"",""coordinates"":[]}"
20140423,2014-04-23,112,4,0.7001380611408061,2014,"{""type"":""MultiPoint"",""coordinates"":[]}"
20140424,2014-04-24,113,4,0.01496284356044528,2014,"{""type"":""MultiPoint"",""coordinates"":[]}"
20140425,2014-04-25,114,4,0.03484647924249822,2014,"{""type"":""MultiPoint"",""coordinates"":[]}"
20140426,2014-04-26,115,4,0.3521584654638238,2014,"{""type"":""MultiPoint"",""coordinates"":[]}"
20140427,2014-04-27,116,4,0.665129310743812,2014,"{""type"":""MultiPoint"",""coordinates"":[]}"
20140428,2014-04-28,117,4,0.0,2014,"{""type"":""MultiPoint"",""coordinates"":[]}"
20140429,2014-04-29,118,4,0.0,2014,"{""type"":""MultiPoint"",""coordinates"":[]}"
20140430,2014-04-30,119,4,0.0,2014,"{""type"":""MultiPoint"",""coordinates"":[]}"
20140501,2014-05-01,120,5,5.660112122682845,2014,"{""type"":""MultiPoint"",""coordinates"":[]}"
20140502,2014-05-02,121,5,0.19751712890586468,2014,"{""type"":""MultiPoint"",""coordinates"":[]}"
20140503,2014-05-03,122,5,2.6541913105110337,2014,"{""type"":""MultiPoint"",""coordinates"":[]}"
20140504,2014-05-04,123,5,4.987849218299021,2014,"{""type"":""MultiPoint"",""coordinates"":[]}"
20140505,2014-05-05,124,5,1.1233399554653247,2014,"{""type"":""MultiPoint"",""coordinates"":[]}"
20140506,2014-05-06,125,5,0.03055563018354573,2014,"{""type"":""MultiPoint"",""coordinates"":[]}"
20140507,2014-05-07,126,5,3.6401959716695256,2014,"{""type"":""MultiPoint"",""coordinates"":[]}"
20140508,2014-05-08,127,5,0.5322351808783135,2014,"{""type"":""MultiPoint"",""coordinates"":[]}"
20140509,2014-05-09,128,5,0.24909067816204494,2014,"{""type"":""MultiPoint"",""coordinates"":[]}"
20140510,2014-05-10,129,5,0.0,2014,"{""type"":""MultiPoint"",""coordinates"":[]}"
20140511,2014-05-11,130,5,0.0,2014,"{""type"":""MultiPoint"",""coordinates"":[]}"
20140512,2014-05-12,131,5,5.148220532198759,2014,"{""type"":""MultiPoint"",""coordinates"":[]}"
20140513,2014-05-13,132,5,3.2083962729577378,2014,"{""type"":""MultiPoint"",""coordinates"":[]}"
20140514,2014-05-14,133,5,0.0,2014,"{""type"":""MultiPoint"",""coordinates"":[]}"
20140515,2014-05-15,134,5,0.0,2014,"{""type"":""MultiPoint"",""coordinates"":[]}"
20140516,2014-05-16,135,5,0.0,2014,"{""type"":""MultiPoint"",""coordinates"":[]}"
20140517,2014-05-17,136,5,0.0,2014,"{""type"":""MultiPoint"",""coordinates"":[]}"
20140518,2014-05-18,137,5,0.0,2014,"{""type"":""MultiPoint"",""coordinates"":[]}"
20140519,2014-05-19,138,5,0.0020053908479735504,2014,"{""type"":""MultiPoint"",""coordinates"":[]}"
20140520,2014-05-20,139,5,0.0,2014,"{""type"":""MultiPoint"",""coordinates"":[]}"
20140521,2014-05-21,140,5,2.3180176702247417E-4,2014,"{""type"":""MultiPoint"",""coordinates"":[]}"
20140522,2014-05-22,141,5,0.0,2014,"{""type"":""MultiPoint"",""coordinates"":[]}"
20140523,2014-05-23,142,5,1.0625394197425457,2014,"{""type"":""MultiPoint"",""coordinates"":[]}"
20140524,2014-05-24,143,5,0.0,2014,"{""type"":""MultiPoint"",""coordinates"":[]}"
20140525,2014-05-25,144,5,2.9718975111573585,2014,"{""type"":""MultiPoint"",""coordinates"":[]}"
20140526,2014-05-26,145,5,1.474291287830358,2014,"{""type"":""MultiPoint"",""coordinates"":[]}"
20140527,2014-05-27,146,5,0.0,2014,"{""type"":""MultiPoint"",""coordinates"":[]}"
20140528,2014-05-28,147,5,1.1579122435671194,2014,"{""type"":""MultiPoint"",""coordinates"":[]}"
20140529,2014-05-29,148,5,10.476852833764294,2014,"{""type"":""MultiPoint"",""coordinates"":[]}"
20140530,2014-05-30,149,5,5.190913927108847,2014,"{""type"":""MultiPoint"",""coordinates"":[]}"
20140531,2014-05-31,150,5,0.0,2014,"{""type"":""MultiPoint"",""coordinates"":[]}"
20140601,2014-06-01,151,6,0.0,2014,"{""type"":""MultiPoint"",""coordinates"":[]}"
20140602,2014-06-02,152,6,7.781491160794139,2014,"{""type"":""MultiPoint"",""coordinates"":[]}"
20140603,2014-06-03,153,6,0.0,2014,"{""type"":""MultiPoint"",""coordinates"":[]}"
20140604,2014-06-04,154,6,0.0,2014,"{""type"":""MultiPoint"",""coordinates"":[]}"
20140605,2014-06-05,155,6,0.0,2014,"{""type"":""MultiPoint"",""coordinates"":[]}"
20140606,2014-06-06,156,6,7.799694352821446,2014,"{""type"":""MultiPoint"",""coordinates"":[]}"
20140607,2014-06-07,157,6,0.5982405711079758,2014,"{""type"":""MultiPoint"",""coordinates"":[]}"
20140608,2014-06-08,158,6,0.0,2014,"{""type"":""MultiPoint"",""coordinates"":[]}"
20140609,2014-06-09,159,6,0.0,2014,"{""type"":""MultiPoint"",""coordinates"":[]}"
20140610,2014-06-10,160,6,4.607674667778098,2014,"{""type"":""MultiPoint"",""coordinates"":[]}"
20140611,2014-06-11,161,6,0.0,2014,"{""type"":""MultiPoint"",""coordinates"":[]}"
20140612,2014-06-12,162,6,0.0,2014,"{""type"":""MultiPoint"",""coordinates"":[]}"
20140613,2014-06-13,163,6,0.0,2014,"{""type"":""MultiPoint"",""coordinates"":[]}"
20140614,2014-06-14,164,6,0.0,2014,"{""type"":""MultiPoint"",""coordinates"":[]}"
20140615,2014-06-15,165,6,4.362041516690283,2014,"{""type"":""MultiPoint"",""coordinates"":[]}"
20140616,2014-06-16,166,6,0.0,2014,"{""type"":""MultiPoint"",""coordinates"":[]}"
20140617,2014-06-17,167,6,6.940371018632801,2014,"{""type"":""MultiPoint"",""coordinates"":[]}"
20140618,2014-06-18,168,6,0.0,2014,"{""type"":""MultiPoint"",""coordinates"":[]}"
20140619,2014-06-19,169,6,5.4821717630024835,2014,"{""type"":""MultiPoint"",""coordinates"":[]}"
20140620,2014-06-20,170,6,0.23733935452470875,2014,"{""type"":""MultiPoint"",""coordinates"":[]}"
20140621,2014-06-21,171,6,1.728599472597439,2014,"{""type"":""MultiPoint"",""coordinates"":[]}"
20140622,2014-06-22,172,6,0.0,2014,"{""type"":""MultiPoint"",""coordinates"":[]}"
20140623,2014-06-23,173,6,6.26055894985981,2014,"{""type"":""MultiPoint"",""coordinates"":[]}"
20140624,2014-06-24,174,6,0.0,2014,"{""type"":""MultiPoint"",""coordinates"":[]}"
20140625,2014-06-25,175,6,8.372893880442549,2014,"{""type"":""MultiPoint"",""coordinates"":[]}"
20140626,2014-06-26,176,6,0.0,2014,"{""type"":""MultiPoint"",""coordinates"":[]}"
20140627,2014-06-27,177,6,4.089799418027247,2014,"{""type"":""MultiPoint"",""coordinates"":[]}"
20140628,2014-06-28,178,6,0.5376298434901035,2014,"{""type"":""MultiPoint"",""coordinates"":[]}"
20140629,2014-06-29,179,6,4.619940913722265,2014,"{""type"":""MultiPoint"",""coordinates"":[]}"
20140630,2014-06-30,180,6,0.0,2014,"{""type"":""MultiPoint"",""coordinates"":[]}"
20140701,2014-07-01,181,7,0.0,2014,"{""type"":""MultiPoint"",""coordinates"":[]}"
20140702,2014-07-02,182,7,3.261797784318733,2014,"{""type"":""MultiPoint"",""coordinates"":[]}"
20140703,2014-07-03,183,7,7.331115616220228,2014,"{""type"":""MultiPoint"",""coordinates"":[]}"
20140704,2014-07-04,184,7,0.07610618225251785,2014,"{""type"":""MultiPoint"",""coordinates"":[]}"
20140705,2014-07-05,185,7,4.957396463158815,2014,"{""type"":""MultiPoint"",""coordinates"":[]}"
20140706,2014-07-06,186,7,1.2693183776954067,2014,"{""type"":""MultiPoint"",""coordinates"":[]}"
20140707,2014-07-07,187,7,4.211710272861911,2014,"{""type"":""MultiPoint"",""coordinates"":[]}"
20140708,2014-07-08,188,7,5.7021692113183144,2014,"{""type"":""MultiPoint"",""coordinates"":[]}"
20140709,2014-07-09,189,7,0.0,2014,"{""type"":""MultiPoint"",""coordinates"":[]}"
20140710,2014-07-10,190,7,0.020005187602958295,2014,"{""type"":""MultiPoint"",""coordinates"":[]}"
20140711,2014-07-11,191,7,1.4298504865341881,2014,"{""type"":""MultiPoint"",""coordinates"":[]}"
20140712,2014-07-12,192,7,4.3091954000162875,2014,"{""type"":""MultiPoint"",""coordinates"":[]}"
20140713,2014-07-13,193,7,2.8907960238941213,2014,"{""type"":""MultiPoint"",""coordinates"":[]}"
20140714,2014-07-14,194,7,4.266617176815599,2014,"{""type"":""MultiPoint"",""coordinates"":[]}"
20140715,2014-07-15,195,7,2.1788134393089478,2014,"{""type"":""MultiPoint"",""coordinates"":[]}"
20140716,2014-07-16,196,7,8.317859428097506,2014,"{""type"":""MultiPoint"",""coordinates"":[]}"
20140717,2014-07-17,197,7,0.0,2014,"{""type"":""MultiPoint"",""coordinates"":[]}"
20140718,2014-07-18,198,7,1.0147143899390993,2014,"{""type"":""MultiPoint"",""coordinates"":[]}"
20140719,2014-07-19,199,7,0.0,2014,"{""type"":""MultiPoint"",""coordinates"":[]}"
20140720,2014-07-20,200,7,0.9775680665049984,2014,"{""type"":""MultiPoint"",""coordinates"":[]}"
20140721,2014-07-21,201,7,2.8366273567921625,2014,"{""type"":""MultiPoint"",""coordinates"":[]}"
20140722,2014-07-22,202,7,3.659348384652617,2014,"{""type"":""MultiPoint"",""coordinates"":[]}"
20140723,2014-07-23,203,7,3.9302530471913584,2014,"{""type"":""MultiPoint"",""coordinates"":[]}"
20140724,2014-07-24,204,7,0.47246086052040653,2014,"{""type"":""MultiPoint"",""coordinates"":[]}"
20140725,2014-07-25,205,7,2.615450700714367,2014,"{""type"":""MultiPoint"",""coordinates"":[]}"
20140726,2014-07-26,206,7,0.0,2014,"{""type"":""MultiPoint"",""coordinates"":[]}"
20140727,2014-07-27,207,7,0.0,2014,"{""type"":""MultiPoint"",""coordinates"":[]}"
20140728,2014-07-28,208,7,6.314230148049482,2014,"{""type"":""MultiPoint"",""coordinates"":[]}"
20140729,2014-07-29,209,7,8.684495368318336,2014,"{""type"":""MultiPoint"",""coordinates"":[]}"
20140730,2014-07-30,210,7,2.7095863983451216,2014,"{""type"":""MultiPoint"",""coordinates"":[]}"
20140731,2014-07-31,211,7,10.436307471538445,2014,"{""type"":""MultiPoint"",""coordinates"":[]}"
20140801,2014-08-01,212,8,6.95168557901811,2014,"{""type"":""MultiPoint"",""coordinates"":[]}"
20140802,2014-08-02,213,8,2.5273200048505964,2014,"{""type"":""MultiPoint"",""coordinates"":[]}"
20140803,2014-08-03,214,8,0.6650659215877637,2014,"{""type"":""MultiPoint"",""coordinates"":[]}"
20140804,2014-08-04,215,8,5.895420596632159,2014,"{""type"":""MultiPoint"",""coordinates"":[]}"
20140805,2014-08-05,216,8,0.41687199832850524,2014,"{""type"":""MultiPoint"",""coordinates"":[]}"
20140806,2014-08-06,217,8,6.385557028958765,2014,"{""type"":""MultiPoint"",""coordinates"":[]}"
20140807,2014-08-07,218,8,4.370456431780411,2014,"{""type"":""MultiPoint"",""coordinates"":[]}"
20140808,2014-08-08,219,8,12.971306689967493,2014,"{""type"":""MultiPoint"",""coordinates"":[]}"
20140809,2014-08-09,220,8,0.0,2014,"{""type"":""MultiPoint"",""coordinates"":[]}"
20140810,2014-08-10,221,8,0.47364941566952334,2014,"{""type"":""MultiPoint"",""coordinates"":[]}"
20140811,2014-08-11,222,8,8.087367800869169,2014,"{""type"":""MultiPoint"",""coordinates"":[]}"
20140812,2014-08-12,223,8,0.0,2014,"{""type"":""MultiPoint"",""coordinates"":[]}"
20140813,2014-08-13,224,8,3.522789531283909,2014,"{""type"":""MultiPoint"",""coordinates"":[]}"
20140814,2014-08-14,225,8,11.114710995739674,2014,"{""type"":""MultiPoint"",""coordinates"":[]}"
20140815,2014-08-15,226,8,12.915460392091978,2014,"{""type"":""MultiPoint"",""coordinates"":[]}"
20140816,2014-08-16,227,8,7.716644681687637,2014,"{""type"":""MultiPoint"",""coordinates"":[]}"
20140817,2014-08-17,228,8,0.688385519374123,2014,"{""type"":""MultiPoint"",""coordinates"":[]}"
20140818,2014-08-18,229,8,11.062011554798858,2014,"{""type"":""MultiPoint"",""coordinates"":[]}"
20140819,2014-08-19,230,8,6.773431394425541,2014,"{""type"":""MultiPoint"",""coordinates"":[]}"
20140820,2014-08-20,231,8,0.0,2014,"{""type"":""MultiPoint"",""coordinates"":[]}"
20140821,2014-08-21,232,8,19.24081607175643,2014,"{""type"":""MultiPoint"",""coordinates"":[]}"
20140822,2014-08-22,233,8,0.03199689316027092,2014,"{""type"":""MultiPoint"",""coordinates"":[]}"
20140823,2014-08-23,234,8,0.0,2014,"{""type"":""MultiPoint"",""coordinates"":[]}"
20140824,2014-08-24,235,8,0.0,2014,"{""type"":""MultiPoint"",""coordinates"":[]}"
20140825,2014-08-25,236,8,0.29905700135830726,2014,"{""type"":""MultiPoint"",""coordinates"":[]}"
20140826,2014-08-26,237,8,1.9883237067815878,2014,"{""type"":""MultiPoint"",""coordinates"":[]}"
20140827,2014-08-27,238,8,0.0,2014,"{""type"":""MultiPoint"",""coordinates"":[]}"
20140828,2014-08-28,239,8,0.03486696057424471,2014,"{""type"":""MultiPoint"",""coordinates"":[]}"
20140829,2014-08-29,240,8,7.355454412822227,2014,"{""type"":""MultiPoint"",""coordinates"":[]}"
20140830,2014-08-30,241,8,8.5609716425605,2014,"{""type"":""MultiPoint"",""coordinates"":[]}"
20140831,2014-08-31,242,8,4.544873441557148,2014,"{""type"":""MultiPoint"",""coordinates"":[]}"
20140901,2014-09-01,243,9,2.138360649152519,2014,"{""type"":""MultiPoint"",""coordinates"":[]}"
20140902,2014-09-02,244,9,7.010971647981464,2014,"{""type"":""MultiPoint"",""coordinates"":[]}"
20140903,2014-09-03,245,9,0.977420497847255,2014,"{""type"":""MultiPoint"",""coordinates"":[]}"
20140904,2014-09-04,246,9,0.0,2014,"{""type"":""MultiPoint"",""coordinates"":[]}"
20140905,2014-09-05,247,9,6.12765334190343,2014,"{""type"":""MultiPoint"",""coordinates"":[]}"
20140906,2014-09-06,248,9,3.493544005951,2014,"{""type"":""MultiPoint"",""coordinates"":[]}"
20140907,2014-09-07,249,9,12.727826920186533,2014,"{""type"":""MultiPoint"",""coordinates"":[]}"
20140908,2014-09-08,250,9,9.930685021329996,2014,"{""type"":""MultiPoint"",""coordinates"":[]}"
20140909,2014-09-09,251,9,0.04877331441500372,2014,"{""type"":""MultiPoint"",""coordinates"":[]}"
20140910,2014-09-10,252,9,0.0,2014,"{""type"":""MultiPoint"",""coordinates"":[]}"
20140911,2014-09-11,253,9,2.845671995367525,2014,"{""type"":""MultiPoint"",""coordinates"":[]}"
20140912,2014-09-12,254,9,0.0,2014,"{""type"":""MultiPoint"",""coordinates"":[]}"
20140913,2014-09-13,255,9,3.7830200335558732,2014,"{""type"":""MultiPoint"",""coordinates"":[]}"
20140914,2014-09-14,256,9,0.0,2014,"{""type"":""MultiPoint"",""coordinates"":[]}"
20140915,2014-09-15,257,9,5.326767922911605,2014,"{""type"":""MultiPoint"",""coordinates"":[]}"
20140916,2014-09-16,258,9,2.1448348533472084,2014,"{""type"":""MultiPoint"",""coordinates"":[]}"
20140917,2014-09-17,259,9,0.0,2014,"{""type"":""MultiPoint"",""coordinates"":[]}"
20140918,2014-09-18,260,9,1.0507361079282302,2014,"{""type"":""MultiPoint"",""coordinates"":[]}"
20140919,2014-09-19,261,9,0.7044183053836229,2014,"{""type"":""MultiPoint"",""coordinates"":[]}"
20140920,2014-09-20,262,9,3.7507263141755987,2014,"{""type"":""MultiPoint"",""coordinates"":[]}"
20140921,2014-09-21,263,9,0.15883419730446555,2014,"{""type"":""MultiPoint"",""coordinates"":[]}"
20140922,2014-09-22,264,9,6.412649518169961,2014,"{""type"":""MultiPoint"",""coordinates"":[]}"
20140923,2014-09-23,265,9,0.0,2014,"{""type"":""MultiPoint"",""coordinates"":[]}"
20140924,2014-09-24,266,9,7.056056573429209,2014,"{""type"":""MultiPoint"",""coordinates"":[]}"
20140925,2014-09-25,267,9,0.0,2014,"{""type"":""MultiPoint"",""coordinates"":[]}"
20140926,2014-09-26,268,9,2.4724153381074907,2014,"{""type"":""MultiPoint"",""coordinates"":[]}"
20140927,2014-09-27,269,9,9.178329065828706,2014,"{""type"":""MultiPoint"",""coordinates"":[]}"
20140928,2014-09-28,270,9,0.805474102060307,2014,"{""type"":""MultiPoint"",""coordinates"":[]}"
20140929,2014-09-29,271,9,7.561118445790246,2014,"{""type"":""MultiPoint"",""coordinates"":[]}"
20140930,2014-09-30,272,9,0.0,2014,"{""type"":""MultiPoint"",""coordinates"":[]}"
20141001,2014-10-01,273,10,1.054333327075802,2014,"{""type"":""MultiPoint"",""coordinates"":[]}"
20141002,2014-10-02,274,10,0.0,2014,"{""type"":""MultiPoint"",""coordinates"":[]}"
20141003,2014-10-03,275,10,0.32357723192546267,2014,"{""type"":""MultiPoint"",""coordinates"":[]}"
20141004,2014-10-04,276,10,1.8753512307284355,2014,"{""type"":""MultiPoint"",""coordinates"":[]}"
20141005,2014-10-05,277,10,3.103934515228506,2014,"{""type"":""MultiPoint"",""coordinates"":[]}"
20141006,2014-10-06,278,10,0.0,2014,"{""type"":""MultiPoint"",""coordinates"":[]}"
20141007,2014-10-07,279,10,0.0,2014,"{""type"":""MultiPoint"",""coordinates"":[]}"
20141008,2014-10-08,280,10,0.0,2014,"{""type"":""MultiPoint"",""coordinates"":[]}"
20141009,2014-10-09,281,10,2.3287073802088574,2014,"{""type"":""MultiPoint"",""coordinates"":[]}"
20141010,2014-10-10,282,10,4.469325220214185,2014,"{""type"":""MultiPoint"",""coordinates"":[]}"
20141011,2014-10-11,283,10,2.1188104160707004,2014,"{""type"":""MultiPoint"",""coordinates"":[]}"
20141012,2014-10-12,284,10,1.3677350331542752,2014,"{""type"":""MultiPoint"",""coordinates"":[]}"
20141013,2014-10-13,285,10,4.909934159386723,2014,"{""type"":""MultiPoint"",""coordinates"":[]}"
20141014,2014-10-14,286,10,0.13947568579129974,2014,"{""type"":""MultiPoint"",""coordinates"":[]}"
20141015,2014-10-15,287,10,1.0728866752007618,2014,"{""type"":""MultiPoint"",""coordinates"":[]}"
20141016,2014-10-16,288,10,0.024418813187336068,2014,"{""type"":""MultiPoint"",""coordinates"":[]}"
20141017,2014-10-17,289,10,0.0,2014,"{""type"":""MultiPoint"",""coordinates"":[]}"
20141018,2014-10-18,290,10,0.0,2014,"{""type"":""MultiPoint"",""coordinates"":[]}"
20141019,2014-10-19,291,10,0.0,2014,"{""type"":""MultiPoint"",""coordinates"":[]}"
20141020,2014-10-20,292,10,0.0,2014,"{""type"":""MultiPoint"",""coordinates"":[]}"
20141021,2014-10-21,293,10,0.0,2014,"{""type"":""MultiPoint"",""coordinates"":[]}"
20141022,2014-10-22,294,10,0.0,2014,"{""type"":""MultiPoint"",""coordinates"":[]}"
20141023,2014-10-23,295,10,0.0,2014,"{""type"":""MultiPoint"",""coordinates"":[]}"
20141024,2014-10-24,296,10,0.0,2014,"{""type"":""MultiPoint"",""coordinates"":[]}"
20141025,2014-10-25,297,10,0.24203829997646897,2014,"{""type"":""MultiPoint"",""coordinates"":[]}"
20141026,2014-10-26,298,10,0.010694341226057573,2014,"{""type"":""MultiPoint"",""coordinates"":[]}"
20141027,2014-10-27,299,10,0.24110908155560282,2014,"{""type"":""MultiPoint"",""coordinates"":[]}"
20141028,2014-10-28,300,10,0.0,2014,"{""type"":""MultiPoint"",""coordinates"":[]}"
20141029,2014-10-29,301,10,0.0,2014,"{""type"":""MultiPoint"",""coordinates"":[]}"
20141030,2014-10-30,302,10,0.0,2014,"{""type"":""MultiPoint"",""coordinates"":[]}"
20141031,2014-10-31,303,10,0.0,2014,"{""type"":""MultiPoint"",""coordinates"":[]}"
20141101,2014-11-01,304,11,0.0,2014,"{""type"":""MultiPoint"",""coordinates"":[]}"
20141102,2014-11-02,305,11,0.0,2014,"{""type"":""MultiPoint"",""coordinates"":[]}"
20141103,2014-11-03,306,11,0.0,2014,"{""type"":""MultiPoint"",""coordinates"":[]}"
20141104,2014-11-04,307,11,0.0,2014,"{""type"":""MultiPoint"",""coordinates"":[]}"
20141105,2014-11-05,308,11,0.0,2014,"{""type"":""MultiPoint"",""coordinates"":[]}"
20141106,2014-11-06,309,11,0.0,2014,"{""type"":""MultiPoint"",""coordinates"":[]}"
20141107,2014-11-07,310,11,0.0,2014,"{""type"":""MultiPoint"",""coordinates"":[]}"
20141108,2014-11-08,311,11,0.0,2014,"{""type"":""MultiPoint"",""coordinates"":[]}"
20141109,2014-11-09,312,11,0.0,2014,"{""type"":""MultiPoint"",""coordinates"":[]}"
20141110,2014-11-10,313,11,0.0,2014,"{""type"":""MultiPoint"",""coordinates"":[]}"
20141111,2014-11-11,314,11,0.0,2014,"{""type"":""MultiPoint"",""coordinates"":[]}"
20141112,2014-11-12,315,11,0.0,2014,"{""type"":""MultiPoint"",""coordinates"":[]}"
20141113,2014-11-13,316,11,0.0,2014,"{""type"":""MultiPoint"",""coordinates"":[]}"
20141114,2014-11-14,317,11,0.0,2014,"{""type"":""MultiPoint"",""coordinates"":[]}"
20141115,2014-11-15,318,11,0.0,2014,"{""type"":""MultiPoint"",""coordinates"":[]}"
20141116,2014-11-16,319,11,0.0,2014,"{""type"":""MultiPoint"",""coordinates"":[]}"
20141117,2014-11-17,320,11,0.0,2014,"{""type"":""MultiPoint"",""coordinates"":[]}"
20141118,2014-11-18,321,11,0.004820589060810479,2014,"{""type"":""MultiPoint"",""coordinates"":[]}"
20141119,2014-11-19,322,11,0.0,2014,"{""type"":""MultiPoint"",""coordinates"":[]}"
20141120,2014-11-20,323,11,0.0,2014,"{""type"":""MultiPoint"",""coordinates"":[]}"
20141121,2014-11-21,324,11,0.0,2014,"{""type"":""MultiPoint"",""coordinates"":[]}"
20141122,2014-11-22,325,11,0.0,2014,"{""type"":""MultiPoint"",""coordinates"":[]}"
20141123,2014-11-23,326,11,0.0,2014,"{""type"":""MultiPoint"",""coordinates"":[]}"
20141124,2014-11-24,327,11,0.0,2014,"{""type"":""MultiPoint"",""coordinates"":[]}"
20141125,2014-11-25,328,11,0.0,2014,"{""type"":""MultiPoint"",""coordinates"":[]}"
20141126,2014-11-26,329,11,0.0,2014,"{""type"":""MultiPoint"",""coordinates"":[]}"
20141127,2014-11-27,330,11,0.0,2014,"{""type"":""MultiPoint"",""coordinates"":[]}"
20141128,2014-11-28,331,11,0.0,2014,"{""type"":""MultiPoint"",""coordinates"":[]}"
20141129,2014-11-29,332,11,0.0,2014,"{""type"":""MultiPoint"",""coordinates"":[]}"
20141130,2014-11-30,333,11,0.0,2014,"{""type"":""MultiPoint"",""coordinates"":[]}"
20141201,2014-12-01,334,12,0.0,2014,"{""type"":""MultiPoint"",""coordinates"":[]}"
20141202,2014-12-02,335,12,0.0,2014,"{""type"":""MultiPoint"",""coordinates"":[]}"
20141203,2014-12-03,336,12,0.016402945241926446,2014,"{""type"":""MultiPoint"",""coordinates"":[]}"
20141204,2014-12-04,337,12,0.0,2014,"{""type"":""MultiPoint"",""coordinates"":[]}"
20141205,2014-12-05,338,12,0.0,2014,"{""type"":""MultiPoint"",""coordinates"":[]}"
20141206,2014-12-06,339,12,0.0,2014,"{""type"":""MultiPoint"",""coordinates"":[]}"
20141207,2014-12-07,340,12,0.0,2014,"{""type"":""MultiPoint"",""coordinates"":[]}"
20141208,2014-12-08,341,12,0.0,2014,"{""type"":""MultiPoint"",""coordinates"":[]}"
20141209,2014-12-09,342,12,0.0,2014,"{""type"":""MultiPoint"",""coordinates"":[]}"
20141210,2014-12-10,343,12,0.0,2014,"{""type"":""MultiPoint"",""coordinates"":[]}"
20141211,2014-12-11,344,12,0.0,2014,"{""type"":""MultiPoint"",""coordinates"":[]}"
20141212,2014-12-12,345,12,0.0,2014,"{""type"":""MultiPoint"",""coordinates"":[]}"
20141213,2014-12-13,346,12,0.0,2014,"{""type"":""MultiPoint"",""coordinates"":[]}"
20141214,2014-12-14,347,12,0.0,2014,"{""type"":""MultiPoint"",""coordinates"":[]}"
20141215,2014-12-15,348,12,0.0,2014,"{""type"":""MultiPoint"",""coordinates"":[]}"
20141216,2014-12-16,349,12,0.0,2014,"{""type"":""MultiPoint"",""coordinates"":[]}"
20141217,2014-12-17,350,12,0.0,2014,"{""type"":""MultiPoint"",""coordinates"":[]}"
20141218,2014-12-18,351,12,0.0,2014,"{""type"":""MultiPoint"",""coordinates"":[]}"
20141219,2014-12-19,352,12,0.0,2014,"{""type"":""MultiPoint"",""coordinates"":[]}"
20141220,2014-12-20,353,12,0.0,2014,"{""type"":""MultiPoint"",""coordinates"":[]}"
20141221,2014-12-21,354,12,0.0,2014,"{""type"":""MultiPoint"",""coordinates"":[]}"
20141222,2014-12-22,355,12,0.0,2014,"{""type"":""MultiPoint"",""coordinates"":[]}"
20141223,2014-12-23,356,12,0.0,2014,"{""type"":""MultiPoint"",""coordinates"":[]}"
20141224,2014-12-24,357,12,0.0,2014,"{""type"":""MultiPoint"",""coordinates"":[]}"
20141225,2014-12-25,358,12,0.0,2014,"{""type"":""MultiPoint"",""coordinates"":[]}"
20141226,2014-12-26,359,12,0.0,2014,"{""type"":""MultiPoint"",""coordinates"":[]}"
20141227,2014-12-27,360,12,0.0,2014,"{""type"":""MultiPoint"",""coordinates"":[]}"
20141228,2014-12-28,361,12,0.0,2014,"{""type"":""MultiPoint"",""coordinates"":[]}"
20141229,2014-12-29,362,12,0.0,2014,"{""type"":""MultiPoint"",""coordinates"":[]}"
20141230,2014-12-30,363,12,0.0,2014,"{""type"":""MultiPoint"",""coordinates"":[]}"
20141231,2014-12-31,364,12,0.0,2014,"{""type"":""MultiPoint"",""coordinates"":[]}"
20150101,2015-01-01,0,1,0.0,2015,"{""type"":""MultiPoint"",""coordinates"":[]}"
20150102,2015-01-02,1,1,0.0,2015,"{""type"":""MultiPoint"",""coordinates"":[]}"
20150103,2015-01-03,2,1,0.0,2015,"{""type"":""MultiPoint"",""coordinates"":[]}"
20150104,2015-01-04,3,1,0.0,2015,"{""type"":""MultiPoint"",""coordinates"":[]}"
20150105,2015-01-05,4,1,0.0,2015,"{""type"":""MultiPoint"",""coordinates"":[]}"
20150106,2015-01-06,5,1,0.0,2015,"{""type"":""MultiPoint"",""coordinates"":[]}"
20150107,2015-01-07,6,1,0.0,2015,"{""type"":""MultiPoint"",""coordinates"":[]}"
20150108,2015-01-08,7,1,0.0,2015,"{""type"":""MultiPoint"",""coordinates"":[]}"
20150109,2015-01-09,8,1,0.0,2015,"{""type"":""MultiPoint"",""coordinates"":[]}"
20150110,2015-01-10,9,1,0.0,2015,"{""type"":""MultiPoint"",""coordinates"":[]}"
20150111,2015-01-11,10,1,0.0,2015,"{""type"":""MultiPoint"",""coordinates"":[]}"
20150112,2015-01-12,11,1,0.0,2015,"{""type"":""MultiPoint"",""coordinates"":[]}"
20150113,2015-01-13,12,1,0.0,2015,"{""type"":""MultiPoint"",""coordinates"":[]}"
20150114,2015-01-14,13,1,0.0,2015,"{""type"":""MultiPoint"",""coordinates"":[]}"
20150115,2015-01-15,14,1,0.0,2015,"{""type"":""MultiPoint"",""coordinates"":[]}"
20150116,2015-01-16,15,1,0.0,2015,"{""type"":""MultiPoint"",""coordinates"":[]}"
20150117,2015-01-17,16,1,0.0,2015,"{""type"":""MultiPoint"",""coordinates"":[]}"
20150118,2015-01-18,17,1,0.0,2015,"{""type"":""MultiPoint"",""coordinates"":[]}"
20150119,2015-01-19,18,1,0.0,2015,"{""type"":""MultiPoint"",""coordinates"":[]}"
20150120,2015-01-20,19,1,0.0,2015,"{""type"":""MultiPoint"",""coordinates"":[]}"
20150121,2015-01-21,20,1,0.0,2015,"{""type"":""MultiPoint"",""coordinates"":[]}"
20150122,2015-01-22,21,1,0.0,2015,"{""type"":""MultiPoint"",""coordinates"":[]}"
20150123,2015-01-23,22,1,0.0,2015,"{""type"":""MultiPoint"",""coordinates"":[]}"
20150124,2015-01-24,23,1,0.0,2015,"{""type"":""MultiPoint"",""coordinates"":[]}"
20150125,2015-01-25,24,1,0.0,2015,"{""type"":""MultiPoint"",""coordinates"":[]}"
20150126,2015-01-26,25,1,0.0,2015,"{""type"":""MultiPoint"",""coordinates"":[]}"
20150127,2015-01-27,26,1,0.0,2015,"{""type"":""MultiPoint"",""coordinates"":[]}"
20150128,2015-01-28,27,1,0.0,2015,"{""type"":""MultiPoint"",""coordinates"":[]}"
20150129,2015-01-29,28,1,0.0,2015,"{""type"":""MultiPoint"",""coordinates"":[]}"
20150130,2015-01-30,29,1,0.0,2015,"{""type"":""MultiPoint"",""coordinates"":[]}"
20150131,2015-01-31,30,1,0.0,2015,"{""type"":""MultiPoint"",""coordinates"":[]}"
20150201,2015-02-01,31,2,0.0,2015,"{""type"":""MultiPoint"",""coordinates"":[]}"
20150202,2015-02-02,32,2,0.0,2015,"{""type"":""MultiPoint"",""coordinates"":[]}"
20150203,2015-02-03,33,2,0.0,2015,"{""type"":""MultiPoint"",""coordinates"":[]}"
20150204,2015-02-04,34,2,0.0,2015,"{""type"":""MultiPoint"",""coordinates"":[]}"
20150205,2015-02-05,35,2,0.0,2015,"{""type"":""MultiPoint"",""coordinates"":[]}"
20150206,2015-02-06,36,2,0.0,2015,"{""type"":""MultiPoint"",""coordinates"":[]}"
20150207,2015-02-07,37,2,0.0,2015,"{""type"":""MultiPoint"",""coordinates"":[]}"
20150208,2015-02-08,38,2,0.0,2015,"{""type"":""MultiPoint"",""coordinates"":[]}"
20150209,2015-02-09,39,2,0.0,2015,"{""type"":""MultiPoint"",""coordinates"":[]}"
20150210,2015-02-10,40,2,0.0,2015,"{""type"":""MultiPoint"",""coordinates"":[]}"
20150211,2015-02-11,41,2,0.0,2015,"{""type"":""MultiPoint"",""coordinates"":[]}"
20150212,2015-02-12,42,2,0.0,2015,"{""type"":""MultiPoint"",""coordinates"":[]}"
20150213,2015-02-13,43,2,0.0,2015,"{""type"":""MultiPoint"",""coordinates"":[]}"
20150214,2015-02-14,44,2,0.0,2015,"{""type"":""MultiPoint"",""coordinates"":[]}"
20150215,2015-02-15,45,2,0.0,2015,"{""type"":""MultiPoint"",""coordinates"":[]}"
20150216,2015-02-16,46,2,0.0,2015,"{""type"":""MultiPoint"",""coordinates"":[]}"
20150217,2015-02-17,47,2,0.0,2015,"{""type"":""MultiPoint"",""coordinates"":[]}"
20150218,2015-02-18,48,2,8.51017525376476E-4,2015,"{""type"":""MultiPoint"",""coordinates"":[]}"
20150219,2015-02-19,49,2,0.0,2015,"{""type"":""MultiPoint"",""coordinates"":[]}"
20150220,2015-02-20,50,2,0.0,2015,"{""type"":""MultiPoint"",""coordinates"":[]}"
20150221,2015-02-21,51,2,0.0,2015,"{""type"":""MultiPoint"",""coordinates"":[]}"
20150222,2015-02-22,52,2,0.0,2015,"{""type"":""MultiPoint"",""coordinates"":[]}"
20150223,2015-02-23,53,2,0.012503998492051053,2015,"{""type"":""MultiPoint"",""coordinates"":[]}"
20150224,2015-02-24,54,2,0.010744387605982878,2015,"{""type"":""MultiPoint"",""coordinates"":[]}"
20150225,2015-02-25,55,2,0.0017542632259421123,2015,"{""type"":""MultiPoint"",""coordinates"":[]}"
20150226,2015-02-26,56,2,0.0,2015,"{""type"":""MultiPoint"",""coordinates"":[]}"
20150227,2015-02-27,57,2,0.01448568184932911,2015,"{""type"":""MultiPoint"",""coordinates"":[]}"
20150228,2015-02-28,58,2,0.0,2015,"{""type"":""MultiPoint"",""coordinates"":[]}"
20150301,2015-03-01,59,3,0.0,2015,"{""type"":""MultiPoint"",""coordinates"":[]}"
20150302,2015-03-02,60,3,0.0,2015,"{""type"":""MultiPoint"",""coordinates"":[]}"
20150303,2015-03-03,61,3,0.0,2015,"{""type"":""MultiPoint"",""coordinates"":[]}"
20150304,2015-03-04,62,3,0.0,2015,"{""type"":""MultiPoint"",""coordinates"":[]}"
20150305,2015-03-05,63,3,0.0,2015,"{""type"":""MultiPoint"",""coordinates"":[]}"
20150306,2015-03-06,64,3,0.0,2015,"{""type"":""MultiPoint"",""coordinates"":[]}"
20150307,2015-03-07,65,3,0.0,2015,"{""type"":""MultiPoint"",""coordinates"":[]}"
20150308,2015-03-08,66,3,0.0,2015,"{""type"":""MultiPoint"",""coordinates"":[]}"
20150309,2015-03-09,67,3,0.0,2015,"{""type"":""MultiPoint"",""coordinates"":[]}"
20150310,2015-03-10,68,3,0.0,2015,"{""type"":""MultiPoint"",""coordinates"":[]}"
20150311,2015-03-11,69,3,0.0,2015,"{""type"":""MultiPoint"",""coordinates"":[]}"
20150312,2015-03-12,70,3,0.0,2015,"{""type"":""MultiPoint"",""coordinates"":[]}"
20150313,2015-03-13,71,3,0.0,2015,"{""type"":""MultiPoint"",""coordinates"":[]}"
20150314,2015-03-14,72,3,0.0,2015,"{""type"":""MultiPoint"",""coordinates"":[]}"
20150315,2015-03-15,73,3,0.0,2015,"{""type"":""MultiPoint"",""coordinates"":[]}"
20150316,2015-03-16,74,3,0.09154999649396012,2015,"{""type"":""MultiPoint"",""coordinates"":[]}"
20150317,2015-03-17,75,3,0.0,2015,"{""type"":""MultiPoint"",""coordinates"":[]}"
20150318,2015-03-18,76,3,0.0,2015,"{""type"":""MultiPoint"",""coordinates"":[]}"
20150319,2015-03-19,77,3,0.0,2015,"{""type"":""MultiPoint"",""coordinates"":[]}"
20150320,2015-03-20,78,3,0.0,2015,"{""type"":""MultiPoint"",""coordinates"":[]}"
20150321,2015-03-21,79,3,0.0,2015,"{""type"":""MultiPoint"",""coordinates"":[]}"
20150322,2015-03-22,80,3,0.07974813903327223,2015,"{""type"":""MultiPoint"",""coordinates"":[]}"
20150323,2015-03-23,81,3,0.0,2015,"{""type"":""MultiPoint"",""coordinates"":[]}"
20150324,2015-03-24,82,3,0.0,2015,"{""type"":""MultiPoint"",""coordinates"":[]}"
20150325,2015-03-25,83,3,0.0,2015,"{""type"":""MultiPoint"",""coordinates"":[]}"
20150326,2015-03-26,84,3,0.0,2015,"{""type"":""MultiPoint"",""coordinates"":[]}"
20150327,2015-03-27,85,3,0.5770846607071688,2015,"{""type"":""MultiPoint"",""coordinates"":[]}"
20150328,2015-03-28,86,3,0.01375252592207111,2015,"{""type"":""MultiPoint"",""coordinates"":[]}"
20150329,2015-03-29,87,3,0.04659175075063802,2015,"{""type"":""MultiPoint"",""coordinates"":[]}"
20150330,2015-03-30,88,3,0.0672808183457833,2015,"{""type"":""MultiPoint"",""coordinates"":[]}"
20150331,2015-03-31,89,3,0.15632634837336057,2015,"{""type"":""MultiPoint"",""coordinates"":[]}"
20150401,2015-04-01,90,4,0.0,2015,"{""type"":""MultiPoint"",""coordinates"":[]}"
20150402,2015-04-02,91,4,0.03967112483400287,2015,"{""type"":""MultiPoint"",""coordinates"":[]}"
20150403,2015-04-03,92,4,0.5925509095262786,2015,"{""type"":""MultiPoint"",""coordinates"":[]}"
20150404,2015-04-04,93,4,0.0,2015,"{""type"":""MultiPoint"",""coordinates"":[]}"
20150405,2015-04-05,94,4,0.0,2015,"{""type"":""MultiPoint"",""coordinates"":[]}"
20150406,2015-04-06,95,4,0.0,2015,"{""type"":""MultiPoint"",""coordinates"":[]}"
20150407,2015-04-07,96,4,0.0,2015,"{""type"":""MultiPoint"",""coordinates"":[]}"
20150408,2015-04-08,97,4,0.0,2015,"{""type"":""MultiPoint"",""coordinates"":[]}"
20150409,2015-04-09,98,4,0.0,2015,"{""type"":""MultiPoint"",""coordinates"":[]}"
20150410,2015-04-10,99,4,0.0,2015,"{""type"":""MultiPoint"",""coordinates"":[]}"
20150411,2015-04-11,100,4,0.0,2015,"{""type"":""MultiPoint"",""coordinates"":[]}"
20150412,2015-04-12,101,4,0.0,2015,"{""type"":""MultiPoint"",""coordinates"":[]}"
20150413,2015-04-13,102,4,0.0,2015,"{""type"":""MultiPoint"",""coordinates"":[]}"
20150414,2015-04-14,103,4,0.0,2015,"{""type"":""MultiPoint"",""coordinates"":[]}"
20150415,2015-04-15,104,4,0.0,2015,"{""type"":""MultiPoint"",""coordinates"":[]}"
20150416,2015-04-16,105,4,0.0,2015,"{""type"":""MultiPoint"",""coordinates"":[]}"
20150417,2015-04-17,106,4,0.0,2015,"{""type"":""MultiPoint"",""coordinates"":[]}"
20150418,2015-04-18,107,4,0.0,2015,"{""type"":""MultiPoint"",""coordinates"":[]}"
20150419,2015-04-19,108,4,0.0,2015,"{""type"":""MultiPoint"",""coordinates"":[]}"
20150420,2015-04-20,109,4,0.0,2015,"{""type"":""MultiPoint"",""coordinates"":[]}"
20150421,2015-04-21,110,4,0.02564232517974545,2015,"{""type"":""MultiPoint"",""coordinates"":[]}"
20150422,2015-04-22,111,4,0.0,2015,"{""type"":""MultiPoint"",""coordinates"":[]}"
20150423,2015-04-23,112,4,0.0,2015,"{""type"":""MultiPoint"",""coordinates"":[]}"
20150424,2015-04-24,113,4,0.0,2015,"{""type"":""MultiPoint"",""coordinates"":[]}"
20150425,2015-04-25,114,4,0.0,2015,"{""type"":""MultiPoint"",""coordinates"":[]}"
20150426,2015-04-26,115,4,0.0,2015,"{""type"":""MultiPoint"",""coordinates"":[]}"
20150427,2015-04-27,116,4,0.0,2015,"{""type"":""MultiPoint"",""coordinates"":[]}"
20150428,2015-04-28,117,4,0.0,2015,"{""type"":""MultiPoint"",""coordinates"":[]}"
20150429,2015-04-29,118,4,0.0,2015,"{""type"":""MultiPoint"",""coordinates"":[]}"
20150430,2015-04-30,119,4,0.0,2015,"{""type"":""MultiPoint"",""coordinates"":[]}"
20150501,2015-05-01,120,5,0.0,2015,"{""type"":""MultiPoint"",""coordinates"":[]}"
20150502,2015-05-02,121,5,1.0941067644571827,2015,"{""type"":""MultiPoint"",""coordinates"":[]}"
20150503,2015-05-03,122,5,8.421801158049764,2015,"{""type"":""MultiPoint"",""coordinates"":[]}"
20150504,2015-05-04,123,5,0.0,2015,"{""type"":""MultiPoint"",""coordinates"":[]}"
20150505,2015-05-05,124,5,0.0,2015,"{""type"":""MultiPoint"",""coordinates"":[]}"
20150506,2015-05-06,125,5,0.018551936053266428,2015,"{""type"":""MultiPoint"",""coordinates"":[]}"
20150507,2015-05-07,126,5,0.0,2015,"{""type"":""MultiPoint"",""coordinates"":[]}"
20150508,2015-05-08,127,5,3.823030878256089,2015,"{""type"":""MultiPoint"",""coordinates"":[]}"
20150509,2015-05-09,128,5,0.0,2015,"{""type"":""MultiPoint"",""coordinates"":[]}"
20150510,2015-05-10,129,5,0.01794408427344428,2015,"{""type"":""MultiPoint"",""coordinates"":[]}"
20150511,2015-05-11,130,5,0.0,2015,"{""type"":""MultiPoint"",""coordinates"":[]}"
20150512,2015-05-12,131,5,0.0,2015,"{""type"":""MultiPoint"",""coordinates"":[]}"
20150513,2015-05-13,132,5,0.08895329291996659,2015,"{""type"":""MultiPoint"",""coordinates"":[]}"
20150514,2015-05-14,133,5,0.4488480331921818,2015,"{""type"":""MultiPoint"",""coordinates"":[]}"
20150515,2015-05-15,134,5,0.5346230610830285,2015,"{""type"":""MultiPoint"",""coordinates"":[]}"
20150516,2015-05-16,135,5,0.0,2015,"{""type"":""MultiPoint"",""coordinates"":[]}"
20150517,2015-05-17,136,5,0.0,2015,"{""type"":""MultiPoint"",""coordinates"":[]}"
20150518,2015-05-18,137,5,0.0,2015,"{""type"":""MultiPoint"",""coordinates"":[]}"
20150519,2015-05-19,138,5,0.11995914776175536,2015,"{""type"":""MultiPoint"",""coordinates"":[]}"
20150520,2015-05-20,139,5,0.27102839127463335,2015,"{""type"":""MultiPoint"",""coordinates"":[]}"
20150521,2015-05-21,140,5,0.0,2015,"{""type"":""MultiPoint"",""coordinates"":[]}"
20150522,2015-05-22,141,5,0.7479131972584352,2015,"{""type"":""MultiPoint"",""coordinates"":[]}"
20150523,2015-05-23,142,5,0.0,2015,"{""type"":""MultiPoint"",""coordinates"":[]}"
20150524,2015-05-24,143,5,0.0,2015,"{""type"":""MultiPoint"",""coordinates"":[]}"
20150525,2015-05-25,144,5,3.0477640973999844,2015,"{""type"":""MultiPoint"",""coordinates"":[]}"
20150526,2015-05-26,145,5,0.0,2015,"{""type"":""MultiPoint"",""coordinates"":[]}"
20150527,2015-05-27,146,5,0.0,2015,"{""type"":""MultiPoint"",""coordinates"":[]}"
20150528,2015-05-28,147,5,0.5068430565777191,2015,"{""type"":""MultiPoint"",""coordinates"":[]}"
20150529,2015-05-29,148,5,0.0,2015,"{""type"":""MultiPoint"",""coordinates"":[]}"
20150530,2015-05-30,149,5,4.006518194240541,2015,"{""type"":""MultiPoint"",""coordinates"":[]}"
20150531,2015-05-31,150,5,0.10567334510945263,2015,"{""type"":""MultiPoint"",""coordinates"":[]}"
20150601,2015-06-01,151,6,0.353440695834599,2015,"{""type"":""MultiPoint"",""coordinates"":[]}"
20150602,2015-06-02,152,6,3.6621049471623026,2015,"{""type"":""MultiPoint"",""coordinates"":[]}"
20150603,2015-06-03,153,6,3.2116630287023087,2015,"{""type"":""MultiPoint"",""coordinates"":[]}"
20150604,2015-06-04,154,6,0.20339986479478345,2015,"{""type"":""MultiPoint"",""coordinates"":[]}"
20150605,2015-06-05,155,6,5.538340359117564,2015,"{""type"":""MultiPoint"",""coordinates"":[]}"
20150606,2015-06-06,156,6,6.000339464141156,2015,"{""type"":""MultiPoint"",""coordinates"":[]}"
20150607,2015-06-07,157,6,5.429410352733353,2015,"{""type"":""MultiPoint"",""coordinates"":[]}"
20150608,2015-06-08,158,6,4.811378333705042,2015,"{""type"":""MultiPoint"",""coordinates"":[]}"
20150609,2015-06-09,159,6,0.0,2015,"{""type"":""MultiPoint"",""coordinates"":[]}"
20150610,2015-06-10,160,6,0.0,2015,"{""type"":""MultiPoint"",""coordinates"":[]}"
20150611,2015-06-11,161,6,0.1634358561707147,2015,"{""type"":""MultiPoint"",""coordinates"":[]}"
20150612,2015-06-12,162,6,7.2795978737576315,2015,"{""type"":""MultiPoint"",""coordinates"":[]}"
20150613,2015-06-13,163,6,0.10958332244795982,2015,"{""type"":""MultiPoint"",""coordinates"":[]}"
20150614,2015-06-14,164,6,9.603523172513405,2015,"{""type"":""MultiPoint"",""coordinates"":[]}"
20150615,2015-06-15,165,6,0.0,2015,"{""type"":""MultiPoint"",""coordinates"":[]}"
20150616,2015-06-16,166,6,0.0,2015,"{""type"":""MultiPoint"",""coordinates"":[]}"
20150617,2015-06-17,167,6,1.39580342939146,2015,"{""type"":""MultiPoint"",""coordinates"":[]}"
20150618,2015-06-18,168,6,7.117297663880377,2015,"{""type"":""MultiPoint"",""coordinates"":[]}"
20150619,2015-06-19,169,6,5.0215261342337065,2015,"{""type"":""MultiPoint"",""coordinates"":[]}"
20150620,2015-06-20,170,6,3.1589591287815777,2015,"{""type"":""MultiPoint"",""coordinates"":[]}"
20150621,2015-06-21,171,6,0.1781492353689791,2015,"{""type"":""MultiPoint"",""coordinates"":[]}"
20150622,2015-06-22,172,6,1.3770790005183544,2015,"{""type"":""MultiPoint"",""coordinates"":[]}"
20150623,2015-06-23,173,6,6.947994448119142,2015,"{""type"":""MultiPoint"",""coordinates"":[]}"
20150624,2015-06-24,174,6,0.0,2015,"{""type"":""MultiPoint"",""coordinates"":[]}"
20150625,2015-06-25,175,6,5.336717235945219,2015,"{""type"":""MultiPoint"",""coordinates"":[]}"
20150626,2015-06-26,176,6,2.776101051781243,2015,"{""type"":""MultiPoint"",""coordinates"":[]}"
20150627,2015-06-27,177,6,2.230811031815273,2015,"{""type"":""MultiPoint"",""coordinates"":[]}"
20150628,2015-06-28,178,6,7.607268682681209E-4,2015,"{""type"":""MultiPoint"",""coordinates"":[]}"
20150629,2015-06-29,179,6,8.6594103340773,2015,"{""type"":""MultiPoint"",""coordinates"":[]}"
20150630,2015-06-30,180,6,3.7464424351178245,2015,"{""type"":""MultiPoint"",""coordinates"":[]}"
20150701,2015-07-01,181,7,0.798829780188757,2015,"{""type"":""MultiPoint"",""coordinates"":[]}"
20150702,2015-07-02,182,7,5.306777915427605,2015,"{""type"":""MultiPoint"",""coordinates"":[]}"
20150703,2015-07-03,183,7,7.185220487001132,2015,"{""type"":""MultiPoint"",""coordinates"":[]}"
20150704,2015-07-04,184,7,3.506360592429391,2015,"{""type"":""MultiPoint"",""coordinates"":[]}"
20150705,2015-07-05,185,7,0.0,2015,"{""type"":""MultiPoint"",""coordinates"":[]}"
20150706,2015-07-06,186,7,0.04299972996567235,2015,"{""type"":""MultiPoint"",""coordinates"":[]}"
20150707,2015-07-07,187,7,0.0,2015,"{""type"":""MultiPoint"",""coordinates"":[]}"
20150708,2015-07-08,188,7,4.579984771636341,2015,"{""type"":""MultiPoint"",""coordinates"":[]}"
20150709,2015-07-09,189,7,13.884301619001794,2015,"{""type"":""MultiPoint"",""coordinates"":[]}"
20150710,2015-07-10,190,7,6.433903085474781,2015,"{""type"":""MultiPoint"",""coordinates"":[]}"
20150711,2015-07-11,191,7,21.507489606540354,2015,"{""type"":""MultiPoint"",""coordinates"":[]}"
20150712,2015-07-12,192,7,10.841754268669662,2015,"{""type"":""MultiPoint"",""coordinates"":[]}"
20150713,2015-07-13,193,7,7.935342943864332,2015,"{""type"":""MultiPoint"",""coordinates"":[]}"
20150714,2015-07-14,194,7,15.665102888603306,2015,"{""type"":""MultiPoint"",""coordinates"":[]}"
20150715,2015-07-15,195,7,17.306571500800487,2015,"{""type"":""MultiPoint"",""coordinates"":[]}"
20150716,2015-07-16,196,7,2.7424355593972405,2015,"{""type"":""MultiPoint"",""coordinates"":[]}"
20150717,2015-07-17,197,7,14.370880386857237,2015,"{""type"":""MultiPoint"",""coordinates"":[]}"
20150718,2015-07-18,198,7,18.797378325844832,2015,"{""type"":""MultiPoint"",""coordinates"":[]}"
20150719,2015-07-19,199,7,0.0,2015,"{""type"":""MultiPoint"",""coordinates"":[]}"
20150720,2015-07-20,200,7,28.076396313155612,2015,"{""type"":""MultiPoint"",""coordinates"":[]}"
20150721,2015-07-21,201,7,0.47679686258277887,2015,"{""type"":""MultiPoint"",""coordinates"":[]}"
20150722,2015-07-22,202,7,1.6616092393081432,2015,"{""type"":""MultiPoint"",""coordinates"":[]}"
20150723,2015-07-23,203,7,15.930296257383207,2015,"{""type"":""MultiPoint"",""coordinates"":[]}"
20150724,2015-07-24,204,7,13.939431793124491,2015,"{""type"":""MultiPoint"",""coordinates"":[]}"
20150725,2015-07-25,205,7,0.0,2015,"{""type"":""MultiPoint"",""coordinates"":[]}"
20150726,2015-07-26,206,7,13.626056095802518,2015,"{""type"":""MultiPoint"",""coordinates"":[]}"
20150727,2015-07-27,207,7,6.119121728781121,2015,"{""type"":""MultiPoint"",""coordinates"":[]}"
20150728,2015-07-28,208,7,4.84106361207265,2015,"{""type"":""MultiPoint"",""coordinates"":[]}"
20150729,2015-07-29,209,7,0.0,2015,"{""type"":""MultiPoint"",""coordinates"":[]}"
20150730,2015-07-30,210,7,0.7537747892348405,2015,"{""type"":""MultiPoint"",""coordinates"":[]}"
20150731,2015-07-31,211,7,9.797185000817972,2015,"{""type"":""MultiPoint"",""coordinates"":[]}"
20150801,2015-08-01,212,8,0.1239482369085755,2015,"{""type"":""MultiPoint"",""coordinates"":[]}"
20150802,2015-08-02,213,8,12.587847056495576,2015,"{""type"":""MultiPoint"",""coordinates"":[]}"
20150803,2015-08-03,214,8,8.48538079906818,2015,"{""type"":""MultiPoint"",""coordinates"":[]}"
20150804,2015-08-04,215,8,9.054290919758158,2015,"{""type"":""MultiPoint"",""coordinates"":[]}"
20150805,2015-08-05,216,8,7.106928411911777,2015,"{""type"":""MultiPoint"",""coordinates"":[]}"
20150806,2015-08-06,217,8,7.150722378809915,2015,"{""type"":""MultiPoint"",""coordinates"":[]}"
20150807,2015-08-07,218,8,25.0423948039015,2015,"{""type"":""MultiPoint"",""coordinates"":[]}"
20150808,2015-08-08,219,8,10.639887128732871,2015,"{""type"":""MultiPoint"",""coordinates"":[]}"
20150809,2015-08-09,220,8,0.07380369295576204,2015,"{""type"":""MultiPoint"",""coordinates"":[]}"
20150810,2015-08-10,221,8,2.0546855759351508,2015,"{""type"":""MultiPoint"",""coordinates"":[]}"
20150811,2015-08-11,222,8,5.682261044966347,2015,"{""type"":""MultiPoint"",""coordinates"":[]}"
20150812,2015-08-12,223,8,0.0,2015,"{""type"":""MultiPoint"",""coordinates"":[]}"
20150813,2015-08-13,224,8,16.335088489031552,2015,"{""type"":""MultiPoint"",""coordinates"":[]}"
20150814,2015-08-14,225,8,3.7362041785046944,2015,"{""type"":""MultiPoint"",""coordinates"":[]}"
20150815,2015-08-15,226,8,1.7886458482098218,2015,"{""type"":""MultiPoint"",""coordinates"":[]}"
20150816,2015-08-16,227,8,1.0807279120060118,2015,"{""type"":""MultiPoint"",""coordinates"":[]}"
20150817,2015-08-17,228,8,19.855899658739553,2015,"{""type"":""MultiPoint"",""coordinates"":[]}"
20150818,2015-08-18,229,8,1.5837354373875219,2015,"{""type"":""MultiPoint"",""coordinates"":[]}"
20150819,2015-08-19,230,8,0.0,2015,"{""type"":""MultiPoint"",""coordinates"":[]}"
20150820,2015-08-20,231,8,4.496160410776967,2015,"{""type"":""MultiPoint"",""coordinates"":[]}"
20150821,2015-08-21,232,8,16.452332048988453,2015,"{""type"":""MultiPoint"",""coordinates"":[]}"
20150822,2015-08-22,233,8,5.819221649861236,2015,"{""type"":""MultiPoint"",""coordinates"":[]}"
20150823,2015-08-23,234,8,20.173388355343523,2015,"{""type"":""MultiPoint"",""coordinates"":[]}"
20150824,2015-08-24,235,8,2.1559825609357883,2015,"{""type"":""MultiPoint"",""coordinates"":[]}"
20150825,2015-08-25,236,8,5.930083119389939,2015,"{""type"":""MultiPoint"",""coordinates"":[]}"
20150826,2015-08-26,237,8,18.583033490119583,2015,"{""type"":""MultiPoint"",""coordinates"":[]}"
20150827,2015-08-27,238,8,0.0,2015,"{""type"":""MultiPoint"",""coordinates"":[]}"
20150828,2015-08-28,239,8,26.068256564791024,2015,"{""type"":""MultiPoint"",""coordinates"":[]}"
20150829,2015-08-29,240,8,0.9781218245610738,2015,"{""type"":""MultiPoint"",""coordinates"":[]}"
20150830,2015-08-30,241,8,19.870302430188975,2015,"{""type"":""MultiPoint"",""coordinates"":[]}"
20150831,2015-08-31,242,8,20.52116255893356,2015,"{""type"":""MultiPoint"",""coordinates"":[]}"
20150901,2015-09-01,243,9,4.0721309777651005,2015,"{""type"":""MultiPoint"",""coordinates"":[]}"
20150902,2015-09-02,244,9,0.0,2015,"{""type"":""MultiPoint"",""coordinates"":[]}"
20150903,2015-09-03,245,9,0.0,2015,"{""type"":""MultiPoint"",""coordinates"":[]}"
20150904,2015-09-04,246,9,5.330758169018932,2015,"{""type"":""MultiPoint"",""coordinates"":[]}"
20150905,2015-09-05,247,9,0.0,2015,"{""type"":""MultiPoint"",""coordinates"":[]}"
20150906,2015-09-06,248,9,13.077334119816019,2015,"{""type"":""MultiPoint"",""coordinates"":[]}"
20150907,2015-09-07,249,9,11.824631119133295,2015,"{""type"":""MultiPoint"",""coordinates"":[]}"
20150908,2015-09-08,250,9,13.201703246311755,2015,"{""type"":""MultiPoint"",""coordinates"":[]}"
20150909,2015-09-09,251,9,0.5859708027642277,2015,"{""type"":""MultiPoint"",""coordinates"":[]}"
20150910,2015-09-10,252,9,8.12161885150283,2015,"{""type"":""MultiPoint"",""coordinates"":[]}"
20150911,2015-09-11,253,9,13.840248946554235,2015,"{""type"":""MultiPoint"",""coordinates"":[]}"
20150912,2015-09-12,254,9,0.0,2015,"{""type"":""MultiPoint"",""coordinates"":[]}"
20150913,2015-09-13,255,9,4.559691105863556,2015,"{""type"":""MultiPoint"",""coordinates"":[]}"
20150914,2015-09-14,256,9,5.205433889813271,2015,"{""type"":""MultiPoint"",""coordinates"":[]}"
20150915,2015-09-15,257,9,18.273029217651093,2015,"{""type"":""MultiPoint"",""coordinates"":[]}"
20150916,2015-09-16,258,9,0.0,2015,"{""type"":""MultiPoint"",""coordinates"":[]}"
20150917,2015-09-17,259,9,12.75041269684669,2015,"{""type"":""MultiPoint"",""coordinates"":[]}"
20150918,2015-09-18,260,9,4.553925180557955,2015,"{""type"":""MultiPoint"",""coordinates"":[]}"
20150919,2015-09-19,261,9,8.01766325294629,2015,"{""type"":""MultiPoint"",""coordinates"":[]}"
20150920,2015-09-20,262,9,6.122081011822965,2015,"{""type"":""MultiPoint"",""coordinates"":[]}"
20150921,2015-09-21,263,9,10.830849760096717,2015,"{""type"":""MultiPoint"",""coordinates"":[]}"
20150922,2015-09-22,264,9,2.4878841225617854,2015,"{""type"":""MultiPoint"",""coordinates"":[]}"
20150923,2015-09-23,265,9,5.568906053738397,2015,"{""type"":""MultiPoint"",""coordinates"":[]}"
20150924,2015-09-24,266,9,3.280911528254339,2015,"{""type"":""MultiPoint"",""coordinates"":[]}"
20150925,2015-09-25,267,9,12.8486755183721,2015,"{""type"":""MultiPoint"",""coordinates"":[]}"
20150926,2015-09-26,268,9,0.18893841208266984,2015,"{""type"":""MultiPoint"",""coordinates"":[]}"
20150927,2015-09-27,269,9,0.0,2015,"{""type"":""MultiPoint"",""coordinates"":[]}"
20150928,2015-09-28,270,9,0.6031152999479007,2015,"{""type"":""MultiPoint"",""coordinates"":[]}"
20150929,2015-09-29,271,9,0.0,2015,"{""type"":""MultiPoint"",""coordinates"":[]}"
20150930,2015-09-30,272,9,0.0,2015,"{""type"":""MultiPoint"",""coordinates"":[]}"
20151001,2015-10-01,273,10,0.0,2015,"{""type"":""MultiPoint"",""coordinates"":[]}"
20151002,2015-10-02,274,10,1.827952442369406,2015,"{""type"":""MultiPoint"",""coordinates"":[]}"
20151003,2015-10-03,275,10,1.1393050207055708,2015,"{""type"":""MultiPoint"",""coordinates"":[]}"
20151004,2015-10-04,276,10,4.974207019966459,2015,"{""type"":""MultiPoint"",""coordinates"":[]}"
20151005,2015-10-05,277,10,0.03764867669262492,2015,"{""type"":""MultiPoint"",""coordinates"":[]}"
20151006,2015-10-06,278,10,0.0,2015,"{""type"":""MultiPoint"",""coordinates"":[]}"
20151007,2015-10-07,279,10,4.086890206853573,2015,"{""type"":""MultiPoint"",""coordinates"":[]}"
20151008,2015-10-08,280,10,1.8204721882688475,2015,"{""type"":""MultiPoint"",""coordinates"":[]}"
20151009,2015-10-09,281,10,0.0,2015,"{""type"":""MultiPoint"",""coordinates"":[]}"
20151010,2015-10-10,282,10,0.0,2015,"{""type"":""MultiPoint"",""coordinates"":[]}"
20151011,2015-10-11,283,10,0.04589695472673842,2015,"{""type"":""MultiPoint"",""coordinates"":[]}"
20151012,2015-10-12,284,10,0.0,2015,"{""type"":""MultiPoint"",""coordinates"":[]}"
20151013,2015-10-13,285,10,0.033507841522090624,2015,"{""type"":""MultiPoint"",""coordinates"":[]}"
20151014,2015-10-14,286,10,0.0,2015,"{""type"":""MultiPoint"",""coordinates"":[]}"
20151015,2015-10-15,287,10,0.0,2015,"{""type"":""MultiPoint"",""coordinates"":[]}"
20151016,2015-10-16,288,10,0.0,2015,"{""type"":""MultiPoint"",""coordinates"":[]}"
20151017,2015-10-17,289,10,3.457665673811428,2015,"{""type"":""MultiPoint"",""coordinates"":[]}"
20151018,2015-10-18,290,10,0.0,2015,"{""type"":""MultiPoint"",""coordinates"":[]}"
20151019,2015-10-19,291,10,0.0,2015,"{""type"":""MultiPoint"",""coordinates"":[]}"
20151020,2015-10-20,292,10,0.0,2015,"{""type"":""MultiPoint"",""coordinates"":[]}"
20151021,2015-10-21,293,10,0.0,2015,"{""type"":""MultiPoint"",""coordinates"":[]}"
20151022,2015-10-22,294,10,0.0,2015,"{""type"":""MultiPoint"",""coordinates"":[]}"
20151023,2015-10-23,295,10,0.0,2015,"{""type"":""MultiPoint"",""coordinates"":[]}"
20151024,2015-10-24,296,10,0.0,2015,"{""type"":""MultiPoint"",""coordinates"":[]}"
20151025,2015-10-25,297,10,0.0,2015,"{""type"":""MultiPoint"",""coordinates"":[]}"
20151026,2015-10-26,298,10,0.0,2015,"{""type"":""MultiPoint"",""coordinates"":[]}"
20151027,2015-10-27,299,10,0.4597803615159057,2015,"{""type"":""MultiPoint"",""coordinates"":[]}"
20151028,2015-10-28,300,10,0.0,2015,"{""type"":""MultiPoint"",""coordinates"":[]}"
20151029,2015-10-29,301,10,0.6129959726078625,2015,"{""type"":""MultiPoint"",""coordinates"":[]}"
20151030,2015-10-30,302,10,0.7163775759915311,2015,"{""type"":""MultiPoint"",""coordinates"":[]}"
20151031,2015-10-31,303,10,2.380466982618987,2015,"{""type"":""MultiPoint"",""coordinates"":[]}"
20151101,2015-11-01,304,11,0.0,2015,"{""type"":""MultiPoint"",""coordinates"":[]}"
20151102,2015-11-02,305,11,0.0,2015,"{""type"":""MultiPoint"",""coordinates"":[]}"
20151103,2015-11-03,306,11,0.0,2015,"{""type"":""MultiPoint"",""coordinates"":[]}"
20151104,2015-11-04,307,11,0.0,2015,"{""type"":""MultiPoint"",""coordinates"":[]}"
20151105,2015-11-05,308,11,0.0,2015,"{""type"":""MultiPoint"",""coordinates"":[]}"
20151106,2015-11-06,309,11,0.0,2015,"{""type"":""MultiPoint"",""coordinates"":[]}"
20151107,2015-11-07,310,11,0.0,2015,"{""type"":""MultiPoint"",""coordinates"":[]}"
20151108,2015-11-08,311,11,0.0,2015,"{""type"":""MultiPoint"",""coordinates"":[]}"
20151109,2015-11-09,312,11,0.0,2015,"{""type"":""MultiPoint"",""coordinates"":[]}"
20151110,2015-11-10,313,11,0.0,2015,"{""type"":""MultiPoint"",""coordinates"":[]}"
20151111,2015-11-11,314,11,0.0,2015,"{""type"":""MultiPoint"",""coordinates"":[]}"
20151112,2015-11-12,315,11,0.0,2015,"{""type"":""MultiPoint"",""coordinates"":[]}"
20151113,2015-11-13,316,11,0.0,2015,"{""type"":""MultiPoint"",""coordinates"":[]}"
20151114,2015-11-14,317,11,0.0,2015,"{""type"":""MultiPoint"",""coordinates"":[]}"
20151115,2015-11-15,318,11,0.0,2015,"{""type"":""MultiPoint"",""coordinates"":[]}"
20151116,2015-11-16,319,11,0.0,2015,"{""type"":""MultiPoint"",""coordinates"":[]}"
20151117,2015-11-17,320,11,0.0,2015,"{""type"":""MultiPoint"",""coordinates"":[]}"
20151118,2015-11-18,321,11,0.0,2015,"{""type"":""MultiPoint"",""coordinates"":[]}"
20151119,2015-11-19,322,11,0.0,2015,"{""type"":""MultiPoint"",""coordinates"":[]}"
20151120,2015-11-20,323,11,0.0,2015,"{""type"":""MultiPoint"",""coordinates"":[]}"
20151121,2015-11-21,324,11,0.0,2015,"{""type"":""MultiPoint"",""coordinates"":[]}"
20151122,2015-11-22,325,11,0.0,2015,"{""type"":""MultiPoint"",""coordinates"":[]}"
20151123,2015-11-23,326,11,0.0,2015,"{""type"":""MultiPoint"",""coordinates"":[]}"
20151124,2015-11-24,327,11,0.0,2015,"{""type"":""MultiPoint"",""coordinates"":[]}"
20151125,2015-11-25,328,11,0.0,2015,"{""type"":""MultiPoint"",""coordinates"":[]}"
20151126,2015-11-26,329,11,0.0,2015,"{""type"":""MultiPoint"",""coordinates"":[]}"
20151127,2015-11-27,330,11,0.0,2015,"{""type"":""MultiPoint"",""coordinates"":[]}"
20151128,2015-11-28,331,11,0.0,2015,"{""type"":""MultiPoint"",""coordinates"":[]}"
20151129,2015-11-29,332,11,0.0,2015,"{""type"":""MultiPoint"",""coordinates"":[]}"
20151130,2015-11-30,333,11,0.0,2015,"{""type"":""MultiPoint"",""coordinates"":[]}"
20151201,2015-12-01,334,12,0.0,2015,"{""type"":""MultiPoint"",""coordinates"":[]}"
20151202,2015-12-02,335,12,0.0,2015,"{""type"":""MultiPoint"",""coordinates"":[]}"
20151203,2015-12-03,336,12,0.0,2015,"{""type"":""MultiPoint"",""coordinates"":[]}"
20151204,2015-12-04,337,12,0.0,2015,"{""type"":""MultiPoint"",""coordinates"":[]}"
20151205,2015-12-05,338,12,0.020705949559373937,2015,"{""type"":""MultiPoint"",""coordinates"":[]}"
20151206,2015-12-06,339,12,0.04741861740989357,2015,"{""type"":""MultiPoint"",""coordinates"":[]}"
20151207,2015-12-07,340,12,0.0,2015,"{""type"":""MultiPoint"",""coordinates"":[]}"
20151208,2015-12-08,341,12,0.0,2015,"{""type"":""MultiPoint"",""coordinates"":[]}"
20151209,2015-12-09,342,12,0.0,2015,"{""type"":""MultiPoint"",""coordinates"":[]}"
20151210,2015-12-10,343,12,0.0,2015,"{""type"":""MultiPoint"",""coordinates"":[]}"
20151211,2015-12-11,344,12,0.0,2015,"{""type"":""MultiPoint"",""coordinates"":[]}"
20151212,2015-12-12,345,12,0.0,2015,"{""type"":""MultiPoint"",""coordinates"":[]}"
20151213,2015-12-13,346,12,0.0,2015,"{""type"":""MultiPoint"",""coordinates"":[]}"
20151214,2015-12-14,347,12,0.0,2015,"{""type"":""MultiPoint"",""coordinates"":[]}"
20151215,2015-12-15,348,12,0.0,2015,"{""type"":""MultiPoint"",""coordinates"":[]}"
20151216,2015-12-16,349,12,0.0,2015,"{""type"":""MultiPoint"",""coordinates"":[]}"
20151217,2015-12-17,350,12,0.0,2015,"{""type"":""MultiPoint"",""coordinates"":[]}"
20151218,2015-12-18,351,12,0.0,2015,"{""type"":""MultiPoint"",""coordinates"":[]}"
20151219,2015-12-19,352,12,0.0,2015,"{""type"":""MultiPoint"",""coordinates"":[]}"
20151220,2015-12-20,353,12,0.0,2015,"{""type"":""MultiPoint"",""coordinates"":[]}"
20151221,2015-12-21,354,12,0.0,2015,"{""type"":""MultiPoint"",""coordinates"":[]}"
20151222,2015-12-22,355,12,0.0,2015,"{""type"":""MultiPoint"",""coordinates"":[]}"
20151223,2015-12-23,356,12,0.0,2015,"{""type"":""MultiPoint"",""coordinates"":[]}"
20151224,2015-12-24,357,12,0.0,2015,"{""type"":""MultiPoint"",""coordinates"":[]}"
20151225,2015-12-25,358,12,0.0,2015,"{""type"":""MultiPoint"",""coordinates"":[]}"
20151226,2015-12-26,359,12,0.0,2015,"{""type"":""MultiPoint"",""coordinates"":[]}"
20151227,2015-12-27,360,12,0.0,2015,"{""type"":""MultiPoint"",""coordinates"":[]}"
20151228,2015-12-28,361,12,0.0,2015,"{""type"":""MultiPoint"",""coordinates"":[]}"
20151229,2015-12-29,362,12,0.0,2015,"{""type"":""MultiPoint"",""coordinates"":[]}"
20151230,2015-12-30,363,12,0.0,2015,"{""type"":""MultiPoint"",""coordinates"":[]}"
20151231,2015-12-31,364,12,0.0,2015,"{""type"":""MultiPoint"",""coordinates"":[]}"
20160101,2016-01-01,0,1,0.0,2016,"{""type"":""MultiPoint"",""coordinates"":[]}"
20160102,2016-01-02,1,1,0.0,2016,"{""type"":""MultiPoint"",""coordinates"":[]}"
20160103,2016-01-03,2,1,0.0,2016,"{""type"":""MultiPoint"",""coordinates"":[]}"
20160104,2016-01-04,3,1,0.0,2016,"{""type"":""MultiPoint"",""coordinates"":[]}"
20160105,2016-01-05,4,1,0.0,2016,"{""type"":""MultiPoint"",""coordinates"":[]}"
20160106,2016-01-06,5,1,0.0,2016,"{""type"":""MultiPoint"",""coordinates"":[]}"
20160107,2016-01-07,6,1,0.0,2016,"{""type"":""MultiPoint"",""coordinates"":[]}"
20160108,2016-01-08,7,1,0.0,2016,"{""type"":""MultiPoint"",""coordinates"":[]}"
20160109,2016-01-09,8,1,0.0,2016,"{""type"":""MultiPoint"",""coordinates"":[]}"
20160110,2016-01-10,9,1,0.0,2016,"{""type"":""MultiPoint"",""coordinates"":[]}"
20160111,2016-01-11,10,1,0.0,2016,"{""type"":""MultiPoint"",""coordinates"":[]}"
20160112,2016-01-12,11,1,0.0,2016,"{""type"":""MultiPoint"",""coordinates"":[]}"
20160113,2016-01-13,12,1,0.0,2016,"{""type"":""MultiPoint"",""coordinates"":[]}"
20160114,2016-01-14,13,1,0.0,2016,"{""type"":""MultiPoint"",""coordinates"":[]}"
20160115,2016-01-15,14,1,0.0,2016,"{""type"":""MultiPoint"",""coordinates"":[]}"
20160116,2016-01-16,15,1,0.0,2016,"{""type"":""MultiPoint"",""coordinates"":[]}"
20160117,2016-01-17,16,1,0.0,2016,"{""type"":""MultiPoint"",""coordinates"":[]}"
20160118,2016-01-18,17,1,0.0,2016,"{""type"":""MultiPoint"",""coordinates"":[]}"
20160119,2016-01-19,18,1,0.0,2016,"{""type"":""MultiPoint"",""coordinates"":[]}"
20160120,2016-01-20,19,1,0.0,2016,"{""type"":""MultiPoint"",""coordinates"":[]}"
20160121,2016-01-21,20,1,0.0,2016,"{""type"":""MultiPoint"",""coordinates"":[]}"
20160122,2016-01-22,21,1,0.0,2016,"{""type"":""MultiPoint"",""coordinates"":[]}"
20160123,2016-01-23,22,1,0.0,2016,"{""type"":""MultiPoint"",""coordinates"":[]}"
20160124,2016-01-24,23,1,0.0,2016,"{""type"":""MultiPoint"",""coordinates"":[]}"
20160125,2016-01-25,24,1,0.0,2016,"{""type"":""MultiPoint"",""coordinates"":[]}"
20160126,2016-01-26,25,1,0.0,2016,"{""type"":""MultiPoint"",""coordinates"":[]}"
20160127,2016-01-27,26,1,0.0,2016,"{""type"":""MultiPoint"",""coordinates"":[]}"
20160128,2016-01-28,27,1,0.0,2016,"{""type"":""MultiPoint"",""coordinates"":[]}"
20160129,2016-01-29,28,1,0.0,2016,"{""type"":""MultiPoint"",""coordinates"":[]}"
20160130,2016-01-30,29,1,0.0,2016,"{""type"":""MultiPoint"",""coordinates"":[]}"
20160131,2016-01-31,30,1,0.0,2016,"{""type"":""MultiPoint"",""coordinates"":[]}"
20160201,2016-02-01,31,2,0.0,2016,"{""type"":""MultiPoint"",""coordinates"":[]}"
20160202,2016-02-02,32,2,0.0,2016,"{""type"":""MultiPoint"",""coordinates"":[]}"
20160203,2016-02-03,33,2,0.0,2016,"{""type"":""MultiPoint"",""coordinates"":[]}"
20160204,2016-02-04,34,2,0.0,2016,"{""type"":""MultiPoint"",""coordinates"":[]}"
20160205,2016-02-05,35,2,0.0,2016,"{""type"":""MultiPoint"",""coordinates"":[]}"
20160206,2016-02-06,36,2,0.0,2016,"{""type"":""MultiPoint"",""coordinates"":[]}"
20160207,2016-02-07,37,2,0.0,2016,"{""type"":""MultiPoint"",""coordinates"":[]}"
20160208,2016-02-08,38,2,0.0,2016,"{""type"":""MultiPoint"",""coordinates"":[]}"
20160209,2016-02-09,39,2,0.0,2016,"{""type"":""MultiPoint"",""coordinates"":[]}"
20160210,2016-02-10,40,2,0.0,2016,"{""type"":""MultiPoint"",""coordinates"":[]}"
20160211,2016-02-11,41,2,0.0,2016,"{""type"":""MultiPoint"",""coordinates"":[]}"
20160212,2016-02-12,42,2,0.0,2016,"{""type"":""MultiPoint"",""coordinates"":[]}"
20160213,2016-02-13,43,2,0.0,2016,"{""type"":""MultiPoint"",""coordinates"":[]}"
20160214,2016-02-14,44,2,0.0,2016,"{""type"":""MultiPoint"",""coordinates"":[]}"
20160215,2016-02-15,45,2,0.0,2016,"{""type"":""MultiPoint"",""coordinates"":[]}"
20160216,2016-02-16,46,2,0.0,2016,"{""type"":""MultiPoint"",""coordinates"":[]}"
20160217,2016-02-17,47,2,0.0,2016,"{""type"":""MultiPoint"",""coordinates"":[]}"
20160218,2016-02-18,48,2,0.0,2016,"{""type"":""MultiPoint"",""coordinates"":[]}"
20160219,2016-02-19,49,2,0.0,2016,"{""type"":""MultiPoint"",""coordinates"":[]}"
20160220,2016-02-20,50,2,0.0,2016,"{""type"":""MultiPoint"",""coordinates"":[]}"
20160221,2016-02-21,51,2,0.0,2016,"{""type"":""MultiPoint"",""coordinates"":[]}"
20160222,2016-02-22,52,2,0.0,2016,"{""type"":""MultiPoint"",""coordinates"":[]}"
20160223,2016-02-23,53,2,0.0,2016,"{""type"":""MultiPoint"",""coordinates"":[]}"
20160224,2016-02-24,54,2,0.0,2016,"{""type"":""MultiPoint"",""coordinates"":[]}"
20160225,2016-02-25,55,2,0.0,2016,"{""type"":""MultiPoint"",""coordinates"":[]}"
20160226,2016-02-26,56,2,0.0,2016,"{""type"":""MultiPoint"",""coordinates"":[]}"
20160227,2016-02-27,57,2,0.0,2016,"{""type"":""MultiPoint"",""coordinates"":[]}"
20160228,2016-02-28,58,2,0.0,2016,"{""type"":""MultiPoint"",""coordinates"":[]}"
20160229,2016-02-29,59,2,0.0,2016,"{""type"":""MultiPoint"",""coordinates"":[]}"
20160301,2016-03-01,60,3,0.0,2016,"{""type"":""MultiPoint"",""coordinates"":[]}"
20160302,2016-03-02,61,3,0.0,2016,"{""type"":""MultiPoint"",""coordinates"":[]}"
20160303,2016-03-03,62,3,0.0,2016,"{""type"":""MultiPoint"",""coordinates"":[]}"
20160304,2016-03-04,63,3,0.03236068148653092,2016,"{""type"":""MultiPoint"",""coordinates"":[]}"
20160305,2016-03-05,64,3,0.0,2016,"{""type"":""MultiPoint"",""coordinates"":[]}"
20160306,2016-03-06,65,3,0.026209295435686304,2016,"{""type"":""MultiPoint"",""coordinates"":[]}"
20160307,2016-03-07,66,3,0.0,2016,"{""type"":""MultiPoint"",""coordinates"":[]}"
20160308,2016-03-08,67,3,0.0,2016,"{""type"":""MultiPoint"",""coordinates"":[]}"
20160309,2016-03-09,68,3,0.0,2016,"{""type"":""MultiPoint"",""coordinates"":[]}"
20160310,2016-03-10,69,3,0.0,2016,"{""type"":""MultiPoint"",""coordinates"":[]}"
20160311,2016-03-11,70,3,0.0,2016,"{""type"":""MultiPoint"",""coordinates"":[]}"
20160312,2016-03-12,71,3,0.0,2016,"{""type"":""MultiPoint"",""coordinates"":[]}"
20160313,2016-03-13,72,3,1.6237056049929442E-4,2016,"{""type"":""MultiPoint"",""coordinates"":[]}"
20160314,2016-03-14,73,3,0.0,2016,"{""type"":""MultiPoint"",""coordinates"":[]}"
20160315,2016-03-15,74,3,0.0,2016,"{""type"":""MultiPoint"",""coordinates"":[]}"
20160316,2016-03-16,75,3,0.0,2016,"{""type"":""MultiPoint"",""coordinates"":[]}"
20160317,2016-03-17,76,3,0.0,2016,"{""type"":""MultiPoint"",""coordinates"":[]}"
20160318,2016-03-18,77,3,0.21989356978597388,2016,"{""type"":""MultiPoint"",""coordinates"":[]}"
20160319,2016-03-19,78,3,0.0,2016,"{""type"":""MultiPoint"",""coordinates"":[]}"
20160320,2016-03-20,79,3,0.0,2016,"{""type"":""MultiPoint"",""coordinates"":[]}"
20160321,2016-03-21,80,3,0.0,2016,"{""type"":""MultiPoint"",""coordinates"":[]}"
20160322,2016-03-22,81,3,0.0,2016,"{""type"":""MultiPoint"",""coordinates"":[]}"
20160323,2016-03-23,82,3,0.0,2016,"{""type"":""MultiPoint"",""coordinates"":[]}"
20160324,2016-03-24,83,3,0.0,2016,"{""type"":""MultiPoint"",""coordinates"":[]}"
20160325,2016-03-25,84,3,0.029397775035939565,2016,"{""type"":""MultiPoint"",""coordinates"":[]}"
20160326,2016-03-26,85,3,0.0,2016,"{""type"":""MultiPoint"",""coordinates"":[]}"
20160327,2016-03-27,86,3,0.0,2016,"{""type"":""MultiPoint"",""coordinates"":[]}"
20160328,2016-03-28,87,3,0.21876877970118455,2016,"{""type"":""MultiPoint"",""coordinates"":[]}"
20160329,2016-03-29,88,3,0.0,2016,"{""type"":""MultiPoint"",""coordinates"":[]}"
20160330,2016-03-30,89,3,0.0,2016,"{""type"":""MultiPoint"",""coordinates"":[]}"
20160331,2016-03-31,90,3,0.0,2016,"{""type"":""MultiPoint"",""coordinates"":[]}"
20160401,2016-04-01,91,4,0.0,2016,"{""type"":""MultiPoint"",""coordinates"":[]}"
20160402,2016-04-02,92,4,0.0,2016,"{""type"":""MultiPoint"",""coordinates"":[]}"
20160403,2016-04-03,93,4,0.0,2016,"{""type"":""MultiPoint"",""coordinates"":[]}"
20160404,2016-04-04,94,4,0.0,2016,"{""type"":""MultiPoint"",""coordinates"":[]}"
20160405,2016-04-05,95,4,0.014678686556189952,2016,"{""type"":""MultiPoint"",""coordinates"":[]}"
20160406,2016-04-06,96,4,1.2029614861494575,2016,"{""type"":""MultiPoint"",""coordinates"":[]}"
20160407,2016-04-07,97,4,1.0713531937687013,2016,"{""type"":""MultiPoint"",""coordinates"":[]}"
20160408,2016-04-08,98,4,0.0,2016,"{""type"":""MultiPoint"",""coordinates"":[]}"
20160409,2016-04-09,99,4,0.14912252474312832,2016,"{""type"":""MultiPoint"",""coordinates"":[]}"
20160410,2016-04-10,100,4,0.1670497759282412,2016,"{""type"":""MultiPoint"",""coordinates"":[]}"
20160411,2016-04-11,101,4,0.0,2016,"{""type"":""MultiPoint"",""coordinates"":[]}"
20160412,2016-04-12,102,4,0.19051817751894093,2016,"{""type"":""MultiPoint"",""coordinates"":[]}"
20160413,2016-04-13,103,4,2.291077340232379,2016,"{""type"":""MultiPoint"",""coordinates"":[]}"
20160414,2016-04-14,104,4,0.0,2016,"{""type"":""MultiPoint"",""coordinates"":[]}"
20160415,2016-04-15,105,4,0.04054821046372881,2016,"{""type"":""MultiPoint"",""coordinates"":[]}"
20160416,2016-04-16,106,4,0.028155025809702246,2016,"{""type"":""MultiPoint"",""coordinates"":[]}"
20160417,2016-04-17,107,4,0.0,2016,"{""type"":""MultiPoint"",""coordinates"":[]}"
20160418,2016-04-18,108,4,0.0459021332476913,2016,"{""type"":""MultiPoint"",""coordinates"":[]}"
20160419,2016-04-19,109,4,0.0,2016,"{""type"":""MultiPoint"",""coordinates"":[]}"
20160420,2016-04-20,110,4,0.0,2016,"{""type"":""MultiPoint"",""coordinates"":[]}"
20160421,2016-04-21,111,4,0.0,2016,"{""type"":""MultiPoint"",""coordinates"":[]}"
20160422,2016-04-22,112,4,0.04036201009846697,2016,"{""type"":""MultiPoint"",""coordinates"":[]}"
20160423,2016-04-23,113,4,0.0,2016,"{""type"":""MultiPoint"",""coordinates"":[]}"
20160424,2016-04-24,114,4,0.0,2016,"{""type"":""MultiPoint"",""coordinates"":[]}"
20160425,2016-04-25,115,4,0.0,2016,"{""type"":""MultiPoint"",""coordinates"":[]}"
20160426,2016-04-26,116,4,0.0,2016,"{""type"":""MultiPoint"",""coordinates"":[]}"
20160427,2016-04-27,117,4,2.027054505906357,2016,"{""type"":""MultiPoint"",""coordinates"":[]}"
20160428,2016-04-28,118,4,0.408140068621795,2016,"{""type"":""MultiPoint"",""coordinates"":[]}"
20160429,2016-04-29,119,4,0.18674175667040277,2016,"{""type"":""MultiPoint"",""coordinates"":[]}"
20160430,2016-04-30,120,4,0.0,2016,"{""type"":""MultiPoint"",""coordinates"":[]}"
20160501,2016-05-01,121,5,0.0,2016,"{""type"":""MultiPoint"",""coordinates"":[]}"
20160502,2016-05-02,122,5,0.0,2016,"{""type"":""MultiPoint"",""coordinates"":[]}"
20160503,2016-05-03,123,5,2.1263490431992027,2016,"{""type"":""MultiPoint"",""coordinates"":[]}"
20160504,2016-05-04,124,5,0.0,2016,"{""type"":""MultiPoint"",""coordinates"":[]}"
20160505,2016-05-05,125,5,0.0,2016,"{""type"":""MultiPoint"",""coordinates"":[]}"
20160506,2016-05-06,126,5,0.0,2016,"{""type"":""MultiPoint"",""coordinates"":[]}"
20160507,2016-05-07,127,5,4.947593520574934,2016,"{""type"":""MultiPoint"",""coordinates"":[]}"
20160508,2016-05-08,128,5,1.384720352551186,2016,"{""type"":""MultiPoint"",""coordinates"":[]}"
20160509,2016-05-09,129,5,0.09044025401876431,2016,"{""type"":""MultiPoint"",""coordinates"":[]}"
20160510,2016-05-10,130,5,0.08220624215391796,2016,"{""type"":""MultiPoint"",""coordinates"":[]}"
20160511,2016-05-11,131,5,5.823173380200286,2016,"{""type"":""MultiPoint"",""coordinates"":[]}"
20160512,2016-05-12,132,5,0.0,2016,"{""type"":""MultiPoint"",""coordinates"":[]}"
20160513,2016-05-13,133,5,0.11450219907532071,2016,"{""type"":""MultiPoint"",""coordinates"":[]}"
20160514,2016-05-14,134,5,2.15411043252112,2016,"{""type"":""MultiPoint"",""coordinates"":[]}"
20160515,2016-05-15,135,5,0.18617870621597157,2016,"{""type"":""MultiPoint"",""coordinates"":[]}"
20160516,2016-05-16,136,5,0.6184095725089541,2016,"{""type"":""MultiPoint"",""coordinates"":[]}"
20160517,2016-05-17,137,5,0.0,2016,"{""type"":""MultiPoint"",""coordinates"":[]}"
20160518,2016-05-18,138,5,0.0,2016,"{""type"":""MultiPoint"",""coordinates"":[]}"
20160519,2016-05-19,139,5,2.7564285363176366,2016,"{""type"":""MultiPoint"",""coordinates"":[]}"
20160520,2016-05-20,140,5,7.082480808842842,2016,"{""type"":""MultiPoint"",""coordinates"":[]}"
20160521,2016-05-21,141,5,5.122569313661299,2016,"{""type"":""MultiPoint"",""coordinates"":[]}"
20160522,2016-05-22,142,5,5.831858264122607,2016,"{""type"":""MultiPoint"",""coordinates"":[]}"
20160523,2016-05-23,143,5,0.07319537619124028,2016,"{""type"":""MultiPoint"",""coordinates"":[]}"
20160524,2016-05-24,144,5,7.460504676073133,2016,"{""type"":""MultiPoint"",""coordinates"":[]}"
20160525,2016-05-25,145,5,1.0850402847283618,2016,"{""type"":""MultiPoint"",""coordinates"":[]}"
20160526,2016-05-26,146,5,0.6314975539158537,2016,"{""type"":""MultiPoint"",""coordinates"":[]}"
20160527,2016-05-27,147,5,4.68187014384656,2016,"{""type"":""MultiPoint"",""coordinates"":[]}"
20160528,2016-05-28,148,5,0.0,2016,"{""type"":""MultiPoint"",""coordinates"":[]}"
20160529,2016-05-29,149,5,0.0,2016,"{""type"":""MultiPoint"",""coordinates"":[]}"
20160530,2016-05-30,150,5,0.0,2016,"{""type"":""MultiPoint"",""coordinates"":[]}"
20160531,2016-05-31,151,5,2.973747229901935,2016,"{""type"":""MultiPoint"",""coordinates"":[]}"
20160601,2016-06-01,152,6,0.0,2016,"{""type"":""MultiPoint"",""coordinates"":[]}"
20160602,2016-06-02,153,6,0.11692671342329546,2016,"{""type"":""MultiPoint"",""coordinates"":[]}"
20160603,2016-06-03,154,6,15.653738047349895,2016,"{""type"":""MultiPoint"",""coordinates"":[]}"
20160604,2016-06-04,155,6,3.733229020912592,2016,"{""type"":""MultiPoint"",""coordinates"":[]}"
20160605,2016-06-05,156,6,0.0,2016,"{""type"":""MultiPoint"",""coordinates"":[]}"
20160606,2016-06-06,157,6,18.181750089207554,2016,"{""type"":""MultiPoint"",""coordinates"":[]}"
20160607,2016-06-07,158,6,0.0,2016,"{""type"":""MultiPoint"",""coordinates"":[]}"
20160608,2016-06-08,159,6,6.9208546626400205,2016,"{""type"":""MultiPoint"",""coordinates"":[]}"
20160609,2016-06-09,160,6,1.3658709836775869,2016,"{""type"":""MultiPoint"",""coordinates"":[]}"
20160610,2016-06-10,161,6,3.561893680540022,2016,"{""type"":""MultiPoint"",""coordinates"":[]}"
20160611,2016-06-11,162,6,10.88163870163402,2016,"{""type"":""MultiPoint"",""coordinates"":[]}"
20160612,2016-06-12,163,6,3.001182614045229,2016,"{""type"":""MultiPoint"",""coordinates"":[]}"
20160613,2016-06-13,164,6,0.0,2016,"{""type"":""MultiPoint"",""coordinates"":[]}"
20160614,2016-06-14,165,6,0.0,2016,"{""type"":""MultiPoint"",""coordinates"":[]}"
20160615,2016-06-15,166,6,11.972082638981364,2016,"{""type"":""MultiPoint"",""coordinates"":[]}"
20160616,2016-06-16,167,6,1.638176115840278,2016,"{""type"":""MultiPoint"",""coordinates"":[]}"
20160617,2016-06-17,168,6,2.2894567399715333,2016,"{""type"":""MultiPoint"",""coordinates"":[]}"
20160618,2016-06-18,169,6,0.0,2016,"{""type"":""MultiPoint"",""coordinates"":[]}"
20160619,2016-06-19,170,6,9.546812571447944,2016,"{""type"":""MultiPoint"",""coordinates"":[]}"
20160620,2016-06-20,171,6,2.6896566597630094,2016,"{""type"":""MultiPoint"",""coordinates"":[]}"
20160621,2016-06-21,172,6,12.682985139096179,2016,"{""type"":""MultiPoint"",""coordinates"":[]}"
20160622,2016-06-22,173,6,0.0,2016,"{""type"":""MultiPoint"",""coordinates"":[]}"
20160623,2016-06-23,174,6,0.5715664096529306,2016,"{""type"":""MultiPoint"",""coordinates"":[]}"
20160624,2016-06-24,175,6,5.435424078807049,2016,"{""type"":""MultiPoint"",""coordinates"":[]}"
20160625,2016-06-25,176,6,0.0,2016,"{""type"":""MultiPoint"",""coordinates"":[]}"
20160626,2016-06-26,177,6,19.022287703854282,2016,"{""type"":""MultiPoint"",""coordinates"":[]}"
20160627,2016-06-27,178,6,16.34360143032894,2016,"{""type"":""MultiPoint"",""coordinates"":[]}"
20160628,2016-06-28,179,6,8.07354564547751,2016,"{""type"":""MultiPoint"",""coordinates"":[]}"
20160629,2016-06-29,180,6,0.0,2016,"{""type"":""MultiPoint"",""coordinates"":[]}"
20160630,2016-06-30,181,6,0.0,2016,"{""type"":""MultiPoint"",""coordinates"":[]}"
20160701,2016-07-01,182,7,8.764932660684417,2016,"{""type"":""MultiPoint"",""coordinates"":[]}"
20160702,2016-07-02,183,7,0.3498323951104675,2016,"{""type"":""MultiPoint"",""coordinates"":[]}"
20160703,2016-07-03,184,7,3.0596595448913093,2016,"{""type"":""MultiPoint"",""coordinates"":[]}"
20160704,2016-07-04,185,7,1.8367985521219443,2016,"{""type"":""MultiPoint"",""coordinates"":[]}"
20160705,2016-07-05,186,7,15.863230601564025,2016,"{""type"":""MultiPoint"",""coordinates"":[]}"
20160706,2016-07-06,187,7,7.963495537558978,2016,"{""type"":""MultiPoint"",""coordinates"":[]}"
20160707,2016-07-07,188,7,0.0,2016,"{""type"":""MultiPoint"",""coordinates"":[]}"
20160708,2016-07-08,189,7,1.9061263851374297,2016,"{""type"":""MultiPoint"",""coordinates"":[]}"
20160709,2016-07-09,190,7,9.526465041964663,2016,"{""type"":""MultiPoint"",""coordinates"":[]}"
20160710,2016-07-10,191,7,0.04035505305943949,2016,"{""type"":""MultiPoint"",""coordinates"":[]}"
20160711,2016-07-11,192,7,23.852087663078954,2016,"{""type"":""MultiPoint"",""coordinates"":[]}"
20160712,2016-07-12,193,7,13.023617955712334,2016,"{""type"":""MultiPoint"",""coordinates"":[]}"
20160713,2016-07-13,194,7,1.2202506071979584,2016,"{""type"":""MultiPoint"",""coordinates"":[]}"
20160714,2016-07-14,195,7,13.011439325219689,2016,"{""type"":""MultiPoint"",""coordinates"":[]}"
20160715,2016-07-15,196,7,16.634165443696936,2016,"{""type"":""MultiPoint"",""coordinates"":[]}"
20160716,2016-07-16,197,7,11.443090670980965,2016,"{""type"":""MultiPoint"",""coordinates"":[]}"
20160717,2016-07-17,198,7,5.20770355384405,2016,"{""type"":""MultiPoint"",""coordinates"":[]}"
20160718,2016-07-18,199,7,21.338372905789377,2016,"{""type"":""MultiPoint"",""coordinates"":[]}"
20160719,2016-07-19,200,7,3.8569211227914133,2016,"{""type"":""MultiPoint"",""coordinates"":[]}"
20160720,2016-07-20,201,7,6.232984492414704,2016,"{""type"":""MultiPoint"",""coordinates"":[]}"
20160721,2016-07-21,202,7,5.410206202493609,2016,"{""type"":""MultiPoint"",""coordinates"":[]}"
20160722,2016-07-22,203,7,18.638341046531828,2016,"{""type"":""MultiPoint"",""coordinates"":[]}"
20160723,2016-07-23,204,7,3.7771583317435358,2016,"{""type"":""MultiPoint"",""coordinates"":[]}"
20160724,2016-07-24,205,7,0.2679643173410435,2016,"{""type"":""MultiPoint"",""coordinates"":[]}"
20160725,2016-07-25,206,7,5.447257963778548,2016,"{""type"":""MultiPoint"",""coordinates"":[]}"
20160726,2016-07-26,207,7,19.262399393536118,2016,"{""type"":""MultiPoint"",""coordinates"":[]}"
20160727,2016-07-27,208,7,0.13883082553593798,2016,"{""type"":""MultiPoint"",""coordinates"":[]}"
20160728,2016-07-28,209,7,0.0,2016,"{""type"":""MultiPoint"",""coordinates"":[]}"
20160729,2016-07-29,210,7,44.48884327299737,2016,"{""type"":""MultiPoint"",""coordinates"":[]}"
20160730,2016-07-30,211,7,0.0,2016,"{""type"":""MultiPoint"",""coordinates"":[]}"
20160731,2016-07-31,212,7,0.0,2016,"{""type"":""MultiPoint"",""coordinates"":[]}"
20160801,2016-08-01,213,8,17.861647565097098,2016,"{""type"":""MultiPoint"",""coordinates"":[]}"
20160802,2016-08-02,214,8,3.358144664084423,2016,"{""type"":""MultiPoint"",""coordinates"":[]}"
20160803,2016-08-03,215,8,7.003571086743015,2016,"{""type"":""MultiPoint"",""coordinates"":[]}"
20160804,2016-08-04,216,8,1.3529077906919293,2016,"{""type"":""MultiPoint"",""coordinates"":[]}"
20160805,2016-08-05,217,8,2.578785161921047,2016,"{""type"":""MultiPoint"",""coordinates"":[]}"
20160806,2016-08-06,218,8,1.4994689115417386,2016,"{""type"":""MultiPoint"",""coordinates"":[]}"
20160807,2016-08-07,219,8,0.17808783415592078,2016,"{""type"":""MultiPoint"",""coordinates"":[]}"
20160808,2016-08-08,220,8,8.603952557527327,2016,"{""type"":""MultiPoint"",""coordinates"":[]}"
20160809,2016-08-09,221,8,9.797964379300598,2016,"{""type"":""MultiPoint"",""coordinates"":[]}"
20160810,2016-08-10,222,8,3.114427773403304,2016,"{""type"":""MultiPoint"",""coordinates"":[]}"
20160811,2016-08-11,223,8,0.0856098791565558,2016,"{""type"":""MultiPoint"",""coordinates"":[]}"
20160812,2016-08-12,224,8,14.250437094684072,2016,"{""type"":""MultiPoint"",""coordinates"":[]}"
20160813,2016-08-13,225,8,18.04952218891914,2016,"{""type"":""MultiPoint"",""coordinates"":[]}"
20160814,2016-08-14,226,8,11.57175875645058,2016,"{""type"":""MultiPoint"",""coordinates"":[]}"
20160815,2016-08-15,227,8,15.423116122975072,2016,"{""type"":""MultiPoint"",""coordinates"":[]}"
20160816,2016-08-16,228,8,0.0,2016,"{""type"":""MultiPoint"",""coordinates"":[]}"
20160817,2016-08-17,229,8,0.23957822298762774,2016,"{""type"":""MultiPoint"",""coordinates"":[]}"
20160818,2016-08-18,230,8,0.7411102092627323,2016,"{""type"":""MultiPoint"",""coordinates"":[]}"
20160819,2016-08-19,231,8,15.886592753926559,2016,"{""type"":""MultiPoint"",""coordinates"":[]}"
20160820,2016-08-20,232,8,0.0,2016,"{""type"":""MultiPoint"",""coordinates"":[]}"
20160821,2016-08-21,233,8,5.201503170908358,2016,"{""type"":""MultiPoint"",""coordinates"":[]}"
20160822,2016-08-22,234,8,1.169102455087406,2016,"{""type"":""MultiPoint"",""coordinates"":[]}"
20160823,2016-08-23,235,8,15.217154152489199,2016,"{""type"":""MultiPoint"",""coordinates"":[]}"
20160824,2016-08-24,236,8,7.937482784185865,2016,"{""type"":""MultiPoint"",""coordinates"":[]}"
20160825,2016-08-25,237,8,12.874491632185398,2016,"{""type"":""MultiPoint"",""coordinates"":[]}"
20160826,2016-08-26,238,8,28.988458107759225,2016,"{""type"":""MultiPoint"",""coordinates"":[]}"
20160827,2016-08-27,239,8,5.606948249244198,2016,"{""type"":""MultiPoint"",""coordinates"":[]}"
20160828,2016-08-28,240,8,5.498346193400106,2016,"{""type"":""MultiPoint"",""coordinates"":[]}"
20160829,2016-08-29,241,8,7.9510009513087345,2016,"{""type"":""MultiPoint"",""coordinates"":[]}"
20160830,2016-08-30,242,8,7.800901101494475,2016,"{""type"":""MultiPoint"",""coordinates"":[]}"
20160831,2016-08-31,243,8,7.665600357539203,2016,"{""type"":""MultiPoint"",""coordinates"":[]}"
20160901,2016-09-01,244,9,14.940858911112716,2016,"{""type"":""MultiPoint"",""coordinates"":[]}"
20160902,2016-09-02,245,9,0.0,2016,"{""type"":""MultiPoint"",""coordinates"":[]}"
20160903,2016-09-03,246,9,0.0,2016,"{""type"":""MultiPoint"",""coordinates"":[]}"
20160904,2016-09-04,247,9,3.264387969759153,2016,"{""type"":""MultiPoint"",""coordinates"":[]}"
20160905,2016-09-05,248,9,5.958232709548807,2016,"{""type"":""MultiPoint"",""coordinates"":[]}"
20160906,2016-09-06,249,9,8.833826592710377,2016,"{""type"":""MultiPoint"",""coordinates"":[]}"
20160907,2016-09-07,250,9,4.202054389988368,2016,"{""type"":""MultiPoint"",""coordinates"":[]}"
20160908,2016-09-08,251,9,0.0,2016,"{""type"":""MultiPoint"",""coordinates"":[]}"
20160909,2016-09-09,252,9,3.665404142448514,2016,"{""type"":""MultiPoint"",""coordinates"":[]}"
20160910,2016-09-10,253,9,8.833826592710377,2016,"{""type"":""MultiPoint"",""coordinates"":[]}"
20160911,2016-09-11,254,9,4.372910451690711,2016,"{""type"":""MultiPoint"",""coordinates"":[]}"
20160912,2016-09-12,255,9,0.0,2016,"{""type"":""MultiPoint"",""coordinates"":[]}"
20160913,2016-09-13,256,9,20.182099546151814,2016,"{""type"":""MultiPoint"",""coordinates"":[]}"
20160914,2016-09-14,257,9,0.0,2016,"{""type"":""MultiPoint"",""coordinates"":[]}"
20160915,2016-09-15,258,9,4.559882559713031,2016,"{""type"":""MultiPoint"",""coordinates"":[]}"
20160916,2016-09-16,259,9,4.813791572941391,2016,"{""type"":""MultiPoint"",""coordinates"":[]}"
20160917,2016-09-17,260,9,0.0,2016,"{""type"":""MultiPoint"",""coordinates"":[]}"
20160918,2016-09-18,261,9,0.9062741872319421,2016,"{""type"":""MultiPoint"",""coordinates"":[]}"
20160919,2016-09-19,262,9,7.784525736130494,2016,"{""type"":""MultiPoint"",""coordinates"":[]}"
20160920,2016-09-20,263,9,6.22184672906248,2016,"{""type"":""MultiPoint"",""coordinates"":[]}"
20160921,2016-09-21,264,9,0.0,2016,"{""type"":""MultiPoint"",""coordinates"":[]}"
20160922,2016-09-22,265,9,11.518027891898349,2016,"{""type"":""MultiPoint"",""coordinates"":[]}"
20160923,2016-09-23,266,9,0.0,2016,"{""type"":""MultiPoint"",""coordinates"":[]}"
20160924,2016-09-24,267,9,0.0,2016,"{""type"":""MultiPoint"",""coordinates"":[]}"
20160925,2016-09-25,268,9,0.0,2016,"{""type"":""MultiPoint"",""coordinates"":[]}"
20160926,2016-09-26,269,9,1.0588323088253244,2016,"{""type"":""MultiPoint"",""coordinates"":[]}"
20160927,2016-09-27,270,9,0.3254717802099483,2016,"{""type"":""MultiPoint"",""coordinates"":[]}"
20160928,2016-09-28,271,9,0.0,2016,"{""type"":""MultiPoint"",""coordinates"":[]}"
20160929,2016-09-29,272,9,0.0,2016,"{""type"":""MultiPoint"",""coordinates"":[]}"
20160930,2016-09-30,273,9,0.0,2016,"{""type"":""MultiPoint"",""coordinates"":[]}"
20161001,2016-10-01,274,10,0.0,2016,"{""type"":""MultiPoint"",""coordinates"":[]}"
20161002,2016-10-02,275,10,0.0,2016,"{""type"":""MultiPoint"",""coordinates"":[]}"
20161003,2016-10-03,276,10,0.0,2016,"{""type"":""MultiPoint"",""coordinates"":[]}"
20161004,2016-10-04,277,10,0.0,2016,"{""type"":""MultiPoint"",""coordinates"":[]}"
20161005,2016-10-05,278,10,6.968269298751418,2016,"{""type"":""MultiPoint"",""coordinates"":[]}"
20161006,2016-10-06,279,10,3.425416748177583,2016,"{""type"":""MultiPoint"",""coordinates"":[]}"
20161007,2016-10-07,280,10,2.4793082204141768,2016,"{""type"":""MultiPoint"",""coordinates"":[]}"
20161008,2016-10-08,281,10,0.0,2016,"{""type"":""MultiPoint"",""coordinates"":[]}"
20161009,2016-10-09,282,10,0.0,2016,"{""type"":""MultiPoint"",""coordinates"":[]}"
20161010,2016-10-10,283,10,0.0,2016,"{""type"":""MultiPoint"",""coordinates"":[]}"
20161011,2016-10-11,284,10,0.0,2016,"{""type"":""MultiPoint"",""coordinates"":[]}"
20161012,2016-10-12,285,10,1.0601011973179124,2016,"{""type"":""MultiPoint"",""coordinates"":[]}"
20161013,2016-10-13,286,10,0.0,2016,"{""type"":""MultiPoint"",""coordinates"":[]}"
20161014,2016-10-14,287,10,0.0,2016,"{""type"":""MultiPoint"",""coordinates"":[]}"
20161015,2016-10-15,288,10,0.021490145045994627,2016,"{""type"":""MultiPoint"",""coordinates"":[]}"
20161016,2016-10-16,289,10,0.0,2016,"{""type"":""MultiPoint"",""coordinates"":[]}"
20161017,2016-10-17,290,10,0.0,2016,"{""type"":""MultiPoint"",""coordinates"":[]}"
20161018,2016-10-18,291,10,0.0,2016,"{""type"":""MultiPoint"",""coordinates"":[]}"
20161019,2016-10-19,292,10,2.3059099441142235,2016,"{""type"":""MultiPoint"",""coordinates"":[]}"
20161020,2016-10-20,293,10,0.0,2016,"{""type"":""MultiPoint"",""coordinates"":[]}"
20161021,2016-10-21,294,10,0.0,2016,"{""type"":""MultiPoint"",""coordinates"":[]}"
20161022,2016-10-22,295,10,0.0,2016,"{""type"":""MultiPoint"",""coordinates"":[]}"
20161023,2016-10-23,296,10,0.0,2016,"{""type"":""MultiPoint"",""coordinates"":[]}"
20161024,2016-10-24,297,10,0.0,2016,"{""type"":""MultiPoint"",""coordinates"":[]}"
20161025,2016-10-25,298,10,0.0,2016,"{""type"":""MultiPoint"",""coordinates"":[]}"
20161026,2016-10-26,299,10,0.0,2016,"{""type"":""MultiPoint"",""coordinates"":[]}"
20161027,2016-10-27,300,10,0.0,2016,"{""type"":""MultiPoint"",""coordinates"":[]}"
20161028,2016-10-28,301,10,0.0,2016,"{""type"":""MultiPoint"",""coordinates"":[]}"
20161029,2016-10-29,302,10,0.0,2016,"{""type"":""MultiPoint"",""coordinates"":[]}"
20161030,2016-10-30,303,10,0.0,2016,"{""type"":""MultiPoint"",""coordinates"":[]}"
20161031,2016-10-31,304,10,0.0,2016,"{""type"":""MultiPoint"",""coordinates"":[]}"
20161101,2016-11-01,305,11,0.0,2016,"{""type"":""MultiPoint"",""coordinates"":[]}"
20161102,2016-11-02,306,11,0.0,2016,"{""type"":""MultiPoint"",""coordinates"":[]}"
20161103,2016-11-03,307,11,0.0,2016,"{""type"":""MultiPoint"",""coordinates"":[]}"
20161104,2016-11-04,308,11,0.0,2016,"{""type"":""MultiPoint"",""coordinates"":[]}"
20161105,2016-11-05,309,11,0.0,2016,"{""type"":""MultiPoint"",""coordinates"":[]}"
20161106,2016-11-06,310,11,0.0,2016,"{""type"":""MultiPoint"",""coordinates"":[]}"
20161107,2016-11-07,311,11,0.0,2016,"{""type"":""MultiPoint"",""coordinates"":[]}"
20161108,2016-11-08,312,11,0.0,2016,"{""type"":""MultiPoint"",""coordinates"":[]}"
20161109,2016-11-09,313,11,0.0,2016,"{""type"":""MultiPoint"",""coordinates"":[]}"
20161110,2016-11-10,314,11,0.0,2016,"{""type"":""MultiPoint"",""coordinates"":[]}"
20161111,2016-11-11,315,11,0.0,2016,"{""type"":""MultiPoint"",""coordinates"":[]}"
20161112,2016-11-12,316,11,0.0,2016,"{""type"":""MultiPoint"",""coordinates"":[]}"
20161113,2016-11-13,317,11,0.0,2016,"{""type"":""MultiPoint"",""coordinates"":[]}"
20161114,2016-11-14,318,11,0.0,2016,"{""type"":""MultiPoint"",""coordinates"":[]}"
20161115,2016-11-15,319,11,0.0,2016,"{""type"":""MultiPoint"",""coordinates"":[]}"
20161116,2016-11-16,320,11,0.0,2016,"{""type"":""MultiPoint"",""coordinates"":[]}"
20161117,2016-11-17,321,11,0.0,2016,"{""type"":""MultiPoint"",""coordinates"":[]}"
20161118,2016-11-18,322,11,0.0,2016,"{""type"":""MultiPoint"",""coordinates"":[]}"
20161119,2016-11-19,323,11,0.0,2016,"{""type"":""MultiPoint"",""coordinates"":[]}"
20161120,2016-11-20,324,11,0.0,2016,"{""type"":""MultiPoint"",""coordinates"":[]}"
20161121,2016-11-21,325,11,0.0,2016,"{""type"":""MultiPoint"",""coordinates"":[]}"
20161122,2016-11-22,326,11,0.0,2016,"{""type"":""MultiPoint"",""coordinates"":[]}"
20161123,2016-11-23,327,11,0.0,2016,"{""type"":""MultiPoint"",""coordinates"":[]}"
20161124,2016-11-24,328,11,0.0,2016,"{""type"":""MultiPoint"",""coordinates"":[]}"
20161125,2016-11-25,329,11,0.0,2016,"{""type"":""MultiPoint"",""coordinates"":[]}"
20161126,2016-11-26,330,11,0.0,2016,"{""type"":""MultiPoint"",""coordinates"":[]}"
20161127,2016-11-27,331,11,0.0,2016,"{""type"":""MultiPoint"",""coordinates"":[]}"
20161128,2016-11-28,332,11,0.0,2016,"{""type"":""MultiPoint"",""coordinates"":[]}"
20161129,2016-11-29,333,11,0.0,2016,"{""type"":""MultiPoint"",""coordinates"":[]}"
20161130,2016-11-30,334,11,0.0,2016,"{""type"":""MultiPoint"",""coordinates"":[]}"
20161201,2016-12-01,335,12,0.0,2016,"{""type"":""MultiPoint"",""coordinates"":[]}"
20161202,2016-12-02,336,12,0.0,2016,"{""type"":""MultiPoint"",""coordinates"":[]}"
20161203,2016-12-03,337,12,0.0,2016,"{""type"":""MultiPoint"",""coordinates"":[]}"
20161204,2016-12-04,338,12,0.008542559849115663,2016,"{""type"":""MultiPoint"",""coordinates"":[]}"
20161205,2016-12-05,339,12,0.0014732945762068522,2016,"{""type"":""MultiPoint"",""coordinates"":[]}"
20161206,2016-12-06,340,12,0.0,2016,"{""type"":""MultiPoint"",""coordinates"":[]}"
20161207,2016-12-07,341,12,0.0,2016,"{""type"":""MultiPoint"",""coordinates"":[]}"
20161208,2016-12-08,342,12,0.0,2016,"{""type"":""MultiPoint"",""coordinates"":[]}"
20161209,2016-12-09,343,12,0.0011490828959519592,2016,"{""type"":""MultiPoint"",""coordinates"":[]}"
20161210,2016-12-10,344,12,0.0,2016,"{""type"":""MultiPoint"",""coordinates"":[]}"
20161211,2016-12-11,345,12,0.0,2016,"{""type"":""MultiPoint"",""coordinates"":[]}"
20161212,2016-12-12,346,12,0.0,2016,"{""type"":""MultiPoint"",""coordinates"":[]}"
20161213,2016-12-13,347,12,0.0,2016,"{""type"":""MultiPoint"",""coordinates"":[]}"
20161214,2016-12-14,348,12,0.0,2016,"{""type"":""MultiPoint"",""coordinates"":[]}"
20161215,2016-12-15,349,12,0.0,2016,"{""type"":""MultiPoint"",""coordinates"":[]}"
20161216,2016-12-16,350,12,0.0,2016,"{""type"":""MultiPoint"",""coordinates"":[]}"
20161217,2016-12-17,351,12,0.0,2016,"{""type"":""MultiPoint"",""coordinates"":[]}"
20161218,2016-12-18,352,12,0.0,2016,"{""type"":""MultiPoint"",""coordinates"":[]}"
20161219,2016-12-19,353,12,0.0,2016,"{""type"":""MultiPoint"",""coordinates"":[]}"
20161220,2016-12-20,354,12,0.0,2016,"{""type"":""MultiPoint"",""coordinates"":[]}"
20161221,2016-12-21,355,12,0.0,2016,"{""type"":""MultiPoint"",""coordinates"":[]}"
20161222,2016-12-22,356,12,0.0,2016,"{""type"":""MultiPoint"",""coordinates"":[]}"
20161223,2016-12-23,357,12,0.0,2016,"{""type"":""MultiPoint"",""coordinates"":[]}"
20161224,2016-12-24,358,12,0.0,2016,"{""type"":""MultiPoint"",""coordinates"":[]}"
20161225,2016-12-25,359,12,0.0,2016,"{""type"":""MultiPoint"",""coordinates"":[]}"
20161226,2016-12-26,360,12,0.0,2016,"{""type"":""MultiPoint"",""coordinates"":[]}"
20161227,2016-12-27,361,12,0.0,2016,"{""type"":""MultiPoint"",""coordinates"":[]}"
20161228,2016-12-28,362,12,0.0,2016,"{""type"":""MultiPoint"",""coordinates"":[]}"
20161229,2016-12-29,363,12,0.0,2016,"{""type"":""MultiPoint"",""coordinates"":[]}"
20161230,2016-12-30,364,12,0.0,2016,"{""type"":""MultiPoint"",""coordinates"":[]}"
20161231,2016-12-31,365,12,0.0,2016,"{""type"":""MultiPoint"",""coordinates"":[]}"
20170101,2017-01-01,0,1,0.0,2017,"{""type"":""MultiPoint"",""coordinates"":[]}"
20170102,2017-01-02,1,1,0.0,2017,"{""type"":""MultiPoint"",""coordinates"":[]}"
20170103,2017-01-03,2,1,0.0,2017,"{""type"":""MultiPoint"",""coordinates"":[]}"
20170104,2017-01-04,3,1,0.0,2017,"{""type"":""MultiPoint"",""coordinates"":[]}"
20170105,2017-01-05,4,1,0.0,2017,"{""type"":""MultiPoint"",""coordinates"":[]}"
20170106,2017-01-06,5,1,0.0,2017,"{""type"":""MultiPoint"",""coordinates"":[]}"
20170107,2017-01-07,6,1,0.0,2017,"{""type"":""MultiPoint"",""coordinates"":[]}"
20170108,2017-01-08,7,1,0.0,2017,"{""type"":""MultiPoint"",""coordinates"":[]}"
20170109,2017-01-09,8,1,0.0,2017,"{""type"":""MultiPoint"",""coordinates"":[]}"
20170110,2017-01-10,9,1,0.0,2017,"{""type"":""MultiPoint"",""coordinates"":[]}"
20170111,2017-01-11,10,1,0.0,2017,"{""type"":""MultiPoint"",""coordinates"":[]}"
20170112,2017-01-12,11,1,0.0,2017,"{""type"":""MultiPoint"",""coordinates"":[]}"
20170113,2017-01-13,12,1,0.0,2017,"{""type"":""MultiPoint"",""coordinates"":[]}"
20170114,2017-01-14,13,1,0.0,2017,"{""type"":""MultiPoint"",""coordinates"":[]}"
20170115,2017-01-15,14,1,0.0,2017,"{""type"":""MultiPoint"",""coordinates"":[]}"
20170116,2017-01-16,15,1,0.0,2017,"{""type"":""MultiPoint"",""coordinates"":[]}"
20170117,2017-01-17,16,1,0.0,2017,"{""type"":""MultiPoint"",""coordinates"":[]}"
20170118,2017-01-18,17,1,0.0,2017,"{""type"":""MultiPoint"",""coordinates"":[]}"
20170119,2017-01-19,18,1,0.0,2017,"{""type"":""MultiPoint"",""coordinates"":[]}"
20170120,2017-01-20,19,1,0.0,2017,"{""type"":""MultiPoint"",""coordinates"":[]}"
20170121,2017-01-21,20,1,0.0,2017,"{""type"":""MultiPoint"",""coordinates"":[]}"
20170122,2017-01-22,21,1,0.0,2017,"{""type"":""MultiPoint"",""coordinates"":[]}"
20170123,2017-01-23,22,1,0.0,2017,"{""type"":""MultiPoint"",""coordinates"":[]}"
20170124,2017-01-24,23,1,0.0,2017,"{""type"":""MultiPoint"",""coordinates"":[]}"
20170125,2017-01-25,24,1,0.0,2017,"{""type"":""MultiPoint"",""coordinates"":[]}"
20170126,2017-01-26,25,1,0.0,2017,"{""type"":""MultiPoint"",""coordinates"":[]}"
20170127,2017-01-27,26,1,0.0,2017,"{""type"":""MultiPoint"",""coordinates"":[]}"
20170128,2017-01-28,27,1,0.0,2017,"{""type"":""MultiPoint"",""coordinates"":[]}"
20170129,2017-01-29,28,1,0.0,2017,"{""type"":""MultiPoint"",""coordinates"":[]}"
20170130,2017-01-30,29,1,0.0,2017,"{""type"":""MultiPoint"",""coordinates"":[]}"
20170131,2017-01-31,30,1,0.0,2017,"{""type"":""MultiPoint"",""coordinates"":[]}"
20170201,2017-02-01,31,2,0.0,2017,"{""type"":""MultiPoint"",""coordinates"":[]}"
20170202,2017-02-02,32,2,0.0,2017,"{""type"":""MultiPoint"",""coordinates"":[]}"
20170203,2017-02-03,33,2,0.0,2017,"{""type"":""MultiPoint"",""coordinates"":[]}"
20170204,2017-02-04,34,2,0.0,2017,"{""type"":""MultiPoint"",""coordinates"":[]}"
20170205,2017-02-05,35,2,0.0,2017,"{""type"":""MultiPoint"",""coordinates"":[]}"
20170206,2017-02-06,36,2,0.0,2017,"{""type"":""MultiPoint"",""coordinates"":[]}"
20170207,2017-02-07,37,2,0.0,2017,"{""type"":""MultiPoint"",""coordinates"":[]}"
20170208,2017-02-08,38,2,0.0,2017,"{""type"":""MultiPoint"",""coordinates"":[]}"
20170209,2017-02-09,39,2,0.0,2017,"{""type"":""MultiPoint"",""coordinates"":[]}"
20170210,2017-02-10,40,2,0.0,2017,"{""type"":""MultiPoint"",""coordinates"":[]}"
20170211,2017-02-11,41,2,0.0,2017,"{""type"":""MultiPoint"",""coordinates"":[]}"
20170212,2017-02-12,42,2,0.0,2017,"{""type"":""MultiPoint"",""coordinates"":[]}"
20170213,2017-02-13,43,2,0.0,2017,"{""type"":""MultiPoint"",""coordinates"":[]}"
20170214,2017-02-14,44,2,0.0,2017,"{""type"":""MultiPoint"",""coordinates"":[]}"
20170215,2017-02-15,45,2,0.0,2017,"{""type"":""MultiPoint"",""coordinates"":[]}"
20170216,2017-02-16,46,2,0.0,2017,"{""type"":""MultiPoint"",""coordinates"":[]}"
20170217,2017-02-17,47,2,0.0,2017,"{""type"":""MultiPoint"",""coordinates"":[]}"
20170218,2017-02-18,48,2,0.0,2017,"{""type"":""MultiPoint"",""coordinates"":[]}"
20170219,2017-02-19,49,2,0.0,2017,"{""type"":""MultiPoint"",""coordinates"":[]}"
20170220,2017-02-20,50,2,0.0,2017,"{""type"":""MultiPoint"",""coordinates"":[]}"
20170221,2017-02-21,51,2,0.0,2017,"{""type"":""MultiPoint"",""coordinates"":[]}"
20170222,2017-02-22,52,2,0.0,2017,"{""type"":""MultiPoint"",""coordinates"":[]}"
20170223,2017-02-23,53,2,0.0,2017,"{""type"":""MultiPoint"",""coordinates"":[]}"
20170224,2017-02-24,54,2,0.0,2017,"{""type"":""MultiPoint"",""coordinates"":[]}"
20170225,2017-02-25,55,2,0.0,2017,"{""type"":""MultiPoint"",""coordinates"":[]}"
20170226,2017-02-26,56,2,0.0,2017,"{""type"":""MultiPoint"",""coordinates"":[]}"
20170227,2017-02-27,57,2,0.0,2017,"{""type"":""MultiPoint"",""coordinates"":[]}"
20170228,2017-02-28,58,2,0.0,2017,"{""type"":""MultiPoint"",""coordinates"":[]}"
20170301,2017-03-01,59,3,0.0,2017,"{""type"":""MultiPoint"",""coordinates"":[]}"
20170302,2017-03-02,60,3,0.0,2017,"{""type"":""MultiPoint"",""coordinates"":[]}"
20170303,2017-03-03,61,3,0.0,2017,"{""type"":""MultiPoint"",""coordinates"":[]}"
20170304,2017-03-04,62,3,0.0,2017,"{""type"":""MultiPoint"",""coordinates"":[]}"
20170305,2017-03-05,63,3,0.0,2017,"{""type"":""MultiPoint"",""coordinates"":[]}"
20170306,2017-03-06,64,3,0.0,2017,"{""type"":""MultiPoint"",""coordinates"":[]}"
20170307,2017-03-07,65,3,0.0,2017,"{""type"":""MultiPoint"",""coordinates"":[]}"
20170308,2017-03-08,66,3,0.0,2017,"{""type"":""MultiPoint"",""coordinates"":[]}"
20170309,2017-03-09,67,3,0.0,2017,"{""type"":""MultiPoint"",""coordinates"":[]}"
20170310,2017-03-10,68,3,0.0,2017,"{""type"":""MultiPoint"",""coordinates"":[]}"
20170311,2017-03-11,69,3,0.0,2017,"{""type"":""MultiPoint"",""coordinates"":[]}"
20170312,2017-03-12,70,3,0.0,2017,"{""type"":""MultiPoint"",""coordinates"":[]}"
20170313,2017-03-13,71,3,0.0,2017,"{""type"":""MultiPoint"",""coordinates"":[]}"
20170314,2017-03-14,72,3,0.0,2017,"{""type"":""MultiPoint"",""coordinates"":[]}"
20170315,2017-03-15,73,3,0.0,2017,"{""type"":""MultiPoint"",""coordinates"":[]}"
20170316,2017-03-16,74,3,0.027298835456477558,2017,"{""type"":""MultiPoint"",""coordinates"":[]}"
20170317,2017-03-17,75,3,0.0,2017,"{""type"":""MultiPoint"",""coordinates"":[]}"
20170318,2017-03-18,76,3,0.0,2017,"{""type"":""MultiPoint"",""coordinates"":[]}"
20170319,2017-03-19,77,3,0.0,2017,"{""type"":""MultiPoint"",""coordinates"":[]}"
20170320,2017-03-20,78,3,0.0,2017,"{""type"":""MultiPoint"",""coordinates"":[]}"
20170321,2017-03-21,79,3,0.0,2017,"{""type"":""MultiPoint"",""coordinates"":[]}"
20170322,2017-03-22,80,3,0.0,2017,"{""type"":""MultiPoint"",""coordinates"":[]}"
20170323,2017-03-23,81,3,0.0,2017,"{""type"":""MultiPoint"",""coordinates"":[]}"
20170324,2017-03-24,82,3,0.03897134553302418,2017,"{""type"":""MultiPoint"",""coordinates"":[]}"
20170325,2017-03-25,83,3,0.0,2017,"{""type"":""MultiPoint"",""coordinates"":[]}"
20170326,2017-03-26,84,3,0.0,2017,"{""type"":""MultiPoint"",""coordinates"":[]}"
20170327,2017-03-27,85,3,0.0,2017,"{""type"":""MultiPoint"",""coordinates"":[]}"
20170328,2017-03-28,86,3,0.23294014222646944,2017,"{""type"":""MultiPoint"",""coordinates"":[]}"
20170329,2017-03-29,87,3,0.0,2017,"{""type"":""MultiPoint"",""coordinates"":[]}"
20170330,2017-03-30,88,3,0.0,2017,"{""type"":""MultiPoint"",""coordinates"":[]}"
20170331,2017-03-31,89,3,0.0,2017,"{""type"":""MultiPoint"",""coordinates"":[]}"
20170401,2017-04-01,90,4,0.022210254955348414,2017,"{""type"":""MultiPoint"",""coordinates"":[]}"
20170402,2017-04-02,91,4,0.011272702554259637,2017,"{""type"":""MultiPoint"",""coordinates"":[]}"
20170403,2017-04-03,92,4,0.0,2017,"{""type"":""MultiPoint"",""coordinates"":[]}"
20170404,2017-04-04,93,4,0.0,2017,"{""type"":""MultiPoint"",""coordinates"":[]}"
20170405,2017-04-05,94,4,0.0,2017,"{""type"":""MultiPoint"",""coordinates"":[]}"
20170406,2017-04-06,95,4,0.0,2017,"{""type"":""MultiPoint"",""coordinates"":[]}"
20170407,2017-04-07,96,4,0.0,2017,"{""type"":""MultiPoint"",""coordinates"":[]}"
20170408,2017-04-08,97,4,0.0,2017,"{""type"":""MultiPoint"",""coordinates"":[]}"
20170409,2017-04-09,98,4,0.0,2017,"{""type"":""MultiPoint"",""coordinates"":[]}"
20170410,2017-04-10,99,4,2.3357616506913885E-4,2017,"{""type"":""MultiPoint"",""coordinates"":[]}"
20170411,2017-04-11,100,4,2.7437055233823915,2017,"{""type"":""MultiPoint"",""coordinates"":[]}"
20170412,2017-04-12,101,4,1.258618226462625,2017,"{""type"":""MultiPoint"",""coordinates"":[]}"
20170413,2017-04-13,102,4,3.3462182942960115,2017,"{""type"":""MultiPoint"",""coordinates"":[]}"
20170414,2017-04-14,103,4,0.0,2017,"{""type"":""MultiPoint"",""coordinates"":[]}"
20170415,2017-04-15,104,4,0.11688524966288094,2017,"{""type"":""MultiPoint"",""coordinates"":[]}"
20170416,2017-04-16,105,4,0.0,2017,"{""type"":""MultiPoint"",""coordinates"":[]}"
20170417,2017-04-17,106,4,0.0,2017,"{""type"":""MultiPoint"",""coordinates"":[]}"
20170418,2017-04-18,107,4,0.0,2017,"{""type"":""MultiPoint"",""coordinates"":[]}"
20170419,2017-04-19,108,4,0.0,2017,"{""type"":""MultiPoint"",""coordinates"":[]}"
20170420,2017-04-20,109,4,0.0,2017,"{""type"":""MultiPoint"",""coordinates"":[]}"
20170421,2017-04-21,110,4,0.0,2017,"{""type"":""MultiPoint"",""coordinates"":[]}"
20170422,2017-04-22,111,4,0.0,2017,"{""type"":""MultiPoint"",""coordinates"":[]}"
20170423,2017-04-23,112,4,0.06819281517385044,2017,"{""type"":""MultiPoint"",""coordinates"":[]}"
20170424,2017-04-24,113,4,0.46033001740537416,2017,"{""type"":""MultiPoint"",""coordinates"":[]}"
20170425,2017-04-25,114,4,0.9387490036322776,2017,"{""type"":""MultiPoint"",""coordinates"":[]}"
20170426,2017-04-26,115,4,0.0,2017,"{""type"":""MultiPoint"",""coordinates"":[]}"
20170427,2017-04-27,116,4,0.0,2017,"{""type"":""MultiPoint"",""coordinates"":[]}"
20170428,2017-04-28,117,4,0.0,2017,"{""type"":""MultiPoint"",""coordinates"":[]}"
20170429,2017-04-29,118,4,0.0,2017,"{""type"":""MultiPoint"",""coordinates"":[]}"
20170430,2017-04-30,119,4,0.0,2017,"{""type"":""MultiPoint"",""coordinates"":[]}"
20170501,2017-05-01,120,5,0.0,2017,"{""type"":""MultiPoint"",""coordinates"":[]}"
20170502,2017-05-02,121,5,2.0055902430529073,2017,"{""type"":""MultiPoint"",""coordinates"":[]}"
20170503,2017-05-03,122,5,0.6981823818238332,2017,"{""type"":""MultiPoint"",""coordinates"":[]}"
20170504,2017-05-04,123,5,1.8118847353218994,2017,"{""type"":""MultiPoint"",""coordinates"":[]}"
20170505,2017-05-05,124,5,0.07654904427918427,2017,"{""type"":""MultiPoint"",""coordinates"":[]}"
20170506,2017-05-06,125,5,1.9601294241888396,2017,"{""type"":""MultiPoint"",""coordinates"":[]}"
20170507,2017-05-07,126,5,0.0,2017,"{""type"":""MultiPoint"",""coordinates"":[]}"
20170508,2017-05-08,127,5,5.154485109513952,2017,"{""type"":""MultiPoint"",""coordinates"":[]}"
20170509,2017-05-09,128,5,2.2990802632485035,2017,"{""type"":""MultiPoint"",""coordinates"":[]}"
20170510,2017-05-10,129,5,0.0,2017,"{""type"":""MultiPoint"",""coordinates"":[]}"
20170511,2017-05-11,130,5,0.0,2017,"{""type"":""MultiPoint"",""coordinates"":[]}"
20170512,2017-05-12,131,5,0.0,2017,"{""type"":""MultiPoint"",""coordinates"":[]}"
20170513,2017-05-13,132,5,0.0,2017,"{""type"":""MultiPoint"",""coordinates"":[]}"
20170514,2017-05-14,133,5,1.2204899508354805,2017,"{""type"":""MultiPoint"",""coordinates"":[]}"
20170515,2017-05-15,134,5,0.09646134800097804,2017,"{""type"":""MultiPoint"",""coordinates"":[]}"
20170516,2017-05-16,135,5,0.0,2017,"{""type"":""MultiPoint"",""coordinates"":[]}"
20170517,2017-05-17,136,5,1.4387463539703034,2017,"{""type"":""MultiPoint"",""coordinates"":[]}"
20170518,2017-05-18,137,5,0.08545396563604955,2017,"{""type"":""MultiPoint"",""coordinates"":[]}"
20170519,2017-05-19,138,5,0.3673177227026686,2017,"{""type"":""MultiPoint"",""coordinates"":[]}"
20170520,2017-05-20,139,5,0.02837581586356115,2017,"{""type"":""MultiPoint"",""coordinates"":[]}"
20170521,2017-05-21,140,5,0.24390942626812595,2017,"{""type"":""MultiPoint"",""coordinates"":[]}"
20170522,2017-05-22,141,5,0.0,2017,"{""type"":""MultiPoint"",""coordinates"":[]}"
20170523,2017-05-23,142,5,0.7566057568990399,2017,"{""type"":""MultiPoint"",""coordinates"":[]}"
20170524,2017-05-24,143,5,6.108216970881558,2017,"{""type"":""MultiPoint"",""coordinates"":[]}"
20170525,2017-05-25,144,5,0.12699158023102114,2017,"{""type"":""MultiPoint"",""coordinates"":[]}"
20170526,2017-05-26,145,5,7.339768647061501,2017,"{""type"":""MultiPoint"",""coordinates"":[]}"
20170527,2017-05-27,146,5,0.05319524533820875,2017,"{""type"":""MultiPoint"",""coordinates"":[]}"
20170528,2017-05-28,147,5,1.7701271158748393,2017,"{""type"":""MultiPoint"",""coordinates"":[]}"
20170529,2017-05-29,148,5,3.5255357523582123,2017,"{""type"":""MultiPoint"",""coordinates"":[]}"
20170530,2017-05-30,149,5,6.923397922685864,2017,"{""type"":""MultiPoint"",""coordinates"":[]}"
20170531,2017-05-31,150,5,5.562732212282355,2017,"{""type"":""MultiPoint"",""coordinates"":[]}"
20170601,2017-06-01,151,6,0.48695166655449984,2017,"{""type"":""MultiPoint"",""coordinates"":[]}"
20170602,2017-06-02,152,6,0.0,2017,"{""type"":""MultiPoint"",""coordinates"":[]}"
20170603,2017-06-03,153,6,11.57126423995739,2017,"{""type"":""MultiPoint"",""coordinates"":[]}"
20170604,2017-06-04,154,6,0.0,2017,"{""type"":""MultiPoint"",""coordinates"":[]}"
20170605,2017-06-05,155,6,0.0,2017,"{""type"":""MultiPoint"",""coordinates"":[]}"
20170606,2017-06-06,156,6,1.509165335985948,2017,"{""type"":""MultiPoint"",""coordinates"":[]}"
20170607,2017-06-07,157,6,8.974908235356887,2017,"{""type"":""MultiPoint"",""coordinates"":[]}"
20170608,2017-06-08,158,6,0.2097604682266559,2017,"{""type"":""MultiPoint"",""coordinates"":[]}"
20170609,2017-06-09,159,6,0.0,2017,"{""type"":""MultiPoint"",""coordinates"":[]}"
20170610,2017-06-10,160,6,3.4999579543712276,2017,"{""type"":""MultiPoint"",""coordinates"":[]}"
20170611,2017-06-11,161,6,4.655930113381597,2017,"{""type"":""MultiPoint"",""coordinates"":[]}"
20170612,2017-06-12,162,6,5.754887840492368,2017,"{""type"":""MultiPoint"",""coordinates"":[]}"
20170613,2017-06-13,163,6,17.227290962492745,2017,"{""type"":""MultiPoint"",""coordinates"":[]}"
20170614,2017-06-14,164,6,2.7945804783886645,2017,"{""type"":""MultiPoint"",""coordinates"":[]}"
20170615,2017-06-15,165,6,0.0,2017,"{""type"":""MultiPoint"",""coordinates"":[]}"
20170616,2017-06-16,166,6,1.508945742463754,2017,"{""type"":""MultiPoint"",""coordinates"":[]}"
20170617,2017-06-17,167,6,1.06507879881652,2017,"{""type"":""MultiPoint"",""coordinates"":[]}"
20170618,2017-06-18,168,6,5.570098594524619,2017,"{""type"":""MultiPoint"",""coordinates"":[]}"
20170619,2017-06-19,169,6,0.0,2017,"{""type"":""MultiPoint"",""coordinates"":[]}"
20170620,2017-06-20,170,6,0.0,2017,"{""type"":""MultiPoint"",""coordinates"":[]}"
20170621,2017-06-21,171,6,7.786687900156378,2017,"{""type"":""MultiPoint"",""coordinates"":[]}"
20170622,2017-06-22,172,6,0.0,2017,"{""type"":""MultiPoint"",""coordinates"":[]}"
20170623,2017-06-23,173,6,6.401535399575404,2017,"{""type"":""MultiPoint"",""coordinates"":[]}"
20170624,2017-06-24,174,6,0.0,2017,"{""type"":""MultiPoint"",""coordinates"":[]}"
20170625,2017-06-25,175,6,0.0,2017,"{""type"":""MultiPoint"",""coordinates"":[]}"
20170626,2017-06-26,176,6,0.0,2017,"{""type"":""MultiPoint"",""coordinates"":[]}"
20170627,2017-06-27,177,6,20.44546980356363,2017,"{""type"":""MultiPoint"",""coordinates"":[]}"
20170628,2017-06-28,178,6,5.244079745956213,2017,"{""type"":""MultiPoint"",""coordinates"":[]}"
20170629,2017-06-29,179,6,0.0,2017,"{""type"":""MultiPoint"",""coordinates"":[]}"
20170630,2017-06-30,180,6,8.958414496041968,2017,"{""type"":""MultiPoint"",""coordinates"":[]}"
20170701,2017-07-01,181,7,13.079640120084887,2017,"{""type"":""MultiPoint"",""coordinates"":[]}"
20170702,2017-07-02,182,7,1.132171106234615,2017,"{""type"":""MultiPoint"",""coordinates"":[]}"
20170703,2017-07-03,183,7,0.0,2017,"{""type"":""MultiPoint"",""coordinates"":[]}"
20170704,2017-07-04,184,7,23.925535867841766,2017,"{""type"":""MultiPoint"",""coordinates"":[]}"
20170705,2017-07-05,185,7,23.131880349937248,2017,"{""type"":""MultiPoint"",""coordinates"":[]}"
20170706,2017-07-06,186,7,0.10686523802423506,2017,"{""type"":""MultiPoint"",""coordinates"":[]}"
20170707,2017-07-07,187,7,4.723722579574131,2017,"{""type"":""MultiPoint"",""coordinates"":[]}"
20170708,2017-07-08,188,7,11.988962492108886,2017,"{""type"":""MultiPoint"",""coordinates"":[]}"
20170709,2017-07-09,189,7,0.0,2017,"{""type"":""MultiPoint"",""coordinates"":[]}"
20170710,2017-07-10,190,7,7.710096531420513,2017,"{""type"":""MultiPoint"",""coordinates"":[]}"
20170711,2017-07-11,191,7,0.0,2017,"{""type"":""MultiPoint"",""coordinates"":[]}"
20170712,2017-07-12,192,7,4.59855289604669,2017,"{""type"":""MultiPoint"",""coordinates"":[]}"
20170713,2017-07-13,193,7,6.935824682084989,2017,"{""type"":""MultiPoint"",""coordinates"":[]}"
20170714,2017-07-14,194,7,8.985495276629605,2017,"{""type"":""MultiPoint"",""coordinates"":[]}"
20170715,2017-07-15,195,7,7.174059229242752,2017,"{""type"":""MultiPoint"",""coordinates"":[]}"
20170716,2017-07-16,196,7,0.0,2017,"{""type"":""MultiPoint"",""coordinates"":[]}"
20170717,2017-07-17,197,7,16.130135771165296,2017,"{""type"":""MultiPoint"",""coordinates"":[]}"
20170718,2017-07-18,198,7,0.7248481267701283,2017,"{""type"":""MultiPoint"",""coordinates"":[]}"
20170719,2017-07-19,199,7,0.0,2017,"{""type"":""MultiPoint"",""coordinates"":[]}"
20170720,2017-07-20,200,7,1.6801751313952795,2017,"{""type"":""MultiPoint"",""coordinates"":[]}"
20170721,2017-07-21,201,7,25.05573987006952,2017,"{""type"":""MultiPoint"",""coordinates"":[]}"
20170722,2017-07-22,202,7,0.0,2017,"{""type"":""MultiPoint"",""coordinates"":[]}"
20170723,2017-07-23,203,7,10.694329590343159,2017,"{""type"":""MultiPoint"",""coordinates"":[]}"
20170724,2017-07-24,204,7,7.692613033710978,2017,"{""type"":""MultiPoint"",""coordinates"":[]}"
20170725,2017-07-25,205,7,21.885204524657684,2017,"{""type"":""MultiPoint"",""coordinates"":[]}"
20170726,2017-07-26,206,7,6.399126806313933,2017,"{""type"":""MultiPoint"",""coordinates"":[]}"
20170727,2017-07-27,207,7,6.058724791632002,2017,"{""type"":""MultiPoint"",""coordinates"":[]}"
20170728,2017-07-28,208,7,10.480219999099159,2017,"{""type"":""MultiPoint"",""coordinates"":[]}"
20170729,2017-07-29,209,7,3.8589855522938494,2017,"{""type"":""MultiPoint"",""coordinates"":[]}"
20170730,2017-07-30,210,7,6.809961585201446,2017,"{""type"":""MultiPoint"",""coordinates"":[]}"
20170731,2017-07-31,211,7,10.432345237985036,2017,"{""type"":""MultiPoint"",""coordinates"":[]}"
20170801,2017-08-01,212,8,0.0,2017,"{""type"":""MultiPoint"",""coordinates"":[]}"
20170802,2017-08-02,213,8,1.0279175865458932,2017,"{""type"":""MultiPoint"",""coordinates"":[]}"
20170803,2017-08-03,214,8,25.463225202056105,2017,"{""type"":""MultiPoint"",""coordinates"":[]}"
20170804,2017-08-04,215,8,0.0,2017,"{""type"":""MultiPoint"",""coordinates"":[]}"
20170805,2017-08-05,216,8,9.562241523377752,2017,"{""type"":""MultiPoint"",""coordinates"":[]}"
20170806,2017-08-06,217,8,13.333289000416164,2017,"{""type"":""MultiPoint"",""coordinates"":[]}"
20170807,2017-08-07,218,8,0.1326695740824998,2017,"{""type"":""MultiPoint"",""coordinates"":[]}"
20170808,2017-08-08,219,8,12.840422662136982,2017,"{""type"":""MultiPoint"",""coordinates"":[]}"
20170809,2017-08-09,220,8,0.0,2017,"{""type"":""MultiPoint"",""coordinates"":[]}"
20170810,2017-08-10,221,8,3.2693348636389206,2017,"{""type"":""MultiPoint"",""coordinates"":[]}"
20170811,2017-08-11,222,8,1.9567842131252218,2017,"{""type"":""MultiPoint"",""coordinates"":[]}"
20170812,2017-08-12,223,8,3.184701908883729,2017,"{""type"":""MultiPoint"",""coordinates"":[]}"
20170813,2017-08-13,224,8,19.496648490960162,2017,"{""type"":""MultiPoint"",""coordinates"":[]}"
20170814,2017-08-14,225,8,0.0,2017,"{""type"":""MultiPoint"",""coordinates"":[]}"
20170815,2017-08-15,226,8,17.433902584743823,2017,"{""type"":""MultiPoint"",""coordinates"":[]}"
20170816,2017-08-16,227,8,21.56149168348851,2017,"{""type"":""MultiPoint"",""coordinates"":[]}"
20170817,2017-08-17,228,8,9.246945180947721,2017,"{""type"":""MultiPoint"",""coordinates"":[]}"
20170818,2017-08-18,229,8,5.087847407252795,2017,"{""type"":""MultiPoint"",""coordinates"":[]}"
20170819,2017-08-19,230,8,5.592899737865246,2017,"{""type"":""MultiPoint"",""coordinates"":[]}"
20170820,2017-08-20,231,8,18.11039748496881,2017,"{""type"":""MultiPoint"",""coordinates"":[]}"
20170821,2017-08-21,232,8,5.91729732201014,2017,"{""type"":""MultiPoint"",""coordinates"":[]}"
20170822,2017-08-22,233,8,0.38319648877538814,2017,"{""type"":""MultiPoint"",""coordinates"":[]}"
20170823,2017-08-23,234,8,8.810348838550027,2017,"{""type"":""MultiPoint"",""coordinates"":[]}"
20170824,2017-08-24,235,8,0.12840501217115843,2017,"{""type"":""MultiPoint"",""coordinates"":[]}"
20170825,2017-08-25,236,8,0.0,2017,"{""type"":""MultiPoint"",""coordinates"":[]}"
20170826,2017-08-26,237,8,0.0,2017,"{""type"":""MultiPoint"",""coordinates"":[]}"
20170827,2017-08-27,238,8,10.467218237741085,2017,"{""type"":""MultiPoint"",""coordinates"":[]}"
20170828,2017-08-28,239,8,5.24411686067889,2017,"{""type"":""MultiPoint"",""coordinates"":[]}"
20170829,2017-08-29,240,8,25.075277024766056,2017,"{""type"":""MultiPoint"",""coordinates"":[]}"
20170830,2017-08-30,241,8,0.0,2017,"{""type"":""MultiPoint"",""coordinates"":[]}"
20170831,2017-08-31,242,8,0.0,2017,"{""type"":""MultiPoint"",""coordinates"":[]}"
20170901,2017-09-01,243,9,0.0,2017,"{""type"":""MultiPoint"",""coordinates"":[]}"
20170902,2017-09-02,244,9,3.8294483608575267,2017,"{""type"":""MultiPoint"",""coordinates"":[]}"
20170903,2017-09-03,245,9,2.850182245499688,2017,"{""type"":""MultiPoint"",""coordinates"":[]}"
20170904,2017-09-04,246,9,5.164988698003598,2017,"{""type"":""MultiPoint"",""coordinates"":[]}"
20170905,2017-09-05,247,9,5.5224689278514765,2017,"{""type"":""MultiPoint"",""coordinates"":[]}"
20170906,2017-09-06,248,9,6.612427414655921,2017,"{""type"":""MultiPoint"",""coordinates"":[]}"
20170907,2017-09-07,249,9,0.0,2017,"{""type"":""MultiPoint"",""coordinates"":[]}"
20170908,2017-09-08,250,9,0.001006469841781619,2017,"{""type"":""MultiPoint"",""coordinates"":[]}"
20170909,2017-09-09,251,9,4.258038714796653E-4,2017,"{""type"":""MultiPoint"",""coordinates"":[]}"
20170910,2017-09-10,252,9,1.3005778216730135,2017,"{""type"":""MultiPoint"",""coordinates"":[]}"
20170911,2017-09-11,253,9,0.0,2017,"{""type"":""MultiPoint"",""coordinates"":[]}"
20170912,2017-09-12,254,9,3.7404596010371707,2017,"{""type"":""MultiPoint"",""coordinates"":[]}"
20170913,2017-09-13,255,9,0.873136818255498,2017,"{""type"":""MultiPoint"",""coordinates"":[]}"
20170914,2017-09-14,256,9,3.158825801325024,2017,"{""type"":""MultiPoint"",""coordinates"":[]}"
20170915,2017-09-15,257,9,9.510778254295344,2017,"{""type"":""MultiPoint"",""coordinates"":[]}"
20170916,2017-09-16,258,9,0.5566698061780048,2017,"{""type"":""MultiPoint"",""coordinates"":[]}"
20170917,2017-09-17,259,9,13.416420816548818,2017,"{""type"":""MultiPoint"",""coordinates"":[]}"
20170918,2017-09-18,260,9,0.6395697429360057,2017,"{""type"":""MultiPoint"",""coordinates"":[]}"
20170919,2017-09-19,261,9,0.0,2017,"{""type"":""MultiPoint"",""coordinates"":[]}"
20170920,2017-09-20,262,9,0.4896373748779297,2017,"{""type"":""MultiPoint"",""coordinates"":[]}"
20170921,2017-09-21,263,9,0.12245391340250071,2017,"{""type"":""MultiPoint"",""coordinates"":[]}"
20170922,2017-09-22,264,9,4.757527343635158,2017,"{""type"":""MultiPoint"",""coordinates"":[]}"
20170923,2017-09-23,265,9,0.09000364457718049,2017,"{""type"":""MultiPoint"",""coordinates"":[]}"
20170924,2017-09-24,266,9,0.048837761851579134,2017,"{""type"":""MultiPoint"",""coordinates"":[]}"
20170925,2017-09-25,267,9,12.384428048846884,2017,"{""type"":""MultiPoint"",""coordinates"":[]}"
20170926,2017-09-26,268,9,0.0,2017,"{""type"":""MultiPoint"",""coordinates"":[]}"
20170927,2017-09-27,269,9,0.0,2017,"{""type"":""MultiPoint"",""coordinates"":[]}"
20170928,2017-09-28,270,9,0.0,2017,"{""type"":""MultiPoint"",""coordinates"":[]}"
20170929,2017-09-29,271,9,6.988102941802054,2017,"{""type"":""MultiPoint"",""coordinates"":[]}"
20170930,2017-09-30,272,9,0.0,2017,"{""type"":""MultiPoint"",""coordinates"":[]}"
20171001,2017-10-01,273,10,0.0,2017,"{""type"":""MultiPoint"",""coordinates"":[]}"
20171002,2017-10-02,274,10,0.0,2017,"{""type"":""MultiPoint"",""coordinates"":[]}"
20171003,2017-10-03,275,10,6.445744466583287,2017,"{""type"":""MultiPoint"",""coordinates"":[]}"
20171004,2017-10-04,276,10,1.5710081789700863,2017,"{""type"":""MultiPoint"",""coordinates"":[]}"
20171005,2017-10-05,277,10,0.0,2017,"{""type"":""MultiPoint"",""coordinates"":[]}"
20171006,2017-10-06,278,10,0.0,2017,"{""type"":""MultiPoint"",""coordinates"":[]}"
20171007,2017-10-07,279,10,0.0,2017,"{""type"":""MultiPoint"",""coordinates"":[]}"
20171008,2017-10-08,280,10,1.3968801044855856,2017,"{""type"":""MultiPoint"",""coordinates"":[]}"
20171009,2017-10-09,281,10,0.0,2017,"{""type"":""MultiPoint"",""coordinates"":[]}"
20171010,2017-10-10,282,10,0.0,2017,"{""type"":""MultiPoint"",""coordinates"":[]}"
20171011,2017-10-11,283,10,4.351223795218948,2017,"{""type"":""MultiPoint"",""coordinates"":[]}"
20171012,2017-10-12,284,10,0.0,2017,"{""type"":""MultiPoint"",""coordinates"":[]}"
20171013,2017-10-13,285,10,0.0,2017,"{""type"":""MultiPoint"",""coordinates"":[]}"
20171014,2017-10-14,286,10,0.0,2017,"{""type"":""MultiPoint"",""coordinates"":[]}"
20171015,2017-10-15,287,10,0.0,2017,"{""type"":""MultiPoint"",""coordinates"":[]}"
20171016,2017-10-16,288,10,0.0,2017,"{""type"":""MultiPoint"",""coordinates"":[]}"
20171017,2017-10-17,289,10,0.0,2017,"{""type"":""MultiPoint"",""coordinates"":[]}"
20171018,2017-10-18,290,10,0.0,2017,"{""type"":""MultiPoint"",""coordinates"":[]}"
20171019,2017-10-19,291,10,0.0,2017,"{""type"":""MultiPoint"",""coordinates"":[]}"
20171020,2017-10-20,292,10,0.0,2017,"{""type"":""MultiPoint"",""coordinates"":[]}"
20171021,2017-10-21,293,10,0.0,2017,"{""type"":""MultiPoint"",""coordinates"":[]}"
20171022,2017-10-22,294,10,0.0,2017,"{""type"":""MultiPoint"",""coordinates"":[]}"
20171023,2017-10-23,295,10,0.0,2017,"{""type"":""MultiPoint"",""coordinates"":[]}"
20171024,2017-10-24,296,10,0.0,2017,"{""type"":""MultiPoint"",""coordinates"":[]}"
20171025,2017-10-25,297,10,0.0,2017,"{""type"":""MultiPoint"",""coordinates"":[]}"
20171026,2017-10-26,298,10,0.0,2017,"{""type"":""MultiPoint"",""coordinates"":[]}"
20171027,2017-10-27,299,10,0.0,2017,"{""type"":""MultiPoint"",""coordinates"":[]}"
20171028,2017-10-28,300,10,0.0,2017,"{""type"":""MultiPoint"",""coordinates"":[]}"
20171029,2017-10-29,301,10,0.14723691197285962,2017,"{""type"":""MultiPoint"",""coordinates"":[]}"
20171030,2017-10-30,302,10,0.0,2017,"{""type"":""MultiPoint"",""coordinates"":[]}"
20171031,2017-10-31,303,10,0.0,2017,"{""type"":""MultiPoint"",""coordinates"":[]}"
20171101,2017-11-01,304,11,0.0,2017,"{""type"":""MultiPoint"",""coordinates"":[]}"
20171102,2017-11-02,305,11,0.0,2017,"{""type"":""MultiPoint"",""coordinates"":[]}"
20171103,2017-11-03,306,11,0.0,2017,"{""type"":""MultiPoint"",""coordinates"":[]}"
20171104,2017-11-04,307,11,0.0,2017,"{""type"":""MultiPoint"",""coordinates"":[]}"
20171105,2017-11-05,308,11,0.0,2017,"{""type"":""MultiPoint"",""coordinates"":[]}"
20171106,2017-11-06,309,11,0.0,2017,"{""type"":""MultiPoint"",""coordinates"":[]}"
20171107,2017-11-07,310,11,0.0,2017,"{""type"":""MultiPoint"",""coordinates"":[]}"
20171108,2017-11-08,311,11,0.0,2017,"{""type"":""MultiPoint"",""coordinates"":[]}"
20171109,2017-11-09,312,11,0.0,2017,"{""type"":""MultiPoint"",""coordinates"":[]}"
20171110,2017-11-10,313,11,0.0,2017,"{""type"":""MultiPoint"",""coordinates"":[]}"
20171111,2017-11-11,314,11,0.0,2017,"{""type"":""MultiPoint"",""coordinates"":[]}"
20171112,2017-11-12,315,11,0.0,2017,"{""type"":""MultiPoint"",""coordinates"":[]}"
20171113,2017-11-13,316,11,0.0,2017,"{""type"":""MultiPoint"",""coordinates"":[]}"
20171114,2017-11-14,317,11,0.0,2017,"{""type"":""MultiPoint"",""coordinates"":[]}"
20171115,2017-11-15,318,11,0.0,2017,"{""type"":""MultiPoint"",""coordinates"":[]}"
20171116,2017-11-16,319,11,0.0,2017,"{""type"":""MultiPoint"",""coordinates"":[]}"
20171117,2017-11-17,320,11,0.0,2017,"{""type"":""MultiPoint"",""coordinates"":[]}"
20171118,2017-11-18,321,11,0.0,2017,"{""type"":""MultiPoint"",""coordinates"":[]}"
20171119,2017-11-19,322,11,0.0,2017,"{""type"":""MultiPoint"",""coordinates"":[]}"
20171120,2017-11-20,323,11,0.0,2017,"{""type"":""MultiPoint"",""coordinates"":[]}"
20171121,2017-11-21,324,11,0.0,2017,"{""type"":""MultiPoint"",""coordinates"":[]}"
20171122,2017-11-22,325,11,0.0,2017,"{""type"":""MultiPoint"",""coordinates"":[]}"
20171123,2017-11-23,326,11,0.0,2017,"{""type"":""MultiPoint"",""coordinates"":[]}"
20171124,2017-11-24,327,11,0.0,2017,"{""type"":""MultiPoint"",""coordinates"":[]}"
20171125,2017-11-25,328,11,0.0,2017,"{""type"":""MultiPoint"",""coordinates"":[]}"
20171126,2017-11-26,329,11,0.0,2017,"{""type"":""MultiPoint"",""coordinates"":[]}"
20171127,2017-11-27,330,11,0.0,2017,"{""type"":""MultiPoint"",""coordinates"":[]}"
20171128,2017-11-28,331,11,0.0,2017,"{""type"":""MultiPoint"",""coordinates"":[]}"
20171129,2017-11-29,332,11,0.0,2017,"{""type"":""MultiPoint"",""coordinates"":[]}"
20171130,2017-11-30,333,11,0.0,2017,"{""type"":""MultiPoint"",""coordinates"":[]}"
20171201,2017-12-01,334,12,0.0,2017,"{""type"":""MultiPoint"",""coordinates"":[]}"
20171202,2017-12-02,335,12,0.0,2017,"{""type"":""MultiPoint"",""coordinates"":[]}"
20171203,2017-12-03,336,12,0.012043464102498796,2017,"{""type"":""MultiPoint"",""coordinates"":[]}"
20171204,2017-12-04,337,12,0.00362195788627569,2017,"{""type"":""MultiPoint"",""coordinates"":[]}"
20171205,2017-12-05,338,12,0.0,2017,"{""type"":""MultiPoint"",""coordinates"":[]}"
20171206,2017-12-06,339,12,0.0,2017,"{""type"":""MultiPoint"",""coordinates"":[]}"
20171207,2017-12-07,340,12,0.0,2017,"{""type"":""MultiPoint"",""coordinates"":[]}"
20171208,2017-12-08,341,12,0.0,2017,"{""type"":""MultiPoint"",""coordinates"":[]}"
20171209,2017-12-09,342,12,0.0,2017,"{""type"":""MultiPoint"",""coordinates"":[]}"
20171210,2017-12-10,343,12,0.0,2017,"{""type"":""MultiPoint"",""coordinates"":[]}"
20171211,2017-12-11,344,12,0.0,2017,"{""type"":""MultiPoint"",""coordinates"":[]}"
20171212,2017-12-12,345,12,0.0,2017,"{""type"":""MultiPoint"",""coordinates"":[]}"
20171213,2017-12-13,346,12,0.0,2017,"{""type"":""MultiPoint"",""coordinates"":[]}"
20171214,2017-12-14,347,12,0.0,2017,"{""type"":""MultiPoint"",""coordinates"":[]}"
20171215,2017-12-15,348,12,0.0,2017,"{""type"":""MultiPoint"",""coordinates"":[]}"
20171216,2017-12-16,349,12,0.0,2017,"{""type"":""MultiPoint"",""coordinates"":[]}"
20171217,2017-12-17,350,12,0.0,2017,"{""type"":""MultiPoint"",""coordinates"":[]}"
20171218,2017-12-18,351,12,0.0,2017,"{""type"":""MultiPoint"",""coordinates"":[]}"
20171219,2017-12-19,352,12,0.0,2017,"{""type"":""MultiPoint"",""coordinates"":[]}"
20171220,2017-12-20,353,12,0.0,2017,"{""type"":""MultiPoint"",""coordinates"":[]}"
20171221,2017-12-21,354,12,0.0,2017,"{""type"":""MultiPoint"",""coordinates"":[]}"
20171222,2017-12-22,355,12,0.0,2017,"{""type"":""MultiPoint"",""coordinates"":[]}"
20171223,2017-12-23,356,12,0.0,2017,"{""type"":""MultiPoint"",""coordinates"":[]}"
20171224,2017-12-24,357,12,0.0,2017,"{""type"":""MultiPoint"",""coordinates"":[]}"
20171225,2017-12-25,358,12,0.0,2017,"{""type"":""MultiPoint"",""coordinates"":[]}"
20171226,2017-12-26,359,12,0.0,2017,"{""type"":""MultiPoint"",""coordinates"":[]}"
20171227,2017-12-27,360,12,0.0,2017,"{""type"":""MultiPoint"",""coordinates"":[]}"
20171228,2017-12-28,361,12,0.0,2017,"{""type"":""MultiPoint"",""coordinates"":[]}"
20171229,2017-12-29,362,12,0.0,2017,"{""type"":""MultiPoint"",""coordinates"":[]}"
20171230,2017-12-30,363,12,0.0,2017,"{""type"":""MultiPoint"",""coordinates"":[]}"
20171231,2017-12-31,364,12,0.0,2017,"{""type"":""MultiPoint"",""coordinates"":[]}"
20180101,2018-01-01,0,1,0.0,2018,"{""type"":""MultiPoint"",""coordinates"":[]}"
20180102,2018-01-02,1,1,0.0,2018,"{""type"":""MultiPoint"",""coordinates"":[]}"
20180103,2018-01-03,2,1,0.0,2018,"{""type"":""MultiPoint"",""coordinates"":[]}"
20180104,2018-01-04,3,1,0.0,2018,"{""type"":""MultiPoint"",""coordinates"":[]}"
20180105,2018-01-05,4,1,0.0,2018,"{""type"":""MultiPoint"",""coordinates"":[]}"
20180106,2018-01-06,5,1,0.0,2018,"{""type"":""MultiPoint"",""coordinates"":[]}"
20180107,2018-01-07,6,1,0.0,2018,"{""type"":""MultiPoint"",""coordinates"":[]}"
20180108,2018-01-08,7,1,0.0,2018,"{""type"":""MultiPoint"",""coordinates"":[]}"
20180109,2018-01-09,8,1,0.0,2018,"{""type"":""MultiPoint"",""coordinates"":[]}"
20180110,2018-01-10,9,1,0.0,2018,"{""type"":""MultiPoint"",""coordinates"":[]}"
20180111,2018-01-11,10,1,0.0,2018,"{""type"":""MultiPoint"",""coordinates"":[]}"
20180112,2018-01-12,11,1,0.0,2018,"{""type"":""MultiPoint"",""coordinates"":[]}"
20180113,2018-01-13,12,1,0.0,2018,"{""type"":""MultiPoint"",""coordinates"":[]}"
20180114,2018-01-14,13,1,0.0,2018,"{""type"":""MultiPoint"",""coordinates"":[]}"
20180115,2018-01-15,14,1,0.0,2018,"{""type"":""MultiPoint"",""coordinates"":[]}"
20180116,2018-01-16,15,1,0.0,2018,"{""type"":""MultiPoint"",""coordinates"":[]}"
20180117,2018-01-17,16,1,0.0,2018,"{""type"":""MultiPoint"",""coordinates"":[]}"
20180118,2018-01-18,17,1,0.0,2018,"{""type"":""MultiPoint"",""coordinates"":[]}"
20180119,2018-01-19,18,1,0.0,2018,"{""type"":""MultiPoint"",""coordinates"":[]}"
20180120,2018-01-20,19,1,0.0,2018,"{""type"":""MultiPoint"",""coordinates"":[]}"
20180121,2018-01-21,20,1,0.0,2018,"{""type"":""MultiPoint"",""coordinates"":[]}"
20180122,2018-01-22,21,1,0.0,2018,"{""type"":""MultiPoint"",""coordinates"":[]}"
20180123,2018-01-23,22,1,0.0,2018,"{""type"":""MultiPoint"",""coordinates"":[]}"
20180124,2018-01-24,23,1,0.0,2018,"{""type"":""MultiPoint"",""coordinates"":[]}"
20180125,2018-01-25,24,1,0.0,2018,"{""type"":""MultiPoint"",""coordinates"":[]}"
20180126,2018-01-26,25,1,0.0,2018,"{""type"":""MultiPoint"",""coordinates"":[]}"
20180127,2018-01-27,26,1,2.489503427902584E-9,2018,"{""type"":""MultiPoint"",""coordinates"":[]}"
20180128,2018-01-28,27,1,0.0,2018,"{""type"":""MultiPoint"",""coordinates"":[]}"
20180129,2018-01-29,28,1,0.0,2018,"{""type"":""MultiPoint"",""coordinates"":[]}"
20180130,2018-01-30,29,1,0.0,2018,"{""type"":""MultiPoint"",""coordinates"":[]}"
20180131,2018-01-31,30,1,0.0,2018,"{""type"":""MultiPoint"",""coordinates"":[]}"
20180201,2018-02-01,31,2,0.0,2018,"{""type"":""MultiPoint"",""coordinates"":[]}"
20180202,2018-02-02,32,2,0.0,2018,"{""type"":""MultiPoint"",""coordinates"":[]}"
20180203,2018-02-03,33,2,0.0,2018,"{""type"":""MultiPoint"",""coordinates"":[]}"
20180204,2018-02-04,34,2,0.0,2018,"{""type"":""MultiPoint"",""coordinates"":[]}"
20180205,2018-02-05,35,2,0.0,2018,"{""type"":""MultiPoint"",""coordinates"":[]}"
20180206,2018-02-06,36,2,0.0,2018,"{""type"":""MultiPoint"",""coordinates"":[]}"
20180207,2018-02-07,37,2,0.0,2018,"{""type"":""MultiPoint"",""coordinates"":[]}"
20180208,2018-02-08,38,2,0.0,2018,"{""type"":""MultiPoint"",""coordinates"":[]}"
20180209,2018-02-09,39,2,0.0,2018,"{""type"":""MultiPoint"",""coordinates"":[]}"
20180210,2018-02-10,40,2,0.0,2018,"{""type"":""MultiPoint"",""coordinates"":[]}"
20180211,2018-02-11,41,2,0.0,2018,"{""type"":""MultiPoint"",""coordinates"":[]}"
20180212,2018-02-12,42,2,0.0,2018,"{""type"":""MultiPoint"",""coordinates"":[]}"
20180213,2018-02-13,43,2,0.0,2018,"{""type"":""MultiPoint"",""coordinates"":[]}"
20180214,2018-02-14,44,2,0.0,2018,"{""type"":""MultiPoint"",""coordinates"":[]}"
20180215,2018-02-15,45,2,0.0,2018,"{""type"":""MultiPoint"",""coordinates"":[]}"
20180216,2018-02-16,46,2,0.0,2018,"{""type"":""MultiPoint"",""coordinates"":[]}"
20180217,2018-02-17,47,2,0.0,2018,"{""type"":""MultiPoint"",""coordinates"":[]}"
20180218,2018-02-18,48,2,0.0,2018,"{""type"":""MultiPoint"",""coordinates"":[]}"
20180219,2018-02-19,49,2,0.0,2018,"{""type"":""MultiPoint"",""coordinates"":[]}"
20180220,2018-02-20,50,2,0.0,2018,"{""type"":""MultiPoint"",""coordinates"":[]}"
20180221,2018-02-21,51,2,0.0,2018,"{""type"":""MultiPoint"",""coordinates"":[]}"
20180222,2018-02-22,52,2,0.0,2018,"{""type"":""MultiPoint"",""coordinates"":[]}"
20180223,2018-02-23,53,2,0.001968533026449608,2018,"{""type"":""MultiPoint"",""coordinates"":[]}"
20180224,2018-02-24,54,2,0.0,2018,"{""type"":""MultiPoint"",""coordinates"":[]}"
20180225,2018-02-25,55,2,9.607518411645985E-4,2018,"{""type"":""MultiPoint"",""coordinates"":[]}"
20180226,2018-02-26,56,2,0.0,2018,"{""type"":""MultiPoint"",""coordinates"":[]}"
20180227,2018-02-27,57,2,0.015587554669797504,2018,"{""type"":""MultiPoint"",""coordinates"":[]}"
20180228,2018-02-28,58,2,0.03868652750334189,2018,"{""type"":""MultiPoint"",""coordinates"":[]}"
20180301,2018-03-01,59,3,0.0,2018,"{""type"":""MultiPoint"",""coordinates"":[]}"
20180302,2018-03-02,60,3,0.00752190270489364,2018,"{""type"":""MultiPoint"",""coordinates"":[]}"
20180303,2018-03-03,61,3,0.0,2018,"{""type"":""MultiPoint"",""coordinates"":[]}"
20180304,2018-03-04,62,3,0.0,2018,"{""type"":""MultiPoint"",""coordinates"":[]}"
20180305,2018-03-05,63,3,0.0,2018,"{""type"":""MultiPoint"",""coordinates"":[]}"
20180306,2018-03-06,64,3,0.0,2018,"{""type"":""MultiPoint"",""coordinates"":[]}"
20180307,2018-03-07,65,3,0.0,2018,"{""type"":""MultiPoint"",""coordinates"":[]}"
20180308,2018-03-08,66,3,0.0,2018,"{""type"":""MultiPoint"",""coordinates"":[]}"
20180309,2018-03-09,67,3,0.0,2018,"{""type"":""MultiPoint"",""coordinates"":[]}"
20180310,2018-03-10,68,3,0.0,2018,"{""type"":""MultiPoint"",""coordinates"":[]}"
20180311,2018-03-11,69,3,0.0,2018,"{""type"":""MultiPoint"",""coordinates"":[]}"
20180312,2018-03-12,70,3,0.0,2018,"{""type"":""MultiPoint"",""coordinates"":[]}"
20180313,2018-03-13,71,3,0.0,2018,"{""type"":""MultiPoint"",""coordinates"":[]}"
20180314,2018-03-14,72,3,0.0,2018,"{""type"":""MultiPoint"",""coordinates"":[]}"
20180315,2018-03-15,73,3,0.0,2018,"{""type"":""MultiPoint"",""coordinates"":[]}"
20180316,2018-03-16,74,3,0.0,2018,"{""type"":""MultiPoint"",""coordinates"":[]}"
20180317,2018-03-17,75,3,0.0,2018,"{""type"":""MultiPoint"",""coordinates"":[]}"
20180318,2018-03-18,76,3,0.0,2018,"{""type"":""MultiPoint"",""coordinates"":[]}"
20180319,2018-03-19,77,3,0.0,2018,"{""type"":""MultiPoint"",""coordinates"":[]}"
20180320,2018-03-20,78,3,0.0,2018,"{""type"":""MultiPoint"",""coordinates"":[]}"
20180321,2018-03-21,79,3,0.0,2018,"{""type"":""MultiPoint"",""coordinates"":[]}"
20180322,2018-03-22,80,3,0.0,2018,"{""type"":""MultiPoint"",""coordinates"":[]}"
20180323,2018-03-23,81,3,0.8432243998557369,2018,"{""type"":""MultiPoint"",""coordinates"":[]}"
20180324,2018-03-24,82,3,0.00403302716698876,2018,"{""type"":""MultiPoint"",""coordinates"":[]}"
20180325,2018-03-25,83,3,0.0,2018,"{""type"":""MultiPoint"",""coordinates"":[]}"
20180326,2018-03-26,84,3,0.16081634345657167,2018,"{""type"":""MultiPoint"",""coordinates"":[]}"
20180327,2018-03-27,85,3,0.0,2018,"{""type"":""MultiPoint"",""coordinates"":[]}"
20180328,2018-03-28,86,3,0.0,2018,"{""type"":""MultiPoint"",""coordinates"":[]}"
20180329,2018-03-29,87,3,0.0,2018,"{""type"":""MultiPoint"",""coordinates"":[]}"
20180330,2018-03-30,88,3,0.0,2018,"{""type"":""MultiPoint"",""coordinates"":[]}"
20180331,2018-03-31,89,3,0.0,2018,"{""type"":""MultiPoint"",""coordinates"":[]}"
20180401,2018-04-01,90,4,0.0,2018,"{""type"":""MultiPoint"",""coordinates"":[]}"
20180402,2018-04-02,91,4,0.0,2018,"{""type"":""MultiPoint"",""coordinates"":[]}"
20180403,2018-04-03,92,4,0.0,2018,"{""type"":""MultiPoint"",""coordinates"":[]}"
20180404,2018-04-04,93,4,0.0,2018,"{""type"":""MultiPoint"",""coordinates"":[]}"
20180405,2018-04-05,94,4,0.0,2018,"{""type"":""MultiPoint"",""coordinates"":[]}"
20180406,2018-04-06,95,4,0.03787967652985544,2018,"{""type"":""MultiPoint"",""coordinates"":[]}"
20180407,2018-04-07,96,4,0.0,2018,"{""type"":""MultiPoint"",""coordinates"":[]}"
20180408,2018-04-08,97,4,0.0,2018,"{""type"":""MultiPoint"",""coordinates"":[]}"
20180409,2018-04-09,98,4,0.0,2018,"{""type"":""MultiPoint"",""coordinates"":[]}"
20180410,2018-04-10,99,4,0.0,2018,"{""type"":""MultiPoint"",""coordinates"":[]}"
20180411,2018-04-11,100,4,0.0,2018,"{""type"":""MultiPoint"",""coordinates"":[]}"
20180412,2018-04-12,101,4,0.0,2018,"{""type"":""MultiPoint"",""coordinates"":[]}"
20180413,2018-04-13,102,4,0.0,2018,"{""type"":""MultiPoint"",""coordinates"":[]}"
20180414,2018-04-14,103,4,0.06726159110213771,2018,"{""type"":""MultiPoint"",""coordinates"":[]}"
20180415,2018-04-15,104,4,0.059389568940557615,2018,"{""type"":""MultiPoint"",""coordinates"":[]}"
20180416,2018-04-16,105,4,0.0,2018,"{""type"":""MultiPoint"",""coordinates"":[]}"
20180417,2018-04-17,106,4,0.0,2018,"{""type"":""MultiPoint"",""coordinates"":[]}"
20180418,2018-04-18,107,4,0.3184397169140736,2018,"{""type"":""MultiPoint"",""coordinates"":[]}"
20180419,2018-04-19,108,4,0.0,2018,"{""type"":""MultiPoint"",""coordinates"":[]}"
20180420,2018-04-20,109,4,0.0,2018,"{""type"":""MultiPoint"",""coordinates"":[]}"
20180421,2018-04-21,110,4,0.0,2018,"{""type"":""MultiPoint"",""coordinates"":[]}"
20180422,2018-04-22,111,4,0.0,2018,"{""type"":""MultiPoint"",""coordinates"":[]}"
20180423,2018-04-23,112,4,0.0,2018,"{""type"":""MultiPoint"",""coordinates"":[]}"
20180424,2018-04-24,113,4,0.08618942310985278,2018,"{""type"":""MultiPoint"",""coordinates"":[]}"
20180425,2018-04-25,114,4,1.7151359130330874,2018,"{""type"":""MultiPoint"",""coordinates"":[]}"
20180426,2018-04-26,115,4,1.2614777532278323,2018,"{""type"":""MultiPoint"",""coordinates"":[]}"
20180427,2018-04-27,116,4,0.0,2018,"{""type"":""MultiPoint"",""coordinates"":[]}"
20180428,2018-04-28,117,4,0.43215456875887787,2018,"{""type"":""MultiPoint"",""coordinates"":[]}"
20180429,2018-04-29,118,4,0.0,2018,"{""type"":""MultiPoint"",""coordinates"":[]}"
20180430,2018-04-30,119,4,0.05621776556727862,2018,"{""type"":""MultiPoint"",""coordinates"":[]}"
20180501,2018-05-01,120,5,0.843706896031675,2018,"{""type"":""MultiPoint"",""coordinates"":[]}"
20180502,2018-05-02,121,5,0.615279783114605,2018,"{""type"":""MultiPoint"",""coordinates"":[]}"
20180503,2018-05-03,122,5,4.352771577326986,2018,"{""type"":""MultiPoint"",""coordinates"":[]}"
20180504,2018-05-04,123,5,2.673779061582448,2018,"{""type"":""MultiPoint"",""coordinates"":[]}"
20180505,2018-05-05,124,5,1.0573699660621365,2018,"{""type"":""MultiPoint"",""coordinates"":[]}"
20180506,2018-05-06,125,5,0.0,2018,"{""type"":""MultiPoint"",""coordinates"":[]}"
20180507,2018-05-07,126,5,2.66610703392297,2018,"{""type"":""MultiPoint"",""coordinates"":[]}"
20180508,2018-05-08,127,5,3.139022720098542,2018,"{""type"":""MultiPoint"",""coordinates"":[]}"
20180509,2018-05-09,128,5,0.044328220812819646,2018,"{""type"":""MultiPoint"",""coordinates"":[]}"
20180510,2018-05-10,129,5,0.0,2018,"{""type"":""MultiPoint"",""coordinates"":[]}"
20180511,2018-05-11,130,5,0.15432137263886028,2018,"{""type"":""MultiPoint"",""coordinates"":[]}"
20180512,2018-05-12,131,5,5.262825765286749,2018,"{""type"":""MultiPoint"",""coordinates"":[]}"
20180513,2018-05-13,132,5,0.31836624411361764,2018,"{""type"":""MultiPoint"",""coordinates"":[]}"
20180514,2018-05-14,133,5,2.811264715777409,2018,"{""type"":""MultiPoint"",""coordinates"":[]}"
20180515,2018-05-15,134,5,0.0,2018,"{""type"":""MultiPoint"",""coordinates"":[]}"
20180516,2018-05-16,135,5,0.0,2018,"{""type"":""MultiPoint"",""coordinates"":[]}"
20180517,2018-05-17,136,5,4.06522007880057,2018,"{""type"":""MultiPoint"",""coordinates"":[]}"
20180518,2018-05-18,137,5,0.0,2018,"{""type"":""MultiPoint"",""coordinates"":[]}"
20180519,2018-05-19,138,5,0.0,2018,"{""type"":""MultiPoint"",""coordinates"":[]}"
20180520,2018-05-20,139,5,0.5966223474185427,2018,"{""type"":""MultiPoint"",""coordinates"":[]}"
20180521,2018-05-21,140,5,0.616972076654387,2018,"{""type"":""MultiPoint"",""coordinates"":[]}"
20180522,2018-05-22,141,5,0.1368860498374702,2018,"{""type"":""MultiPoint"",""coordinates"":[]}"
20180523,2018-05-23,142,5,0.44442185368200743,2018,"{""type"":""MultiPoint"",""coordinates"":[]}"
20180524,2018-05-24,143,5,4.16208603838265,2018,"{""type"":""MultiPoint"",""coordinates"":[]}"
20180525,2018-05-25,144,5,0.36833052494474433,2018,"{""type"":""MultiPoint"",""coordinates"":[]}"
20180526,2018-05-26,145,5,0.0,2018,"{""type"":""MultiPoint"",""coordinates"":[]}"
20180527,2018-05-27,146,5,4.909992794396501,2018,"{""type"":""MultiPoint"",""coordinates"":[]}"
20180528,2018-05-28,147,5,15.546505087695516,2018,"{""type"":""MultiPoint"",""coordinates"":[]}"
20180529,2018-05-29,148,5,0.0,2018,"{""type"":""MultiPoint"",""coordinates"":[]}"
20180530,2018-05-30,149,5,0.6147283755049514,2018,"{""type"":""MultiPoint"",""coordinates"":[]}"
20180531,2018-05-31,150,5,0.0,2018,"{""type"":""MultiPoint"",""coordinates"":[]}"
20180601,2018-06-01,151,6,0.0,2018,"{""type"":""MultiPoint"",""coordinates"":[]}"
20180602,2018-06-02,152,6,7.0749528430244375,2018,"{""type"":""MultiPoint"",""coordinates"":[]}"
20180603,2018-06-03,153,6,6.902577020692739,2018,"{""type"":""MultiPoint"",""coordinates"":[]}"
20180604,2018-06-04,154,6,0.5794572866560327,2018,"{""type"":""MultiPoint"",""coordinates"":[]}"
20180605,2018-06-05,155,6,0.19821904262331932,2018,"{""type"":""MultiPoint"",""coordinates"":[]}"
20180606,2018-06-06,156,6,0.0,2018,"{""type"":""MultiPoint"",""coordinates"":[]}"
20180607,2018-06-07,157,6,8.535845043777735,2018,"{""type"":""MultiPoint"",""coordinates"":[]}"
20180608,2018-06-08,158,6,7.700050767281666E-4,2018,"{""type"":""MultiPoint"",""coordinates"":[]}"
20180609,2018-06-09,159,6,3.2062321769811066,2018,"{""type"":""MultiPoint"",""coordinates"":[]}"
20180610,2018-06-10,160,6,6.078908638709558,2018,"{""type"":""MultiPoint"",""coordinates"":[]}"
20180611,2018-06-11,161,6,4.44674236865581,2018,"{""type"":""MultiPoint"",""coordinates"":[]}"
20180612,2018-06-12,162,6,0.0,2018,"{""type"":""MultiPoint"",""coordinates"":[]}"
20180613,2018-06-13,163,6,0.0,2018,"{""type"":""MultiPoint"",""coordinates"":[]}"
20180614,2018-06-14,164,6,9.259091583047203,2018,"{""type"":""MultiPoint"",""coordinates"":[]}"
20180615,2018-06-15,165,6,0.0,2018,"{""type"":""MultiPoint"",""coordinates"":[]}"
20180616,2018-06-16,166,6,6.644194516363085,2018,"{""type"":""MultiPoint"",""coordinates"":[]}"
20180617,2018-06-17,167,6,3.3977382936721323,2018,"{""type"":""MultiPoint"",""coordinates"":[]}"
20180618,2018-06-18,168,6,0.0,2018,"{""type"":""MultiPoint"",""coordinates"":[]}"
20180619,2018-06-19,169,6,18.297762895343467,2018,"{""type"":""MultiPoint"",""coordinates"":[]}"
20180620,2018-06-20,170,6,0.044537520167803525,2018,"{""type"":""MultiPoint"",""coordinates"":[]}"
20180621,2018-06-21,171,6,6.1827864504304335,2018,"{""type"":""MultiPoint"",""coordinates"":[]}"
20180622,2018-06-22,172,6,1.5379084901872024,2018,"{""type"":""MultiPoint"",""coordinates"":[]}"
20180623,2018-06-23,173,6,0.0,2018,"{""type"":""MultiPoint"",""coordinates"":[]}"
20180624,2018-06-24,174,6,2.7195790760303207,2018,"{""type"":""MultiPoint"",""coordinates"":[]}"
20180625,2018-06-25,175,6,6.349370836479684,2018,"{""type"":""MultiPoint"",""coordinates"":[]}"
20180626,2018-06-26,176,6,4.887061891850444,2018,"{""type"":""MultiPoint"",""coordinates"":[]}"
20180627,2018-06-27,177,6,0.43378696953525486,2018,"{""type"":""MultiPoint"",""coordinates"":[]}"
20180628,2018-06-28,178,6,0.0,2018,"{""type"":""MultiPoint"",""coordinates"":[]}"
20180629,2018-06-29,179,6,8.76173777380989,2018,"{""type"":""MultiPoint"",""coordinates"":[]}"
20180630,2018-06-30,180,6,0.21232063516717684,2018,"{""type"":""MultiPoint"",""coordinates"":[]}"
20180701,2018-07-01,181,7,11.848851391196746,2018,"{""type"":""MultiPoint"",""coordinates"":[]}"
20180702,2018-07-02,182,7,0.0,2018,"{""type"":""MultiPoint"",""coordinates"":[]}"
20180703,2018-07-03,183,7,0.5189233973702008,2018,"{""type"":""MultiPoint"",""coordinates"":[]}"
20180704,2018-07-04,184,7,0.44031788618594353,2018,"{""type"":""MultiPoint"",""coordinates"":[]}"
20180705,2018-07-05,185,7,0.0729234259679639,2018,"{""type"":""MultiPoint"",""coordinates"":[]}"
20180706,2018-07-06,186,7,0.0,2018,"{""type"":""MultiPoint"",""coordinates"":[]}"
20180707,2018-07-07,187,7,29.717794850878867,2018,"{""type"":""MultiPoint"",""coordinates"":[]}"
20180708,2018-07-08,188,7,0.0,2018,"{""type"":""MultiPoint"",""coordinates"":[]}"
20180709,2018-07-09,189,7,4.195152628561085,2018,"{""type"":""MultiPoint"",""coordinates"":[]}"
20180710,2018-07-10,190,7,0.4215998669429967,2018,"{""type"":""MultiPoint"",""coordinates"":[]}"
20180711,2018-07-11,191,7,6.210150159970678,2018,"{""type"":""MultiPoint"",""coordinates"":[]}"
20180712,2018-07-12,192,7,0.23699003485175119,2018,"{""type"":""MultiPoint"",""coordinates"":[]}"
20180713,2018-07-13,193,7,2.480897154282003,2018,"{""type"":""MultiPoint"",""coordinates"":[]}"
20180714,2018-07-14,194,7,3.5733688588802544,2018,"{""type"":""MultiPoint"",""coordinates"":[]}"
20180715,2018-07-15,195,7,0.0,2018,"{""type"":""MultiPoint"",""coordinates"":[]}"
20180716,2018-07-16,196,7,11.805524477464749,2018,"{""type"":""MultiPoint"",""coordinates"":[]}"
20180717,2018-07-17,197,7,0.0,2018,"{""type"":""MultiPoint"",""coordinates"":[]}"
20180718,2018-07-18,198,7,4.545823826509364,2018,"{""type"":""MultiPoint"",""coordinates"":[]}"
20180719,2018-07-19,199,7,6.645874644581882,2018,"{""type"":""MultiPoint"",""coordinates"":[]}"
20180720,2018-07-20,200,7,9.319908146150846,2018,"{""type"":""MultiPoint"",""coordinates"":[]}"
20180721,2018-07-21,201,7,6.0337129913714636,2018,"{""type"":""MultiPoint"",""coordinates"":[]}"
20180722,2018-07-22,202,7,1.1137185512285086,2018,"{""type"":""MultiPoint"",""coordinates"":[]}"
20180723,2018-07-23,203,7,1.3769499196418795,2018,"{""type"":""MultiPoint"",""coordinates"":[]}"
20180724,2018-07-24,204,7,3.8428661295342486,2018,"{""type"":""MultiPoint"",""coordinates"":[]}"
20180725,2018-07-25,205,7,2.556649107629886,2018,"{""type"":""MultiPoint"",""coordinates"":[]}"
20180726,2018-07-26,206,7,14.868892530848138,2018,"{""type"":""MultiPoint"",""coordinates"":[]}"
20180727,2018-07-27,207,7,7.7581891313735305,2018,"{""type"":""MultiPoint"",""coordinates"":[]}"
20180728,2018-07-28,208,7,0.0,2018,"{""type"":""MultiPoint"",""coordinates"":[]}"
20180729,2018-07-29,209,7,6.689076642750229,2018,"{""type"":""MultiPoint"",""coordinates"":[]}"
20180730,2018-07-30,210,7,14.315997154317436,2018,"{""type"":""MultiPoint"",""coordinates"":[]}"
20180731,2018-07-31,211,7,15.398103269734554,2018,"{""type"":""MultiPoint"",""coordinates"":[]}"
20180801,2018-08-01,212,8,7.84957817507914,2018,"{""type"":""MultiPoint"",""coordinates"":[]}"
20180802,2018-08-02,213,8,0.0,2018,"{""type"":""MultiPoint"",""coordinates"":[]}"
20180803,2018-08-03,214,8,0.0,2018,"{""type"":""MultiPoint"",""coordinates"":[]}"
20180804,2018-08-04,215,8,6.344751214527758,2018,"{""type"":""MultiPoint"",""coordinates"":[]}"
20180805,2018-08-05,216,8,6.265120165870788,2018,"{""type"":""MultiPoint"",""coordinates"":[]}"
20180806,2018-08-06,217,8,0.0,2018,"{""type"":""MultiPoint"",""coordinates"":[]}"
20180807,2018-08-07,218,8,0.08156859272658223,2018,"{""type"":""MultiPoint"",""coordinates"":[]}"
20180808,2018-08-08,219,8,29.547366725735017,2018,"{""type"":""MultiPoint"",""coordinates"":[]}"
20180809,2018-08-09,220,8,0.0,2018,"{""type"":""MultiPoint"",""coordinates"":[]}"
20180810,2018-08-10,221,8,0.0,2018,"{""type"":""MultiPoint"",""coordinates"":[]}"
20180811,2018-08-11,222,8,1.487361235532649,2018,"{""type"":""MultiPoint"",""coordinates"":[]}"
20180812,2018-08-12,223,8,10.244444274977896,2018,"{""type"":""MultiPoint"",""coordinates"":[]}"
20180813,2018-08-13,224,8,5.721126082675909,2018,"{""type"":""MultiPoint"",""coordinates"":[]}"
20180814,2018-08-14,225,8,42.43964560137194,2018,"{""type"":""MultiPoint"",""coordinates"":[]}"
20180815,2018-08-15,226,8,0.0,2018,"{""type"":""MultiPoint"",""coordinates"":[]}"
20180816,2018-08-16,227,8,5.4823977585994825,2018,"{""type"":""MultiPoint"",""coordinates"":[]}"
20180817,2018-08-17,228,8,24.34265871797842,2018,"{""type"":""MultiPoint"",""coordinates"":[]}"
20180818,2018-08-18,229,8,2.387709269714393,2018,"{""type"":""MultiPoint"",""coordinates"":[]}"
20180819,2018-08-19,230,8,7.078523237319437,2018,"{""type"":""MultiPoint"",""coordinates"":[]}"
20180820,2018-08-20,231,8,3.4475097119819993,2018,"{""type"":""MultiPoint"",""coordinates"":[]}"
20180821,2018-08-21,232,8,7.654576985617396,2018,"{""type"":""MultiPoint"",""coordinates"":[]}"
20180822,2018-08-22,233,8,8.870012088397111,2018,"{""type"":""MultiPoint"",""coordinates"":[]}"
20180823,2018-08-23,234,8,11.08828512761446,2018,"{""type"":""MultiPoint"",""coordinates"":[]}"
20180824,2018-08-24,235,8,17.853794706295115,2018,"{""type"":""MultiPoint"",""coordinates"":[]}"
20180825,2018-08-25,236,8,0.0,2018,"{""type"":""MultiPoint"",""coordinates"":[]}"
20180826,2018-08-26,237,8,0.0,2018,"{""type"":""MultiPoint"",""coordinates"":[]}"
20180827,2018-08-27,238,8,5.071066938548731,2018,"{""type"":""MultiPoint"",""coordinates"":[]}"
20180828,2018-08-28,239,8,33.25301621819185,2018,"{""type"":""MultiPoint"",""coordinates"":[]}"
20180829,2018-08-29,240,8,6.659011474952387,2018,"{""type"":""MultiPoint"",""coordinates"":[]}"
20180830,2018-08-30,241,8,9.156569241296893,2018,"{""type"":""MultiPoint"",""coordinates"":[]}"
20180831,2018-08-31,242,8,0.24538331467176477,2018,"{""type"":""MultiPoint"",""coordinates"":[]}"
20180901,2018-09-01,243,9,20.583222412831663,2018,"{""type"":""MultiPoint"",""coordinates"":[]}"
20180902,2018-09-02,244,9,0.09361480953528588,2018,"{""type"":""MultiPoint"",""coordinates"":[]}"
20180903,2018-09-03,245,9,4.694648610598783,2018,"{""type"":""MultiPoint"",""coordinates"":[]}"
20180904,2018-09-04,246,9,0.05462183813501948,2018,"{""type"":""MultiPoint"",""coordinates"":[]}"
20180905,2018-09-05,247,9,0.2775404507581681,2018,"{""type"":""MultiPoint"",""coordinates"":[]}"
20180906,2018-09-06,248,9,3.7041112971933887,2018,"{""type"":""MultiPoint"",""coordinates"":[]}"
20180907,2018-09-07,249,9,18.00957159354772,2018,"{""type"":""MultiPoint"",""coordinates"":[]}"
20180908,2018-09-08,250,9,0.0,2018,"{""type"":""MultiPoint"",""coordinates"":[]}"
20180909,2018-09-09,251,9,6.908006166415441,2018,"{""type"":""MultiPoint"",""coordinates"":[]}"
20180910,2018-09-10,252,9,5.483843372845134,2018,"{""type"":""MultiPoint"",""coordinates"":[]}"
20180911,2018-09-11,253,9,0.0,2018,"{""type"":""MultiPoint"",""coordinates"":[]}"
20180912,2018-09-12,254,9,9.280728952038004,2018,"{""type"":""MultiPoint"",""coordinates"":[]}"
20180913,2018-09-13,255,9,0.0,2018,"{""type"":""MultiPoint"",""coordinates"":[]}"
20180914,2018-09-14,256,9,1.2921639170640056,2018,"{""type"":""MultiPoint"",""coordinates"":[]}"
20180915,2018-09-15,257,9,1.2219605355197591,2018,"{""type"":""MultiPoint"",""coordinates"":[]}"
20180916,2018-09-16,258,9,0.0,2018,"{""type"":""MultiPoint"",""coordinates"":[]}"
20180917,2018-09-17,259,9,5.853187237146657,2018,"{""type"":""MultiPoint"",""coordinates"":[]}"
20180918,2018-09-18,260,9,0.889575004199869,2018,"{""type"":""MultiPoint"",""coordinates"":[]}"
20180919,2018-09-19,261,9,0.6645769296624586,2018,"{""type"":""MultiPoint"",""coordinates"":[]}"
20180920,2018-09-20,262,9,10.931282101822124,2018,"{""type"":""MultiPoint"",""coordinates"":[]}"
20180921,2018-09-21,263,9,0.0,2018,"{""type"":""MultiPoint"",""coordinates"":[]}"
20180922,2018-09-22,264,9,1.9616640604328557,2018,"{""type"":""MultiPoint"",""coordinates"":[]}"
20180923,2018-09-23,265,9,4.685639990511731,2018,"{""type"":""MultiPoint"",""coordinates"":[]}"
20180924,2018-09-24,266,9,4.858929255004448,2018,"{""type"":""MultiPoint"",""coordinates"":[]}"
20180925,2018-09-25,267,9,0.12487588927022866,2018,"{""type"":""MultiPoint"",""coordinates"":[]}"
20180926,2018-09-26,268,9,0.2608701783988848,2018,"{""type"":""MultiPoint"",""coordinates"":[]}"
20180927,2018-09-27,269,9,6.761021977676026,2018,"{""type"":""MultiPoint"",""coordinates"":[]}"
20180928,2018-09-28,270,9,0.0,2018,"{""type"":""MultiPoint"",""coordinates"":[]}"
20180929,2018-09-29,271,9,0.0,2018,"{""type"":""MultiPoint"",""coordinates"":[]}"
20180930,2018-09-30,272,9,6.831852868704021,2018,"{""type"":""MultiPoint"",""coordinates"":[]}"
20181001,2018-10-01,273,10,4.26435310029823E-4,2018,"{""type"":""MultiPoint"",""coordinates"":[]}"
20181002,2018-10-02,274,10,3.2524764048838333,2018,"{""type"":""MultiPoint"",""coordinates"":[]}"
20181003,2018-10-03,275,10,2.2828678386379972,2018,"{""type"":""MultiPoint"",""coordinates"":[]}"
20181004,2018-10-04,276,10,0.0,2018,"{""type"":""MultiPoint"",""coordinates"":[]}"
20181005,2018-10-05,277,10,0.0,2018,"{""type"":""MultiPoint"",""coordinates"":[]}"
20181006,2018-10-06,278,10,2.965893665241189,2018,"{""type"":""MultiPoint"",""coordinates"":[]}"
20181007,2018-10-07,279,10,0.6282539795615646,2018,"{""type"":""MultiPoint"",""coordinates"":[]}"
20181008,2018-10-08,280,10,0.0,2018,"{""type"":""MultiPoint"",""coordinates"":[]}"
20181009,2018-10-09,281,10,1.421962352666932,2018,"{""type"":""MultiPoint"",""coordinates"":[]}"
20181010,2018-10-10,282,10,0.21074994336640304,2018,"{""type"":""MultiPoint"",""coordinates"":[]}"
20181011,2018-10-11,283,10,0.0,2018,"{""type"":""MultiPoint"",""coordinates"":[]}"
20181012,2018-10-12,284,10,2.346137105934595,2018,"{""type"":""MultiPoint"",""coordinates"":[]}"
20181013,2018-10-13,285,10,0.0,2018,"{""type"":""MultiPoint"",""coordinates"":[]}"
20181014,2018-10-14,286,10,0.0,2018,"{""type"":""MultiPoint"",""coordinates"":[]}"
20181015,2018-10-15,287,10,0.0,2018,"{""type"":""MultiPoint"",""coordinates"":[]}"
20181016,2018-10-16,288,10,0.0,2018,"{""type"":""MultiPoint"",""coordinates"":[]}"
20181017,2018-10-17,289,10,0.0,2018,"{""type"":""MultiPoint"",""coordinates"":[]}"
20181018,2018-10-18,290,10,0.0,2018,"{""type"":""MultiPoint"",""coordinates"":[]}"
20181019,2018-10-19,291,10,0.0,2018,"{""type"":""MultiPoint"",""coordinates"":[]}"
20181020,2018-10-20,292,10,0.0,2018,"{""type"":""MultiPoint"",""coordinates"":[]}"
20181021,2018-10-21,293,10,0.0,2018,"{""type"":""MultiPoint"",""coordinates"":[]}"
20181022,2018-10-22,294,10,0.0,2018,"{""type"":""MultiPoint"",""coordinates"":[]}"
20181023,2018-10-23,295,10,0.0,2018,"{""type"":""MultiPoint"",""coordinates"":[]}"
20181024,2018-10-24,296,10,0.0,2018,"{""type"":""MultiPoint"",""coordinates"":[]}"
20181025,2018-10-25,297,10,2.0903065541187686,2018,"{""type"":""MultiPoint"",""coordinates"":[]}"
20181026,2018-10-26,298,10,2.3467165711351514,2018,"{""type"":""MultiPoint"",""coordinates"":[]}"
20181027,2018-10-27,299,10,0.21566557133403194,2018,"{""type"":""MultiPoint"",""coordinates"":[]}"
20181028,2018-10-28,300,10,3.1102290345456582,2018,"{""type"":""MultiPoint"",""coordinates"":[]}"
20181029,2018-10-29,301,10,0.0,2018,"{""type"":""MultiPoint"",""coordinates"":[]}"
20181030,2018-10-30,302,10,0.0,2018,"{""type"":""MultiPoint"",""coordinates"":[]}"
20181031,2018-10-31,303,10,0.0,2018,"{""type"":""MultiPoint"",""coordinates"":[]}"
20181101,2018-11-01,304,11,0.0,2018,"{""type"":""MultiPoint"",""coordinates"":[]}"
20181102,2018-11-02,305,11,0.0,2018,"{""type"":""MultiPoint"",""coordinates"":[]}"
20181103,2018-11-03,306,11,0.0,2018,"{""type"":""MultiPoint"",""coordinates"":[]}"
20181104,2018-11-04,307,11,0.0,2018,"{""type"":""MultiPoint"",""coordinates"":[]}"
20181105,2018-11-05,308,11,0.0794472169300003,2018,"{""type"":""MultiPoint"",""coordinates"":[]}"
20181106,2018-11-06,309,11,0.0,2018,"{""type"":""MultiPoint"",""coordinates"":[]}"
20181107,2018-11-07,310,11,0.0,2018,"{""type"":""MultiPoint"",""coordinates"":[]}"
20181108,2018-11-08,311,11,0.0,2018,"{""type"":""MultiPoint"",""coordinates"":[]}"
20181109,2018-11-09,312,11,0.0,2018,"{""type"":""MultiPoint"",""coordinates"":[]}"
20181110,2018-11-10,313,11,0.0,2018,"{""type"":""MultiPoint"",""coordinates"":[]}"
20181111,2018-11-11,314,11,0.0,2018,"{""type"":""MultiPoint"",""coordinates"":[]}"
20181112,2018-11-12,315,11,0.0,2018,"{""type"":""MultiPoint"",""coordinates"":[]}"
20181113,2018-11-13,316,11,0.0,2018,"{""type"":""MultiPoint"",""coordinates"":[]}"
20181114,2018-11-14,317,11,0.0,2018,"{""type"":""MultiPoint"",""coordinates"":[]}"
20181115,2018-11-15,318,11,0.0,2018,"{""type"":""MultiPoint"",""coordinates"":[]}"
20181116,2018-11-16,319,11,0.0,2018,"{""type"":""MultiPoint"",""coordinates"":[]}"
20181117,2018-11-17,320,11,0.0,2018,"{""type"":""MultiPoint"",""coordinates"":[]}"
20181118,2018-11-18,321,11,0.0,2018,"{""type"":""MultiPoint"",""coordinates"":[]}"
20181119,2018-11-19,322,11,0.0,2018,"{""type"":""MultiPoint"",""coordinates"":[]}"
20181120,2018-11-20,323,11,0.0,2018,"{""type"":""MultiPoint"",""coordinates"":[]}"
20181121,2018-11-21,324,11,0.0,2018,"{""type"":""MultiPoint"",""coordinates"":[]}"
20181122,2018-11-22,325,11,0.0,2018,"{""type"":""MultiPoint"",""coordinates"":[]}"
20181123,2018-11-23,326,11,0.0,2018,"{""type"":""MultiPoint"",""coordinates"":[]}"
20181124,2018-11-24,327,11,0.0,2018,"{""type"":""MultiPoint"",""coordinates"":[]}"
20181125,2018-11-25,328,11,0.0,2018,"{""type"":""MultiPoint"",""coordinates"":[]}"
20181126,2018-11-26,329,11,0.0,2018,"{""type"":""MultiPoint"",""coordinates"":[]}"
20181127,2018-11-27,330,11,0.0,2018,"{""type"":""MultiPoint"",""coordinates"":[]}"
20181128,2018-11-28,331,11,0.0,2018,"{""type"":""MultiPoint"",""coordinates"":[]}"
20181129,2018-11-29,332,11,0.0,2018,"{""type"":""MultiPoint"",""coordinates"":[]}"
20181130,2018-11-30,333,11,0.0,2018,"{""type"":""MultiPoint"",""coordinates"":[]}"
20181201,2018-12-01,334,12,0.0,2018,"{""type"":""MultiPoint"",""coordinates"":[]}"
20181202,2018-12-02,335,12,0.0,2018,"{""type"":""MultiPoint"",""coordinates"":[]}"
20181203,2018-12-03,336,12,0.0065509792469673565,2018,"{""type"":""MultiPoint"",""coordinates"":[]}"
20181204,2018-12-04,337,12,0.0,2018,"{""type"":""MultiPoint"",""coordinates"":[]}"
20181205,2018-12-05,338,12,0.0,2018,"{""type"":""MultiPoint"",""coordinates"":[]}"
20181206,2018-12-06,339,12,0.0,2018,"{""type"":""MultiPoint"",""coordinates"":[]}"
20181207,2018-12-07,340,12,0.0,2018,"{""type"":""MultiPoint"",""coordinates"":[]}"
20181208,2018-12-08,341,12,0.0,2018,"{""type"":""MultiPoint"",""coordinates"":[]}"
20181209,2018-12-09,342,12,0.0,2018,"{""type"":""MultiPoint"",""coordinates"":[]}"
20181210,2018-12-10,343,12,0.0,2018,"{""type"":""MultiPoint"",""coordinates"":[]}"
20181211,2018-12-11,344,12,0.0,2018,"{""type"":""MultiPoint"",""coordinates"":[]}"
20181212,2018-12-12,345,12,0.0,2018,"{""type"":""MultiPoint"",""coordinates"":[]}"
20181213,2018-12-13,346,12,0.0,2018,"{""type"":""MultiPoint"",""coordinates"":[]}"
20181214,2018-12-14,347,12,0.0,2018,"{""type"":""MultiPoint"",""coordinates"":[]}"
20181215,2018-12-15,348,12,0.0,2018,"{""type"":""MultiPoint"",""coordinates"":[]}"
20181216,2018-12-16,349,12,0.0,2018,"{""type"":""MultiPoint"",""coordinates"":[]}"
20181217,2018-12-17,350,12,0.0,2018,"{""type"":""MultiPoint"",""coordinates"":[]}"
20181218,2018-12-18,351,12,0.0,2018,"{""type"":""MultiPoint"",""coordinates"":[]}"
20181219,2018-12-19,352,12,0.0,2018,"{""type"":""MultiPoint"",""coordinates"":[]}"
20181220,2018-12-20,353,12,0.0,2018,"{""type"":""MultiPoint"",""coordinates"":[]}"
20181221,2018-12-21,354,12,0.0,2018,"{""type"":""MultiPoint"",""coordinates"":[]}"
20181222,2018-12-22,355,12,0.0,2018,"{""type"":""MultiPoint"",""coordinates"":[]}"
20181223,2018-12-23,356,12,0.0,2018,"{""type"":""MultiPoint"",""coordinates"":[]}"
20181224,2018-12-24,357,12,0.0,2018,"{""type"":""MultiPoint"",""coordinates"":[]}"
20181225,2018-12-25,358,12,0.0,2018,"{""type"":""MultiPoint"",""coordinates"":[]}"
20181226,2018-12-26,359,12,0.0,2018,"{""type"":""MultiPoint"",""coordinates"":[]}"
20181227,2018-12-27,360,12,0.0,2018,"{""type"":""MultiPoint"",""coordinates"":[]}"
20181228,2018-12-28,361,12,0.0,2018,"{""type"":""MultiPoint"",""coordinates"":[]}"
20181229,2018-12-29,362,12,0.0,2018,"{""type"":""MultiPoint"",""coordinates"":[]}"
20181230,2018-12-30,363,12,0.0,2018,"{""type"":""MultiPoint"",""coordinates"":[]}"
20181231,2018-12-31,364,12,0.0,2018,"{""type"":""MultiPoint"",""coordinates"":[]}"
20190101,2019-01-01,0,1,0.0,2019,"{""type"":""MultiPoint"",""coordinates"":[]}"
20190102,2019-01-02,1,1,0.0,2019,"{""type"":""MultiPoint"",""coordinates"":[]}"
20190103,2019-01-03,2,1,0.0,2019,"{""type"":""MultiPoint"",""coordinates"":[]}"
20190104,2019-01-04,3,1,0.0,2019,"{""type"":""MultiPoint"",""coordinates"":[]}"
20190105,2019-01-05,4,1,0.0,2019,"{""type"":""MultiPoint"",""coordinates"":[]}"
20190106,2019-01-06,5,1,0.0,2019,"{""type"":""MultiPoint"",""coordinates"":[]}"
20190107,2019-01-07,6,1,0.0,2019,"{""type"":""MultiPoint"",""coordinates"":[]}"
20190108,2019-01-08,7,1,0.0,2019,"{""type"":""MultiPoint"",""coordinates"":[]}"
20190109,2019-01-09,8,1,0.0,2019,"{""type"":""MultiPoint"",""coordinates"":[]}"
20190110,2019-01-10,9,1,0.0,2019,"{""type"":""MultiPoint"",""coordinates"":[]}"
20190111,2019-01-11,10,1,0.0,2019,"{""type"":""MultiPoint"",""coordinates"":[]}"
20190112,2019-01-12,11,1,0.0,2019,"{""type"":""MultiPoint"",""coordinates"":[]}"
20190113,2019-01-13,12,1,0.0,2019,"{""type"":""MultiPoint"",""coordinates"":[]}"
20190114,2019-01-14,13,1,0.0,2019,"{""type"":""MultiPoint"",""coordinates"":[]}"
20190115,2019-01-15,14,1,0.0,2019,"{""type"":""MultiPoint"",""coordinates"":[]}"
20190116,2019-01-16,15,1,0.0,2019,"{""type"":""MultiPoint"",""coordinates"":[]}"
20190117,2019-01-17,16,1,0.0,2019,"{""type"":""MultiPoint"",""coordinates"":[]}"
20190118,2019-01-18,17,1,0.0,2019,"{""type"":""MultiPoint"",""coordinates"":[]}"
20190119,2019-01-19,18,1,0.0,2019,"{""type"":""MultiPoint"",""coordinates"":[]}"
20190120,2019-01-20,19,1,0.0,2019,"{""type"":""MultiPoint"",""coordinates"":[]}"
20190121,2019-01-21,20,1,0.0,2019,"{""type"":""MultiPoint"",""coordinates"":[]}"
20190122,2019-01-22,21,1,0.0,2019,"{""type"":""MultiPoint"",""coordinates"":[]}"
20190123,2019-01-23,22,1,0.0,2019,"{""type"":""MultiPoint"",""coordinates"":[]}"
20190124,2019-01-24,23,1,0.0,2019,"{""type"":""MultiPoint"",""coordinates"":[]}"
20190125,2019-01-25,24,1,0.0,2019,"{""type"":""MultiPoint"",""coordinates"":[]}"
20190126,2019-01-26,25,1,0.0,2019,"{""type"":""MultiPoint"",""coordinates"":[]}"
20190127,2019-01-27,26,1,0.0,2019,"{""type"":""MultiPoint"",""coordinates"":[]}"
20190128,2019-01-28,27,1,0.0,2019,"{""type"":""MultiPoint"",""coordinates"":[]}"
20190129,2019-01-29,28,1,0.0,2019,"{""type"":""MultiPoint"",""coordinates"":[]}"
20190130,2019-01-30,29,1,0.0,2019,"{""type"":""MultiPoint"",""coordinates"":[]}"
20190131,2019-01-31,30,1,0.0,2019,"{""type"":""MultiPoint"",""coordinates"":[]}"
20190201,2019-02-01,31,2,0.0,2019,"{""type"":""MultiPoint"",""coordinates"":[]}"
20190202,2019-02-02,32,2,0.0,2019,"{""type"":""MultiPoint"",""coordinates"":[]}"
20190203,2019-02-03,33,2,0.0,2019,"{""type"":""MultiPoint"",""coordinates"":[]}"
20190204,2019-02-04,34,2,0.0,2019,"{""type"":""MultiPoint"",""coordinates"":[]}"
20190205,2019-02-05,35,2,0.0,2019,"{""type"":""MultiPoint"",""coordinates"":[]}"
20190206,2019-02-06,36,2,0.0,2019,"{""type"":""MultiPoint"",""coordinates"":[]}"
20190207,2019-02-07,37,2,0.0,2019,"{""type"":""MultiPoint"",""coordinates"":[]}"
20190208,2019-02-08,38,2,0.0,2019,"{""type"":""MultiPoint"",""coordinates"":[]}"
20190209,2019-02-09,39,2,0.0,2019,"{""type"":""MultiPoint"",""coordinates"":[]}"
20190210,2019-02-10,40,2,0.0,2019,"{""type"":""MultiPoint"",""coordinates"":[]}"
20190211,2019-02-11,41,2,0.0,2019,"{""type"":""MultiPoint"",""coordinates"":[]}"
20190212,2019-02-12,42,2,0.0,2019,"{""type"":""MultiPoint"",""coordinates"":[]}"
20190213,2019-02-13,43,2,0.0,2019,"{""type"":""MultiPoint"",""coordinates"":[]}"
20190214,2019-02-14,44,2,0.0,2019,"{""type"":""MultiPoint"",""coordinates"":[]}"
20190215,2019-02-15,45,2,0.0,2019,"{""type"":""MultiPoint"",""coordinates"":[]}"
20190216,2019-02-16,46,2,0.0,2019,"{""type"":""MultiPoint"",""coordinates"":[]}"
20190217,2019-02-17,47,2,0.0,2019,"{""type"":""MultiPoint"",""coordinates"":[]}"
20190218,2019-02-18,48,2,0.0,2019,"{""type"":""MultiPoint"",""coordinates"":[]}"
20190219,2019-02-19,49,2,0.0,2019,"{""type"":""MultiPoint"",""coordinates"":[]}"
20190220,2019-02-20,50,2,0.0,2019,"{""type"":""MultiPoint"",""coordinates"":[]}"
20190221,2019-02-21,51,2,0.0,2019,"{""type"":""MultiPoint"",""coordinates"":[]}"
20190222,2019-02-22,52,2,0.0,2019,"{""type"":""MultiPoint"",""coordinates"":[]}"
20190223,2019-02-23,53,2,0.0,2019,"{""type"":""MultiPoint"",""coordinates"":[]}"
20190224,2019-02-24,54,2,4.5605418824764686E-4,2019,"{""type"":""MultiPoint"",""coordinates"":[]}"
20190225,2019-02-25,55,2,0.038312182984737084,2019,"{""type"":""MultiPoint"",""coordinates"":[]}"
20190226,2019-02-26,56,2,0.025062270088065587,2019,"{""type"":""MultiPoint"",""coordinates"":[]}"
20190227,2019-02-27,57,2,9.189998223022981E-4,2019,"{""type"":""MultiPoint"",""coordinates"":[]}"
20190228,2019-02-28,58,2,7.3731293841668185E-6,2019,"{""type"":""MultiPoint"",""coordinates"":[]}"
20190301,2019-03-01,59,3,0.003996695147244015,2019,"{""type"":""MultiPoint"",""coordinates"":[]}"
20190302,2019-03-02,60,3,0.0,2019,"{""type"":""MultiPoint"",""coordinates"":[]}"
20190303,2019-03-03,61,3,0.0,2019,"{""type"":""MultiPoint"",""coordinates"":[]}"
20190304,2019-03-04,62,3,0.0,2019,"{""type"":""MultiPoint"",""coordinates"":[]}"
20190305,2019-03-05,63,3,0.0,2019,"{""type"":""MultiPoint"",""coordinates"":[]}"
20190306,2019-03-06,64,3,0.0,2019,"{""type"":""MultiPoint"",""coordinates"":[]}"
20190307,2019-03-07,65,3,0.0,2019,"{""type"":""MultiPoint"",""coordinates"":[]}"
20190308,2019-03-08,66,3,0.0,2019,"{""type"":""MultiPoint"",""coordinates"":[]}"
20190309,2019-03-09,67,3,0.004723853918792565,2019,"{""type"":""MultiPoint"",""coordinates"":[]}"
20190310,2019-03-10,68,3,0.0,2019,"{""type"":""MultiPoint"",""coordinates"":[]}"
20190311,2019-03-11,69,3,0.0,2019,"{""type"":""MultiPoint"",""coordinates"":[]}"
20190312,2019-03-12,70,3,0.0,2019,"{""type"":""MultiPoint"",""coordinates"":[]}"
20190313,2019-03-13,71,3,0.0,2019,"{""type"":""MultiPoint"",""coordinates"":[]}"
20190314,2019-03-14,72,3,0.0,2019,"{""type"":""MultiPoint"",""coordinates"":[]}"
20190315,2019-03-15,73,3,0.0,2019,"{""type"":""MultiPoint"",""coordinates"":[]}"
20190316,2019-03-16,74,3,0.0,2019,"{""type"":""MultiPoint"",""coordinates"":[]}"
20190317,2019-03-17,75,3,0.0,2019,"{""type"":""MultiPoint"",""coordinates"":[]}"
20190318,2019-03-18,76,3,0.0,2019,"{""type"":""MultiPoint"",""coordinates"":[]}"
20190319,2019-03-19,77,3,0.0,2019,"{""type"":""MultiPoint"",""coordinates"":[]}"
20190320,2019-03-20,78,3,0.0,2019,"{""type"":""MultiPoint"",""coordinates"":[]}"
20190321,2019-03-21,79,3,0.0,2019,"{""type"":""MultiPoint"",""coordinates"":[]}"
20190322,2019-03-22,80,3,0.0,2019,"{""type"":""MultiPoint"",""coordinates"":[]}"
20190323,2019-03-23,81,3,0.0,2019,"{""type"":""MultiPoint"",""coordinates"":[]}"
20190324,2019-03-24,82,3,0.0,2019,"{""type"":""MultiPoint"",""coordinates"":[]}"
20190325,2019-03-25,83,3,0.0,2019,"{""type"":""MultiPoint"",""coordinates"":[]}"
20190326,2019-03-26,84,3,0.0,2019,"{""type"":""MultiPoint"",""coordinates"":[]}"
20190327,2019-03-27,85,3,0.0,2019,"{""type"":""MultiPoint"",""coordinates"":[]}"
20190328,2019-03-28,86,3,0.06721147181232699,2019,"{""type"":""MultiPoint"",""coordinates"":[]}"
20190329,2019-03-29,87,3,0.0,2019,"{""type"":""MultiPoint"",""coordinates"":[]}"
20190330,2019-03-30,88,3,0.0,2019,"{""type"":""MultiPoint"",""coordinates"":[]}"
20190331,2019-03-31,89,3,0.0,2019,"{""type"":""MultiPoint"",""coordinates"":[]}"
20190401,2019-04-01,90,4,0.0,2019,"{""type"":""MultiPoint"",""coordinates"":[]}"
20190402,2019-04-02,91,4,0.0,2019,"{""type"":""MultiPoint"",""coordinates"":[]}"
20190403,2019-04-03,92,4,0.0,2019,"{""type"":""MultiPoint"",""coordinates"":[]}"
20190404,2019-04-04,93,4,0.0,2019,"{""type"":""MultiPoint"",""coordinates"":[]}"
20190405,2019-04-05,94,4,0.0,2019,"{""type"":""MultiPoint"",""coordinates"":[]}"
20190406,2019-04-06,95,4,0.0,2019,"{""type"":""MultiPoint"",""coordinates"":[]}"
20190407,2019-04-07,96,4,0.0,2019,"{""type"":""MultiPoint"",""coordinates"":[]}"
20190408,2019-04-08,97,4,0.0,2019,"{""type"":""MultiPoint"",""coordinates"":[]}"
20190409,2019-04-09,98,4,0.0,2019,"{""type"":""MultiPoint"",""coordinates"":[]}"
20190410,2019-04-10,99,4,0.11823372166566175,2019,"{""type"":""MultiPoint"",""coordinates"":[]}"
20190411,2019-04-11,100,4,0.07026684806001708,2019,"{""type"":""MultiPoint"",""coordinates"":[]}"
20190412,2019-04-12,101,4,0.0,2019,"{""type"":""MultiPoint"",""coordinates"":[]}"
20190413,2019-04-13,102,4,2.09581430401276,2019,"{""type"":""MultiPoint"",""coordinates"":[]}"
20190414,2019-04-14,103,4,0.019228212761156487,2019,"{""type"":""MultiPoint"",""coordinates"":[]}"
20190415,2019-04-15,104,4,0.0,2019,"{""type"":""MultiPoint"",""coordinates"":[]}"
20190416,2019-04-16,105,4,0.0,2019,"{""type"":""MultiPoint"",""coordinates"":[]}"
20190417,2019-04-17,106,4,0.0,2019,"{""type"":""MultiPoint"",""coordinates"":[]}"
20190418,2019-04-18,107,4,0.0,2019,"{""type"":""MultiPoint"",""coordinates"":[]}"
20190419,2019-04-19,108,4,0.0,2019,"{""type"":""MultiPoint"",""coordinates"":[]}"
20190420,2019-04-20,109,4,0.007323156042508877,2019,"{""type"":""MultiPoint"",""coordinates"":[]}"
20190421,2019-04-21,110,4,1.4055650094035212,2019,"{""type"":""MultiPoint"",""coordinates"":[]}"
20190422,2019-04-22,111,4,0.7304886722120821,2019,"{""type"":""MultiPoint"",""coordinates"":[]}"
20190423,2019-04-23,112,4,6.778989865613932E-7,2019,"{""type"":""MultiPoint"",""coordinates"":[]}"
20190424,2019-04-24,113,4,0.008946640333881985,2019,"{""type"":""MultiPoint"",""coordinates"":[]}"
20190425,2019-04-25,114,4,1.8993090848826105E-5,2019,"{""type"":""MultiPoint"",""coordinates"":[]}"
20190426,2019-04-26,115,4,0.14955538758005713,2019,"{""type"":""MultiPoint"",""coordinates"":[]}"
20190427,2019-04-27,116,4,0.251701200686013,2019,"{""type"":""MultiPoint"",""coordinates"":[]}"
20190428,2019-04-28,117,4,0.0,2019,"{""type"":""MultiPoint"",""coordinates"":[]}"
20190429,2019-04-29,118,4,0.0,2019,"{""type"":""MultiPoint"",""coordinates"":[]}"
20190430,2019-04-30,119,4,0.0,2019,"{""type"":""MultiPoint"",""coordinates"":[]}"
20190501,2019-05-01,120,5,0.0,2019,"{""type"":""MultiPoint"",""coordinates"":[]}"
20190502,2019-05-02,121,5,0.02832721308638115,2019,"{""type"":""MultiPoint"",""coordinates"":[]}"
20190503,2019-05-03,122,5,5.591303682487823,2019,"{""type"":""MultiPoint"",""coordinates"":[]}"
20190504,2019-05-04,123,5,0.0,2019,"{""type"":""MultiPoint"",""coordinates"":[]}"
20190505,2019-05-05,124,5,0.0,2019,"{""type"":""MultiPoint"",""coordinates"":[]}"
20190506,2019-05-06,125,5,0.0,2019,"{""type"":""MultiPoint"",""coordinates"":[]}"
20190507,2019-05-07,126,5,0.10886490234031984,2019,"{""type"":""MultiPoint"",""coordinates"":[]}"
20190508,2019-05-08,127,5,3.6669997115209805,2019,"{""type"":""MultiPoint"",""coordinates"":[]}"
20190509,2019-05-09,128,5,0.363513657045166,2019,"{""type"":""MultiPoint"",""coordinates"":[]}"
20190510,2019-05-10,129,5,0.0695381226882436,2019,"{""type"":""MultiPoint"",""coordinates"":[]}"
20190511,2019-05-11,130,5,4.66371972198698,2019,"{""type"":""MultiPoint"",""coordinates"":[]}"
20190512,2019-05-12,131,5,1.1887022538051957,2019,"{""type"":""MultiPoint"",""coordinates"":[]}"
20190513,2019-05-13,132,5,0.0,2019,"{""type"":""MultiPoint"",""coordinates"":[]}"
20190514,2019-05-14,133,5,4.049560954084867,2019,"{""type"":""MultiPoint"",""coordinates"":[]}"
20190515,2019-05-15,134,5,0.0,2019,"{""type"":""MultiPoint"",""coordinates"":[]}"
20190516,2019-05-16,135,5,1.863236567765847,2019,"{""type"":""MultiPoint"",""coordinates"":[]}"
20190517,2019-05-17,136,5,0.0,2019,"{""type"":""MultiPoint"",""coordinates"":[]}"
20190518,2019-05-18,137,5,4.228449943538326,2019,"{""type"":""MultiPoint"",""coordinates"":[]}"
20190519,2019-05-19,138,5,3.396088835602351,2019,"{""type"":""MultiPoint"",""coordinates"":[]}"
20190520,2019-05-20,139,5,3.6083635094142674,2019,"{""type"":""MultiPoint"",""coordinates"":[]}"
20190521,2019-05-21,140,5,2.823873278102584,2019,"{""type"":""MultiPoint"",""coordinates"":[]}"
20190522,2019-05-22,141,5,0.0,2019,"{""type"":""MultiPoint"",""coordinates"":[]}"
20190523,2019-05-23,142,5,0.0,2019,"{""type"":""MultiPoint"",""coordinates"":[]}"
20190524,2019-05-24,143,5,0.010033585206426755,2019,"{""type"":""MultiPoint"",""coordinates"":[]}"
20190525,2019-05-25,144,5,0.04723131862057864,2019,"{""type"":""MultiPoint"",""coordinates"":[]}"
20190526,2019-05-26,145,5,10.17175236775819,2019,"{""type"":""MultiPoint"",""coordinates"":[]}"
20190527,2019-05-27,146,5,6.90901491735968,2019,"{""type"":""MultiPoint"",""coordinates"":[]}"
20190528,2019-05-28,147,5,0.6016329462444647,2019,"{""type"":""MultiPoint"",""coordinates"":[]}"
20190529,2019-05-29,148,5,11.66699204300389,2019,"{""type"":""MultiPoint"",""coordinates"":[]}"
20190530,2019-05-30,149,5,8.013405291107203,2019,"{""type"":""MultiPoint"",""coordinates"":[]}"
20190531,2019-05-31,150,5,0.0,2019,"{""type"":""MultiPoint"",""coordinates"":[]}"
20190601,2019-06-01,151,6,2.6046912018014168,2019,"{""type"":""MultiPoint"",""coordinates"":[]}"
20190602,2019-06-02,152,6,2.435428227309213,2019,"{""type"":""MultiPoint"",""coordinates"":[]}"
20190603,2019-06-03,153,6,0.02744216870779943,2019,"{""type"":""MultiPoint"",""coordinates"":[]}"
20190604,2019-06-04,154,6,0.5466840280875472,2019,"{""type"":""MultiPoint"",""coordinates"":[]}"
20190605,2019-06-05,155,6,7.432682724512787,2019,"{""type"":""MultiPoint"",""coordinates"":[]}"
20190606,2019-06-06,156,6,3.510527707581758,2019,"{""type"":""MultiPoint"",""coordinates"":[]}"
20190607,2019-06-07,157,6,15.165304185093264,2019,"{""type"":""MultiPoint"",""coordinates"":[]}"
20190608,2019-06-08,158,6,0.17731182493533587,2019,"{""type"":""MultiPoint"",""coordinates"":[]}"
20190609,2019-06-09,159,6,0.09337763258385691,2019,"{""type"":""MultiPoint"",""coordinates"":[]}"
20190610,2019-06-10,160,6,6.838830252689145,2019,"{""type"":""MultiPoint"",""coordinates"":[]}"
20190611,2019-06-11,161,6,0.98800079465786,2019,"{""type"":""MultiPoint"",""coordinates"":[]}"
20190612,2019-06-12,162,6,6.090800832724615,2019,"{""type"":""MultiPoint"",""coordinates"":[]}"
20190613,2019-06-13,163,6,5.681370613716172,2019,"{""type"":""MultiPoint"",""coordinates"":[]}"
20190614,2019-06-14,164,6,1.865439924444863,2019,"{""type"":""MultiPoint"",""coordinates"":[]}"
20190615,2019-06-15,165,6,0.23156094992307183,2019,"{""type"":""MultiPoint"",""coordinates"":[]}"
20190616,2019-06-16,166,6,0.0,2019,"{""type"":""MultiPoint"",""coordinates"":[]}"
20190617,2019-06-17,167,6,0.0,2019,"{""type"":""MultiPoint"",""coordinates"":[]}"
20190618,2019-06-18,168,6,3.573941905277983,2019,"{""type"":""MultiPoint"",""coordinates"":[]}"
20190619,2019-06-19,169,6,0.0,2019,"{""type"":""MultiPoint"",""coordinates"":[]}"
20190620,2019-06-20,170,6,0.0,2019,"{""type"":""MultiPoint"",""coordinates"":[]}"
20190621,2019-06-21,171,6,6.793014222642034E-4,2019,"{""type"":""MultiPoint"",""coordinates"":[]}"
20190622,2019-06-22,172,6,1.493132088533319,2019,"{""type"":""MultiPoint"",""coordinates"":[]}"
20190623,2019-06-23,173,6,10.58246852053489,2019,"{""type"":""MultiPoint"",""coordinates"":[]}"
20190624,2019-06-24,174,6,0.0,2019,"{""type"":""MultiPoint"",""coordinates"":[]}"
20190625,2019-06-25,175,6,5.15158754099617,2019,"{""type"":""MultiPoint"",""coordinates"":[]}"
20190626,2019-06-26,176,6,10.997553919253667,2019,"{""type"":""MultiPoint"",""coordinates"":[]}"
20190627,2019-06-27,177,6,12.576728223172434,2019,"{""type"":""MultiPoint"",""coordinates"":[]}"
20190628,2019-06-28,178,6,3.072728319011317,2019,"{""type"":""MultiPoint"",""coordinates"":[]}"
20190629,2019-06-29,179,6,0.0,2019,"{""type"":""MultiPoint"",""coordinates"":[]}"
20190630,2019-06-30,180,6,4.39834794367297,2019,"{""type"":""MultiPoint"",""coordinates"":[]}"
20190701,2019-07-01,181,7,36.354413932940815,2019,"{""type"":""MultiPoint"",""coordinates"":[]}"
20190702,2019-07-02,182,7,0.0,2019,"{""type"":""MultiPoint"",""coordinates"":[]}"
20190703,2019-07-03,183,7,25.71023603164694,2019,"{""type"":""MultiPoint"",""coordinates"":[]}"
20190704,2019-07-04,184,7,25.798430059564826,2019,"{""type"":""MultiPoint"",""coordinates"":[]}"
20190705,2019-07-05,185,7,14.213833528973131,2019,"{""type"":""MultiPoint"",""coordinates"":[]}"
20190706,2019-07-06,186,7,0.0,2019,"{""type"":""MultiPoint"",""coordinates"":[]}"
20190707,2019-07-07,187,7,8.65320151554379,2019,"{""type"":""MultiPoint"",""coordinates"":[]}"
20190708,2019-07-08,188,7,6.1808243101010065,2019,"{""type"":""MultiPoint"",""coordinates"":[]}"
20190709,2019-07-09,189,7,12.020956374980782,2019,"{""type"":""MultiPoint"",""coordinates"":[]}"
20190710,2019-07-10,190,7,4.565148993514981,2019,"{""type"":""MultiPoint"",""coordinates"":[]}"
20190711,2019-07-11,191,7,19.52132357840822,2019,"{""type"":""MultiPoint"",""coordinates"":[]}"
20190712,2019-07-12,192,7,0.0,2019,"{""type"":""MultiPoint"",""coordinates"":[]}"
20190713,2019-07-13,193,7,8.628310741965523,2019,"{""type"":""MultiPoint"",""coordinates"":[]}"
20190714,2019-07-14,194,7,23.730793483943415,2019,"{""type"":""MultiPoint"",""coordinates"":[]}"
20190715,2019-07-15,195,7,6.821013875233345,2019,"{""type"":""MultiPoint"",""coordinates"":[]}"
20190716,2019-07-16,196,7,0.0,2019,"{""type"":""MultiPoint"",""coordinates"":[]}"
20190717,2019-07-17,197,7,17.15017264912591,2019,"{""type"":""MultiPoint"",""coordinates"":[]}"
20190718,2019-07-18,198,7,16.98610523248054,2019,"{""type"":""MultiPoint"",""coordinates"":[]}"
20190719,2019-07-19,199,7,5.583036961992748,2019,"{""type"":""MultiPoint"",""coordinates"":[]}"
20190720,2019-07-20,200,7,4.979967912888144,2019,"{""type"":""MultiPoint"",""coordinates"":[]}"
20190721,2019-07-21,201,7,13.469420149340966,2019,"{""type"":""MultiPoint"",""coordinates"":[]}"
20190722,2019-07-22,202,7,0.0,2019,"{""type"":""MultiPoint"",""coordinates"":[]}"
20190723,2019-07-23,203,7,4.022293923514554,2019,"{""type"":""MultiPoint"",""coordinates"":[]}"
20190724,2019-07-24,204,7,10.145143327204917,2019,"{""type"":""MultiPoint"",""coordinates"":[]}"
20190725,2019-07-25,205,7,7.015355635265427,2019,"{""type"":""MultiPoint"",""coordinates"":[]}"
20190726,2019-07-26,206,7,12.300041972870734,2019,"{""type"":""MultiPoint"",""coordinates"":[]}"
20190727,2019-07-27,207,7,0.0,2019,"{""type"":""MultiPoint"",""coordinates"":[]}"
20190728,2019-07-28,208,7,0.0,2019,"{""type"":""MultiPoint"",""coordinates"":[]}"
20190729,2019-07-29,209,7,17.01370787984146,2019,"{""type"":""MultiPoint"",""coordinates"":[]}"
20190730,2019-07-30,210,7,0.0,2019,"{""type"":""MultiPoint"",""coordinates"":[]}"
20190731,2019-07-31,211,7,11.113663874467688,2019,"{""type"":""MultiPoint"",""coordinates"":[]}"
20190801,2019-08-01,212,8,1.5577552999026896,2019,"{""type"":""MultiPoint"",""coordinates"":[]}"
20190802,2019-08-02,213,8,0.0,2019,"{""type"":""MultiPoint"",""coordinates"":[]}"
20190803,2019-08-03,214,8,9.05986224705452,2019,"{""type"":""MultiPoint"",""coordinates"":[]}"
20190804,2019-08-04,215,8,19.86694863395517,2019,"{""type"":""MultiPoint"",""coordinates"":[]}"
20190805,2019-08-05,216,8,0.0,2019,"{""type"":""MultiPoint"",""coordinates"":[]}"
20190806,2019-08-06,217,8,5.760974610293354,2019,"{""type"":""MultiPoint"",""coordinates"":[]}"
20190807,2019-08-07,218,8,2.75936139406698,2019,"{""type"":""MultiPoint"",""coordinates"":[]}"
20190808,2019-08-08,219,8,9.553030680703467,2019,"{""type"":""MultiPoint"",""coordinates"":[]}"
20190809,2019-08-09,220,8,0.06789468873678091,2019,"{""type"":""MultiPoint"",""coordinates"":[]}"
20190810,2019-08-10,221,8,5.928701901346133,2019,"{""type"":""MultiPoint"",""coordinates"":[]}"
20190811,2019-08-11,222,8,7.546357708889603,2019,"{""type"":""MultiPoint"",""coordinates"":[]}"
20190812,2019-08-12,223,8,2.6633767580650756,2019,"{""type"":""MultiPoint"",""coordinates"":[]}"
20190813,2019-08-13,224,8,10.746695683294773,2019,"{""type"":""MultiPoint"",""coordinates"":[]}"
20190814,2019-08-14,225,8,4.163451801032966,2019,"{""type"":""MultiPoint"",""coordinates"":[]}"
20190815,2019-08-15,226,8,4.16781053710253,2019,"{""type"":""MultiPoint"",""coordinates"":[]}"
20190816,2019-08-16,227,8,10.024759742240432,2019,"{""type"":""MultiPoint"",""coordinates"":[]}"
20190817,2019-08-17,228,8,0.4633700071785516,2019,"{""type"":""MultiPoint"",""coordinates"":[]}"
20190818,2019-08-18,229,8,7.761477329915623,2019,"{""type"":""MultiPoint"",""coordinates"":[]}"
20190819,2019-08-19,230,8,1.3097877784822691,2019,"{""type"":""MultiPoint"",""coordinates"":[]}"
20190820,2019-08-20,231,8,9.582520727451117,2019,"{""type"":""MultiPoint"",""coordinates"":[]}"
20190821,2019-08-21,232,8,6.636599776531875,2019,"{""type"":""MultiPoint"",""coordinates"":[]}"
20190822,2019-08-22,233,8,0.0,2019,"{""type"":""MultiPoint"",""coordinates"":[]}"
20190823,2019-08-23,234,8,13.602448882384213,2019,"{""type"":""MultiPoint"",""coordinates"":[]}"
20190824,2019-08-24,235,8,0.0,2019,"{""type"":""MultiPoint"",""coordinates"":[]}"
20190825,2019-08-25,236,8,7.800548601348839,2019,"{""type"":""MultiPoint"",""coordinates"":[]}"
20190826,2019-08-26,237,8,12.637232006032955,2019,"{""type"":""MultiPoint"",""coordinates"":[]}"
20190827,2019-08-27,238,8,1.4641344523189044,2019,"{""type"":""MultiPoint"",""coordinates"":[]}"
20190828,2019-08-28,239,8,18.67883028429696,2019,"{""type"":""MultiPoint"",""coordinates"":[]}"
20190829,2019-08-29,240,8,27.17175144071649,2019,"{""type"":""MultiPoint"",""coordinates"":[]}"
20190830,2019-08-30,241,8,1.5922114391519566,2019,"{""type"":""MultiPoint"",""coordinates"":[]}"
20190831,2019-08-31,242,8,10.278746861895847,2019,"{""type"":""MultiPoint"",""coordinates"":[]}"
20190901,2019-09-01,243,9,9.304948713926306,2019,"{""type"":""MultiPoint"",""coordinates"":[]}"
20190902,2019-09-02,244,9,3.3102125494898984,2019,"{""type"":""MultiPoint"",""coordinates"":[]}"
20190903,2019-09-03,245,9,9.161353793515381,2019,"{""type"":""MultiPoint"",""coordinates"":[]}"
20190904,2019-09-04,246,9,4.652474356963153,2019,"{""type"":""MultiPoint"",""coordinates"":[]}"
20190905,2019-09-05,247,9,0.0,2019,"{""type"":""MultiPoint"",""coordinates"":[]}"
20190906,2019-09-06,248,9,4.536602884784832,2019,"{""type"":""MultiPoint"",""coordinates"":[]}"
20190907,2019-09-07,249,9,1.8458603428576013,2019,"{""type"":""MultiPoint"",""coordinates"":[]}"
20190908,2019-09-08,250,9,5.14230949176517,2019,"{""type"":""MultiPoint"",""coordinates"":[]}"
20190909,2019-09-09,251,9,17.27751458312148,2019,"{""type"":""MultiPoint"",""coordinates"":[]}"
20190910,2019-09-10,252,9,0.0,2019,"{""type"":""MultiPoint"",""coordinates"":[]}"
20190911,2019-09-11,253,9,10.802878088846278,2019,"{""type"":""MultiPoint"",""coordinates"":[]}"
20190912,2019-09-12,254,9,0.18203864831408784,2019,"{""type"":""MultiPoint"",""coordinates"":[]}"
20190913,2019-09-13,255,9,8.511796404475339,2019,"{""type"":""MultiPoint"",""coordinates"":[]}"
20190914,2019-09-14,256,9,0.0,2019,"{""type"":""MultiPoint"",""coordinates"":[]}"
20190915,2019-09-15,257,9,6.082150650581622,2019,"{""type"":""MultiPoint"",""coordinates"":[]}"
20190916,2019-09-16,258,9,13.11038119496863,2019,"{""type"":""MultiPoint"",""coordinates"":[]}"
20190917,2019-09-17,259,9,0.0,2019,"{""type"":""MultiPoint"",""coordinates"":[]}"
20190918,2019-09-18,260,9,0.0,2019,"{""type"":""MultiPoint"",""coordinates"":[]}"
20190919,2019-09-19,261,9,13.514418620028147,2019,"{""type"":""MultiPoint"",""coordinates"":[]}"
20190920,2019-09-20,262,9,0.0,2019,"{""type"":""MultiPoint"",""coordinates"":[]}"
20190921,2019-09-21,263,9,1.2965658761222993,2019,"{""type"":""MultiPoint"",""coordinates"":[]}"
20190922,2019-09-22,264,9,0.0,2019,"{""type"":""MultiPoint"",""coordinates"":[]}"
20190923,2019-09-23,265,9,3.954781131570612,2019,"{""type"":""MultiPoint"",""coordinates"":[]}"
20190924,2019-09-24,266,9,0.0,2019,"{""type"":""MultiPoint"",""coordinates"":[]}"
20190925,2019-09-25,267,9,0.0,2019,"{""type"":""MultiPoint"",""coordinates"":[]}"
20190926,2019-09-26,268,9,7.864892477846591,2019,"{""type"":""MultiPoint"",""coordinates"":[]}"
20190927,2019-09-27,269,9,0.0,2019,"{""type"":""MultiPoint"",""coordinates"":[]}"
20190928,2019-09-28,270,9,7.497076701116836,2019,"{""type"":""MultiPoint"",""coordinates"":[]}"
20190929,2019-09-29,271,9,7.3926376692964,2019,"{""type"":""MultiPoint"",""coordinates"":[]}"
20190930,2019-09-30,272,9,11.270882822872744,2019,"{""type"":""MultiPoint"",""coordinates"":[]}"
20191001,2019-10-01,273,10,3.8971355986562104,2019,"{""type"":""MultiPoint"",""coordinates"":[]}"
20191002,2019-10-02,274,10,4.6518920572424065,2019,"{""type"":""MultiPoint"",""coordinates"":[]}"
20191003,2019-10-03,275,10,2.4615292998676757,2019,"{""type"":""MultiPoint"",""coordinates"":[]}"
20191004,2019-10-04,276,10,4.556797596033693,2019,"{""type"":""MultiPoint"",""coordinates"":[]}"
20191005,2019-10-05,277,10,7.203880401242248,2019,"{""type"":""MultiPoint"",""coordinates"":[]}"
20191006,2019-10-06,278,10,4.695398781459671,2019,"{""type"":""MultiPoint"",""coordinates"":[]}"
20191007,2019-10-07,279,10,8.146495297489178,2019,"{""type"":""MultiPoint"",""coordinates"":[]}"
20191008,2019-10-08,280,10,0.5989693580558688,2019,"{""type"":""MultiPoint"",""coordinates"":[]}"
20191009,2019-10-09,281,10,3.452204442963928,2019,"{""type"":""MultiPoint"",""coordinates"":[]}"
20191010,2019-10-10,282,10,0.0,2019,"{""type"":""MultiPoint"",""coordinates"":[]}"
20191011,2019-10-11,283,10,5.279226851005275,2019,"{""type"":""MultiPoint"",""coordinates"":[]}"
20191012,2019-10-12,284,10,0.0,2019,"{""type"":""MultiPoint"",""coordinates"":[]}"
20191013,2019-10-13,285,10,0.6085358960341879,2019,"{""type"":""MultiPoint"",""coordinates"":[]}"
20191014,2019-10-14,286,10,0.7083262377008164,2019,"{""type"":""MultiPoint"",""coordinates"":[]}"
20191015,2019-10-15,287,10,5.610769794964274,2019,"{""type"":""MultiPoint"",""coordinates"":[]}"
20191016,2019-10-16,288,10,3.223781051341083,2019,"{""type"":""MultiPoint"",""coordinates"":[]}"
20191017,2019-10-17,289,10,1.9372139604617211,2019,"{""type"":""MultiPoint"",""coordinates"":[]}"
20191018,2019-10-18,290,10,1.5083384999758562,2019,"{""type"":""MultiPoint"",""coordinates"":[]}"
20191019,2019-10-19,291,10,1.517287978702877,2019,"{""type"":""MultiPoint"",""coordinates"":[]}"
20191020,2019-10-20,292,10,6.588700932591332,2019,"{""type"":""MultiPoint"",""coordinates"":[]}"
20191021,2019-10-21,293,10,0.0,2019,"{""type"":""MultiPoint"",""coordinates"":[]}"
20191022,2019-10-22,294,10,0.0,2019,"{""type"":""MultiPoint"",""coordinates"":[]}"
20191023,2019-10-23,295,10,2.1226219529089394,2019,"{""type"":""MultiPoint"",""coordinates"":[]}"
20191024,2019-10-24,296,10,0.33397090406695507,2019,"{""type"":""MultiPoint"",""coordinates"":[]}"
20191025,2019-10-25,297,10,5.208473967429223,2019,"{""type"":""MultiPoint"",""coordinates"":[]}"
20191026,2019-10-26,298,10,0.779542429561921,2019,"{""type"":""MultiPoint"",""coordinates"":[]}"
20191027,2019-10-27,299,10,6.718114796098469,2019,"{""type"":""MultiPoint"",""coordinates"":[]}"
20191028,2019-10-28,300,10,0.0,2019,"{""type"":""MultiPoint"",""coordinates"":[]}"
20191029,2019-10-29,301,10,0.0,2019,"{""type"":""MultiPoint"",""coordinates"":[]}"
20191030,2019-10-30,302,10,0.0,2019,"{""type"":""MultiPoint"",""coordinates"":[]}"
20191031,2019-10-31,303,10,0.0,2019,"{""type"":""MultiPoint"",""coordinates"":[]}"
20191101,2019-11-01,304,11,0.0,2019,"{""type"":""MultiPoint"",""coordinates"":[]}"
20191102,2019-11-02,305,11,0.0,2019,"{""type"":""MultiPoint"",""coordinates"":[]}"
20191103,2019-11-03,306,11,0.0,2019,"{""type"":""MultiPoint"",""coordinates"":[]}"
20191104,2019-11-04,307,11,0.0,2019,"{""type"":""MultiPoint"",""coordinates"":[]}"
20191105,2019-11-05,308,11,0.0,2019,"{""type"":""MultiPoint"",""coordinates"":[]}"
20191106,2019-11-06,309,11,0.0,2019,"{""type"":""MultiPoint"",""coordinates"":[]}"
20191107,2019-11-07,310,11,0.0,2019,"{""type"":""MultiPoint"",""coordinates"":[]}"
20191108,2019-11-08,311,11,0.0,2019,"{""type"":""MultiPoint"",""coordinates"":[]}"
20191109,2019-11-09,312,11,0.0,2019,"{""type"":""MultiPoint"",""coordinates"":[]}"
20191110,2019-11-10,313,11,0.08324673209338641,2019,"{""type"":""MultiPoint"",""coordinates"":[]}"
20191111,2019-11-11,314,11,4.4310383350722757E-4,2019,"{""type"":""MultiPoint"",""coordinates"":[]}"
20191112,2019-11-12,315,11,0.03606419898864484,2019,"{""type"":""MultiPoint"",""coordinates"":[]}"
20191113,2019-11-13,316,11,0.0,2019,"{""type"":""MultiPoint"",""coordinates"":[]}"
20191114,2019-11-14,317,11,0.10664357160302727,2019,"{""type"":""MultiPoint"",""coordinates"":[]}"
20191115,2019-11-15,318,11,0.0,2019,"{""type"":""MultiPoint"",""coordinates"":[]}"
20191116,2019-11-16,319,11,0.0,2019,"{""type"":""MultiPoint"",""coordinates"":[]}"
20191117,2019-11-17,320,11,0.0,2019,"{""type"":""MultiPoint"",""coordinates"":[]}"
20191118,2019-11-18,321,11,0.0,2019,"{""type"":""MultiPoint"",""coordinates"":[]}"
20191119,2019-11-19,322,11,0.0,2019,"{""type"":""MultiPoint"",""coordinates"":[]}"
20191120,2019-11-20,323,11,0.0,2019,"{""type"":""MultiPoint"",""coordinates"":[]}"
20191121,2019-11-21,324,11,0.0,2019,"{""type"":""MultiPoint"",""coordinates"":[]}"
20191122,2019-11-22,325,11,0.0,2019,"{""type"":""MultiPoint"",""coordinates"":[]}"
20191123,2019-11-23,326,11,0.0,2019,"{""type"":""MultiPoint"",""coordinates"":[]}"
20191124,2019-11-24,327,11,0.0,2019,"{""type"":""MultiPoint"",""coordinates"":[]}"
20191125,2019-11-25,328,11,0.0,2019,"{""type"":""MultiPoint"",""coordinates"":[]}"
20191126,2019-11-26,329,11,0.0,2019,"{""type"":""MultiPoint"",""coordinates"":[]}"
20191127,2019-11-27,330,11,0.0,2019,"{""type"":""MultiPoint"",""coordinates"":[]}"
20191128,2019-11-28,331,11,0.0,2019,"{""type"":""MultiPoint"",""coordinates"":[]}"
20191129,2019-11-29,332,11,0.0,2019,"{""type"":""MultiPoint"",""coordinates"":[]}"
20191130,2019-11-30,333,11,0.0,2019,"{""type"":""MultiPoint"",""coordinates"":[]}"
20191201,2019-12-01,334,12,0.0,2019,"{""type"":""MultiPoint"",""coordinates"":[]}"
20191202,2019-12-02,335,12,0.0,2019,"{""type"":""MultiPoint"",""coordinates"":[]}"
20191203,2019-12-03,336,12,0.0,2019,"{""type"":""MultiPoint"",""coordinates"":[]}"
20191204,2019-12-04,337,12,0.0,2019,"{""type"":""MultiPoint"",""coordinates"":[]}"
20191205,2019-12-05,338,12,0.0,2019,"{""type"":""MultiPoint"",""coordinates"":[]}"
20191206,2019-12-06,339,12,0.0,2019,"{""type"":""MultiPoint"",""coordinates"":[]}"
20191207,2019-12-07,340,12,0.0,2019,"{""type"":""MultiPoint"",""coordinates"":[]}"
20191208,2019-12-08,341,12,0.0,2019,"{""type"":""MultiPoint"",""coordinates"":[]}"
20191209,2019-12-09,342,12,0.0,2019,"{""type"":""MultiPoint"",""coordinates"":[]}"
20191210,2019-12-10,343,12,0.0,2019,"{""type"":""MultiPoint"",""coordinates"":[]}"
20191211,2019-12-11,344,12,0.0,2019,"{""type"":""MultiPoint"",""coordinates"":[]}"
20191212,2019-12-12,345,12,0.0,2019,"{""type"":""MultiPoint"",""coordinates"":[]}"
20191213,2019-12-13,346,12,0.0,2019,"{""type"":""MultiPoint"",""coordinates"":[]}"
20191214,2019-12-14,347,12,0.0,2019,"{""type"":""MultiPoint"",""coordinates"":[]}"
20191215,2019-12-15,348,12,0.0,2019,"{""type"":""MultiPoint"",""coordinates"":[]}"
20191216,2019-12-16,349,12,0.0,2019,"{""type"":""MultiPoint"",""coordinates"":[]}"
20191217,2019-12-17,350,12,0.0,2019,"{""type"":""MultiPoint"",""coordinates"":[]}"
20191218,2019-12-18,351,12,0.0,2019,"{""type"":""MultiPoint"",""coordinates"":[]}"
20191219,2019-12-19,352,12,0.0,2019,"{""type"":""MultiPoint"",""coordinates"":[]}"
20191220,2019-12-20,353,12,0.0,2019,"{""type"":""MultiPoint"",""coordinates"":[]}"
20191221,2019-12-21,354,12,0.0,2019,"{""type"":""MultiPoint"",""coordinates"":[]}"
20191222,2019-12-22,355,12,0.0,2019,"{""type"":""MultiPoint"",""coordinates"":[]}"
20191223,2019-12-23,356,12,0.0,2019,"{""type"":""MultiPoint"",""coordinates"":[]}"
20191224,2019-12-24,357,12,0.0,2019,"{""type"":""MultiPoint"",""coordinates"":[]}"
20191225,2019-12-25,358,12,0.0,2019,"{""type"":""MultiPoint"",""coordinates"":[]}"
20191226,2019-12-26,359,12,0.0,2019,"{""type"":""MultiPoint"",""coordinates"":[]}"
20191227,2019-12-27,360,12,0.0,2019,"{""type"":""MultiPoint"",""coordinates"":[]}"
20191228,2019-12-28,361,12,0.0,2019,"{""type"":""MultiPoint"",""coordinates"":[]}"
20191229,2019-12-29,362,12,0.0,2019,"{""type"":""MultiPoint"",""coordinates"":[]}"
20191230,2019-12-30,363,12,0.0,2019,"{""type"":""MultiPoint"",""coordinates"":[]}"
20191231,2019-12-31,364,12,0.0,2019,"{""type"":""MultiPoint"",""coordinates"":[]}"
20200101,2020-01-01,0,1,0.0,2020,"{""type"":""MultiPoint"",""coordinates"":[]}"
20200102,2020-01-02,1,1,0.0,2020,"{""type"":""MultiPoint"",""coordinates"":[]}"
20200103,2020-01-03,2,1,0.0,2020,"{""type"":""MultiPoint"",""coordinates"":[]}"
20200104,2020-01-04,3,1,0.0,2020,"{""type"":""MultiPoint"",""coordinates"":[]}"
20200105,2020-01-05,4,1,0.0,2020,"{""type"":""MultiPoint"",""coordinates"":[]}"
20200106,2020-01-06,5,1,0.0,2020,"{""type"":""MultiPoint"",""coordinates"":[]}"
20200107,2020-01-07,6,1,0.0,2020,"{""type"":""MultiPoint"",""coordinates"":[]}"
20200108,2020-01-08,7,1,0.0,2020,"{""type"":""MultiPoint"",""coordinates"":[]}"
20200109,2020-01-09,8,1,0.0,2020,"{""type"":""MultiPoint"",""coordinates"":[]}"
20200110,2020-01-10,9,1,0.0,2020,"{""type"":""MultiPoint"",""coordinates"":[]}"
20200111,2020-01-11,10,1,0.0,2020,"{""type"":""MultiPoint"",""coordinates"":[]}"
20200112,2020-01-12,11,1,0.0,2020,"{""type"":""MultiPoint"",""coordinates"":[]}"
20200113,2020-01-13,12,1,0.0,2020,"{""type"":""MultiPoint"",""coordinates"":[]}"
20200114,2020-01-14,13,1,0.0,2020,"{""type"":""MultiPoint"",""coordinates"":[]}"
20200115,2020-01-15,14,1,0.0,2020,"{""type"":""MultiPoint"",""coordinates"":[]}"
20200116,2020-01-16,15,1,0.0,2020,"{""type"":""MultiPoint"",""coordinates"":[]}"
20200117,2020-01-17,16,1,0.0,2020,"{""type"":""MultiPoint"",""coordinates"":[]}"
20200118,2020-01-18,17,1,0.0,2020,"{""type"":""MultiPoint"",""coordinates"":[]}"
20200119,2020-01-19,18,1,0.0,2020,"{""type"":""MultiPoint"",""coordinates"":[]}"
20200120,2020-01-20,19,1,0.0,2020,"{""type"":""MultiPoint"",""coordinates"":[]}"
20200121,2020-01-21,20,1,0.0,2020,"{""type"":""MultiPoint"",""coordinates"":[]}"
20200122,2020-01-22,21,1,0.0,2020,"{""type"":""MultiPoint"",""coordinates"":[]}"
20200123,2020-01-23,22,1,0.0,2020,"{""type"":""MultiPoint"",""coordinates"":[]}"
20200124,2020-01-24,23,1,0.0,2020,"{""type"":""MultiPoint"",""coordinates"":[]}"
20200125,2020-01-25,24,1,0.0,2020,"{""type"":""MultiPoint"",""coordinates"":[]}"
20200126,2020-01-26,25,1,0.0,2020,"{""type"":""MultiPoint"",""coordinates"":[]}"
20200127,2020-01-27,26,1,0.0,2020,"{""type"":""MultiPoint"",""coordinates"":[]}"
20200128,2020-01-28,27,1,0.0,2020,"{""type"":""MultiPoint"",""coordinates"":[]}"
20200129,2020-01-29,28,1,8.479946755134165E-9,2020,"{""type"":""MultiPoint"",""coordinates"":[]}"
20200130,2020-01-30,29,1,3.520402680927726E-9,2020,"{""type"":""MultiPoint"",""coordinates"":[]}"
20200131,2020-01-31,30,1,0.0,2020,"{""type"":""MultiPoint"",""coordinates"":[]}"
20200201,2020-02-01,31,2,0.0,2020,"{""type"":""MultiPoint"",""coordinates"":[]}"
20200202,2020-02-02,32,2,0.0,2020,"{""type"":""MultiPoint"",""coordinates"":[]}"
20200203,2020-02-03,33,2,0.0,2020,"{""type"":""MultiPoint"",""coordinates"":[]}"
20200204,2020-02-04,34,2,0.0,2020,"{""type"":""MultiPoint"",""coordinates"":[]}"
20200205,2020-02-05,35,2,0.0,2020,"{""type"":""MultiPoint"",""coordinates"":[]}"
20200206,2020-02-06,36,2,0.0,2020,"{""type"":""MultiPoint"",""coordinates"":[]}"
20200207,2020-02-07,37,2,0.0,2020,"{""type"":""MultiPoint"",""coordinates"":[]}"
20200208,2020-02-08,38,2,0.0,2020,"{""type"":""MultiPoint"",""coordinates"":[]}"
20200209,2020-02-09,39,2,0.0,2020,"{""type"":""MultiPoint"",""coordinates"":[]}"
20200210,2020-02-10,40,2,0.0,2020,"{""type"":""MultiPoint"",""coordinates"":[]}"
20200211,2020-02-11,41,2,0.0,2020,"{""type"":""MultiPoint"",""coordinates"":[]}"
20200212,2020-02-12,42,2,0.0,2020,"{""type"":""MultiPoint"",""coordinates"":[]}"
20200213,2020-02-13,43,2,0.0,2020,"{""type"":""MultiPoint"",""coordinates"":[]}"
20200214,2020-02-14,44,2,0.0,2020,"{""type"":""MultiPoint"",""coordinates"":[]}"
20200215,2020-02-15,45,2,0.0,2020,"{""type"":""MultiPoint"",""coordinates"":[]}"
20200216,2020-02-16,46,2,0.0,2020,"{""type"":""MultiPoint"",""coordinates"":[]}"
20200217,2020-02-17,47,2,0.0,2020,"{""type"":""MultiPoint"",""coordinates"":[]}"
20200218,2020-02-18,48,2,3.875501565795682E-5,2020,"{""type"":""MultiPoint"",""coordinates"":[]}"
20200219,2020-02-19,49,2,0.0,2020,"{""type"":""MultiPoint"",""coordinates"":[]}"
20200220,2020-02-20,50,2,0.0,2020,"{""type"":""MultiPoint"",""coordinates"":[]}"
20200221,2020-02-21,51,2,0.0,2020,"{""type"":""MultiPoint"",""coordinates"":[]}"
20200222,2020-02-22,52,2,0.0,2020,"{""type"":""MultiPoint"",""coordinates"":[]}"
20200223,2020-02-23,53,2,0.0,2020,"{""type"":""MultiPoint"",""coordinates"":[]}"
20200224,2020-02-24,54,2,0.0,2020,"{""type"":""MultiPoint"",""coordinates"":[]}"
20200225,2020-02-25,55,2,0.0,2020,"{""type"":""MultiPoint"",""coordinates"":[]}"
20200226,2020-02-26,56,2,0.0,2020,"{""type"":""MultiPoint"",""coordinates"":[]}"
20200227,2020-02-27,57,2,0.0,2020,"{""type"":""MultiPoint"",""coordinates"":[]}"
20200228,2020-02-28,58,2,0.0,2020,"{""type"":""MultiPoint"",""coordinates"":[]}"
20200229,2020-02-29,59,2,0.0,2020,"{""type"":""MultiPoint"",""coordinates"":[]}"
20200301,2020-03-01,60,3,0.0,2020,"{""type"":""MultiPoint"",""coordinates"":[]}"
20200302,2020-03-02,61,3,0.0,2020,"{""type"":""MultiPoint"",""coordinates"":[]}"
20200303,2020-03-03,62,3,0.0024803800760025176,2020,"{""type"":""MultiPoint"",""coordinates"":[]}"
20200304,2020-03-04,63,3,0.0,2020,"{""type"":""MultiPoint"",""coordinates"":[]}"
20200305,2020-03-05,64,3,0.0,2020,"{""type"":""MultiPoint"",""coordinates"":[]}"
20200306,2020-03-06,65,3,0.0,2020,"{""type"":""MultiPoint"",""coordinates"":[]}"
20200307,2020-03-07,66,3,0.0,2020,"{""type"":""MultiPoint"",""coordinates"":[]}"
20200308,2020-03-08,67,3,0.0,2020,"{""type"":""MultiPoint"",""coordinates"":[]}"
20200309,2020-03-09,68,3,0.0,2020,"{""type"":""MultiPoint"",""coordinates"":[]}"
20200310,2020-03-10,69,3,0.0,2020,"{""type"":""MultiPoint"",""coordinates"":[]}"
20200311,2020-03-11,70,3,0.0,2020,"{""type"":""MultiPoint"",""coordinates"":[]}"
20200312,2020-03-12,71,3,0.13494979958407569,2020,"{""type"":""MultiPoint"",""coordinates"":[]}"
20200313,2020-03-13,72,3,0.14497165764250552,2020,"{""type"":""MultiPoint"",""coordinates"":[]}"
20200314,2020-03-14,73,3,0.0,2020,"{""type"":""MultiPoint"",""coordinates"":[]}"
20200315,2020-03-15,74,3,0.0,2020,"{""type"":""MultiPoint"",""coordinates"":[]}"
20200316,2020-03-16,75,3,0.0,2020,"{""type"":""MultiPoint"",""coordinates"":[]}"
20200317,2020-03-17,76,3,0.0,2020,"{""type"":""MultiPoint"",""coordinates"":[]}"
20200318,2020-03-18,77,3,0.0,2020,"{""type"":""MultiPoint"",""coordinates"":[]}"
20200319,2020-03-19,78,3,0.0,2020,"{""type"":""MultiPoint"",""coordinates"":[]}"
20200320,2020-03-20,79,3,0.0,2020,"{""type"":""MultiPoint"",""coordinates"":[]}"
20200321,2020-03-21,80,3,0.0,2020,"{""type"":""MultiPoint"",""coordinates"":[]}"
20200322,2020-03-22,81,3,0.01781715020894485,2020,"{""type"":""MultiPoint"",""coordinates"":[]}"
20200323,2020-03-23,82,3,0.0,2020,"{""type"":""MultiPoint"",""coordinates"":[]}"
20200324,2020-03-24,83,3,0.0,2020,"{""type"":""MultiPoint"",""coordinates"":[]}"
20200325,2020-03-25,84,3,0.37201501499617257,2020,"{""type"":""MultiPoint"",""coordinates"":[]}"
20200326,2020-03-26,85,3,0.0,2020,"{""type"":""MultiPoint"",""coordinates"":[]}"
20200327,2020-03-27,86,3,0.0,2020,"{""type"":""MultiPoint"",""coordinates"":[]}"
20200328,2020-03-28,87,3,0.0,2020,"{""type"":""MultiPoint"",""coordinates"":[]}"
20200329,2020-03-29,88,3,0.0,2020,"{""type"":""MultiPoint"",""coordinates"":[]}"
20200330,2020-03-30,89,3,0.0,2020,"{""type"":""MultiPoint"",""coordinates"":[]}"
20200331,2020-03-31,90,3,0.0,2020,"{""type"":""MultiPoint"",""coordinates"":[]}"
20200401,2020-04-01,91,4,0.0,2020,"{""type"":""MultiPoint"",""coordinates"":[]}"
20200402,2020-04-02,92,4,0.5193863329255337,2020,"{""type"":""MultiPoint"",""coordinates"":[]}"
20200403,2020-04-03,93,4,0.0,2020,"{""type"":""MultiPoint"",""coordinates"":[]}"
20200404,2020-04-04,94,4,0.21907058930156204,2020,"{""type"":""MultiPoint"",""coordinates"":[]}"
20200405,2020-04-05,95,4,0.03728866246306653,2020,"{""type"":""MultiPoint"",""coordinates"":[]}"
20200406,2020-04-06,96,4,0.0,2020,"{""type"":""MultiPoint"",""coordinates"":[]}"
20200407,2020-04-07,97,4,0.0,2020,"{""type"":""MultiPoint"",""coordinates"":[]}"
20200408,2020-04-08,98,4,0.0034965617181192793,2020,"{""type"":""MultiPoint"",""coordinates"":[]}"
20200409,2020-04-09,99,4,0.28546452272597056,2020,"{""type"":""MultiPoint"",""coordinates"":[]}"
20200410,2020-04-10,100,4,0.0,2020,"{""type"":""MultiPoint"",""coordinates"":[]}"
20200411,2020-04-11,101,4,0.03809606623451269,2020,"{""type"":""MultiPoint"",""coordinates"":[]}"
20200412,2020-04-12,102,4,0.0,2020,"{""type"":""MultiPoint"",""coordinates"":[]}"
20200413,2020-04-13,103,4,0.0,2020,"{""type"":""MultiPoint"",""coordinates"":[]}"
20200414,2020-04-14,104,4,0.0,2020,"{""type"":""MultiPoint"",""coordinates"":[]}"
20200415,2020-04-15,105,4,0.0,2020,"{""type"":""MultiPoint"",""coordinates"":[]}"
20200416,2020-04-16,106,4,0.0,2020,"{""type"":""MultiPoint"",""coordinates"":[]}"
20200417,2020-04-17,107,4,0.0,2020,"{""type"":""MultiPoint"",""coordinates"":[]}"
20200418,2020-04-18,108,4,0.0,2020,"{""type"":""MultiPoint"",""coordinates"":[]}"
20200419,2020-04-19,109,4,0.0,2020,"{""type"":""MultiPoint"",""coordinates"":[]}"
20200420,2020-04-20,110,4,0.0,2020,"{""type"":""MultiPoint"",""coordinates"":[]}"
20200421,2020-04-21,111,4,0.0,2020,"{""type"":""MultiPoint"",""coordinates"":[]}"
20200422,2020-04-22,112,4,0.0,2020,"{""type"":""MultiPoint"",""coordinates"":[]}"
20200423,2020-04-23,113,4,0.0,2020,"{""type"":""MultiPoint"",""coordinates"":[]}"
20200424,2020-04-24,114,4,1.0688534812847916,2020,"{""type"":""MultiPoint"",""coordinates"":[]}"
20200425,2020-04-25,115,4,0.0,2020,"{""type"":""MultiPoint"",""coordinates"":[]}"
20200426,2020-04-26,116,4,0.0,2020,"{""type"":""MultiPoint"",""coordinates"":[]}"
20200427,2020-04-27,117,4,3.475121654243984,2020,"{""type"":""MultiPoint"",""coordinates"":[]}"
20200428,2020-04-28,118,4,1.5394200383967565,2020,"{""type"":""MultiPoint"",""coordinates"":[]}"
20200429,2020-04-29,119,4,0.0,2020,"{""type"":""MultiPoint"",""coordinates"":[]}"
20200430,2020-04-30,120,4,0.07295316309002418,2020,"{""type"":""MultiPoint"",""coordinates"":[]}"
20200501,2020-05-01,121,5,1.0811575504075563,2020,"{""type"":""MultiPoint"",""coordinates"":[]}"
20200502,2020-05-02,122,5,1.3506024446221103,2020,"{""type"":""MultiPoint"",""coordinates"":[]}"
20200503,2020-05-03,123,5,9.885138066458595,2020,"{""type"":""MultiPoint"",""coordinates"":[]}"
20200504,2020-05-04,124,5,0.0,2020,"{""type"":""MultiPoint"",""coordinates"":[]}"
20200505,2020-05-05,125,5,0.0,2020,"{""type"":""MultiPoint"",""coordinates"":[]}"
20200506,2020-05-06,126,5,0.0,2020,"{""type"":""MultiPoint"",""coordinates"":[]}"
20200507,2020-05-07,127,5,0.0,2020,"{""type"":""MultiPoint"",""coordinates"":[]}"
20200508,2020-05-08,128,5,0.0,2020,"{""type"":""MultiPoint"",""coordinates"":[]}"
20200509,2020-05-09,129,5,0.0,2020,"{""type"":""MultiPoint"",""coordinates"":[]}"
20200510,2020-05-10,130,5,0.0,2020,"{""type"":""MultiPoint"",""coordinates"":[]}"
20200511,2020-05-11,131,5,0.0,2020,"{""type"":""MultiPoint"",""coordinates"":[]}"
20200512,2020-05-12,132,5,0.0,2020,"{""type"":""MultiPoint"",""coordinates"":[]}"
20200513,2020-05-13,133,5,4.363573935650958,2020,"{""type"":""MultiPoint"",""coordinates"":[]}"
20200514,2020-05-14,134,5,0.1288698056023247,2020,"{""type"":""MultiPoint"",""coordinates"":[]}"
20200515,2020-05-15,135,5,0.0,2020,"{""type"":""MultiPoint"",""coordinates"":[]}"
20200516,2020-05-16,136,5,0.07876301293421274,2020,"{""type"":""MultiPoint"",""coordinates"":[]}"
20200517,2020-05-17,137,5,0.0,2020,"{""type"":""MultiPoint"",""coordinates"":[]}"
20200518,2020-05-18,138,5,0.0,2020,"{""type"":""MultiPoint"",""coordinates"":[]}"
20200519,2020-05-19,139,5,0.0012129084099210309,2020,"{""type"":""MultiPoint"",""coordinates"":[]}"
20200520,2020-05-20,140,5,1.6759040689062283,2020,"{""type"":""MultiPoint"",""coordinates"":[]}"
20200521,2020-05-21,141,5,4.709204853490028,2020,"{""type"":""MultiPoint"",""coordinates"":[]}"
20200522,2020-05-22,142,5,5.953817987750205E-7,2020,"{""type"":""MultiPoint"",""coordinates"":[]}"
20200523,2020-05-23,143,5,0.3138382650083965,2020,"{""type"":""MultiPoint"",""coordinates"":[]}"
20200524,2020-05-24,144,5,3.181107356586559,2020,"{""type"":""MultiPoint"",""coordinates"":[]}"
20200525,2020-05-25,145,5,1.3928354532205367,2020,"{""type"":""MultiPoint"",""coordinates"":[]}"
20200526,2020-05-26,146,5,2.8521180699239466,2020,"{""type"":""MultiPoint"",""coordinates"":[]}"
20200527,2020-05-27,147,5,1.6898313218897039,2020,"{""type"":""MultiPoint"",""coordinates"":[]}"
20200528,2020-05-28,148,5,0.0,2020,"{""type"":""MultiPoint"",""coordinates"":[]}"
20200529,2020-05-29,149,5,0.3053236572925207,2020,"{""type"":""MultiPoint"",""coordinates"":[]}"
20200530,2020-05-30,150,5,7.1888670325397275,2020,"{""type"":""MultiPoint"",""coordinates"":[]}"
20200531,2020-05-31,151,5,0.0,2020,"{""type"":""MultiPoint"",""coordinates"":[]}"
20200601,2020-06-01,152,6,0.4273854428162596,2020,"{""type"":""MultiPoint"",""coordinates"":[]}"
20200602,2020-06-02,153,6,1.8014818277661657E-6,2020,"{""type"":""MultiPoint"",""coordinates"":[]}"
20200603,2020-06-03,154,6,2.1197834976547236,2020,"{""type"":""MultiPoint"",""coordinates"":[]}"
20200604,2020-06-04,155,6,6.362373002332423,2020,"{""type"":""MultiPoint"",""coordinates"":[]}"
20200605,2020-06-05,156,6,10.69464382546376,2020,"{""type"":""MultiPoint"",""coordinates"":[]}"
20200606,2020-06-06,157,6,0.0,2020,"{""type"":""MultiPoint"",""coordinates"":[]}"
20200607,2020-06-07,158,6,6.643990097151673E-4,2020,"{""type"":""MultiPoint"",""coordinates"":[]}"
20200608,2020-06-08,159,6,13.04861561750086,2020,"{""type"":""MultiPoint"",""coordinates"":[]}"
20200609,2020-06-09,160,6,0.8637412807497087,2020,"{""type"":""MultiPoint"",""coordinates"":[]}"
20200610,2020-06-10,161,6,5.399325779485899,2020,"{""type"":""MultiPoint"",""coordinates"":[]}"
20200611,2020-06-11,162,6,8.707688869261746,2020,"{""type"":""MultiPoint"",""coordinates"":[]}"
20200612,2020-06-12,163,6,0.2988158476945314,2020,"{""type"":""MultiPoint"",""coordinates"":[]}"
20200613,2020-06-13,164,6,0.8203671132250335,2020,"{""type"":""MultiPoint"",""coordinates"":[]}"
20200614,2020-06-14,165,6,0.002593057505382182,2020,"{""type"":""MultiPoint"",""coordinates"":[]}"
20200615,2020-06-15,166,6,3.1038698150890127,2020,"{""type"":""MultiPoint"",""coordinates"":[]}"
20200616,2020-06-16,167,6,4.704266852920753,2020,"{""type"":""MultiPoint"",""coordinates"":[]}"
20200617,2020-06-17,168,6,11.386910040181657,2020,"{""type"":""MultiPoint"",""coordinates"":[]}"
20200618,2020-06-18,169,6,0.0,2020,"{""type"":""MultiPoint"",""coordinates"":[]}"
20200619,2020-06-19,170,6,5.426607042757633,2020,"{""type"":""MultiPoint"",""coordinates"":[]}"
20200620,2020-06-20,171,6,0.9878433013722597,2020,"{""type"":""MultiPoint"",""coordinates"":[]}"
20200621,2020-06-21,172,6,0.6688922824281635,2020,"{""type"":""MultiPoint"",""coordinates"":[]}"
20200622,2020-06-22,173,6,0.0,2020,"{""type"":""MultiPoint"",""coordinates"":[]}"
20200623,2020-06-23,174,6,0.0,2020,"{""type"":""MultiPoint"",""coordinates"":[]}"
20200624,2020-06-24,175,6,0.6194679192161295,2020,"{""type"":""MultiPoint"",""coordinates"":[]}"
20200625,2020-06-25,176,6,6.77486464225979,2020,"{""type"":""MultiPoint"",""coordinates"":[]}"
20200626,2020-06-26,177,6,0.0,2020,"{""type"":""MultiPoint"",""coordinates"":[]}"
20200627,2020-06-27,178,6,0.0,2020,"{""type"":""MultiPoint"",""coordinates"":[]}"
20200628,2020-06-28,179,6,2.3533211563289416,2020,"{""type"":""MultiPoint"",""coordinates"":[]}"
20200629,2020-06-29,180,6,17.402832157802145,2020,"{""type"":""MultiPoint"",""coordinates"":[]}"
20200630,2020-06-30,181,6,0.04112397899578576,2020,"{""type"":""MultiPoint"",""coordinates"":[]}"
20200701,2020-07-01,182,7,0.0,2020,"{""type"":""MultiPoint"",""coordinates"":[]}"
20200702,2020-07-02,183,7,0.040903293725216026,2020,"{""type"":""MultiPoint"",""coordinates"":[]}"
20200703,2020-07-03,184,7,8.06504911067439,2020,"{""type"":""MultiPoint"",""coordinates"":[]}"
20200704,2020-07-04,185,7,6.896876351104724,2020,"{""type"":""MultiPoint"",""coordinates"":[]}"
20200705,2020-07-05,186,7,4.129734098710595,2020,"{""type"":""MultiPoint"",""coordinates"":[]}"
20200706,2020-07-06,187,7,0.0,2020,"{""type"":""MultiPoint"",""coordinates"":[]}"
20200707,2020-07-07,188,7,14.720951852101482,2020,"{""type"":""MultiPoint"",""coordinates"":[]}"
20200708,2020-07-08,189,7,0.0,2020,"{""type"":""MultiPoint"",""coordinates"":[]}"
20200709,2020-07-09,190,7,7.932716319858024,2020,"{""type"":""MultiPoint"",""coordinates"":[]}"
20200710,2020-07-10,191,7,0.0,2020,"{""type"":""MultiPoint"",""coordinates"":[]}"
20200711,2020-07-11,192,7,5.285546161463105,2020,"{""type"":""MultiPoint"",""coordinates"":[]}"
20200712,2020-07-12,193,7,0.9308327027041503,2020,"{""type"":""MultiPoint"",""coordinates"":[]}"
20200713,2020-07-13,194,7,0.0,2020,"{""type"":""MultiPoint"",""coordinates"":[]}"
20200714,2020-07-14,195,7,9.542140670945606,2020,"{""type"":""MultiPoint"",""coordinates"":[]}"
20200715,2020-07-15,196,7,0.0,2020,"{""type"":""MultiPoint"",""coordinates"":[]}"
20200716,2020-07-16,197,7,0.8492295931508976,2020,"{""type"":""MultiPoint"",""coordinates"":[]}"
20200717,2020-07-17,198,7,3.084180114859046,2020,"{""type"":""MultiPoint"",""coordinates"":[]}"
20200718,2020-07-18,199,7,0.9806839981440815,2020,"{""type"":""MultiPoint"",""coordinates"":[]}"
20200719,2020-07-19,200,7,4.165027124807606,2020,"{""type"":""MultiPoint"",""coordinates"":[]}"
20200720,2020-07-20,201,7,12.445719565559457,2020,"{""type"":""MultiPoint"",""coordinates"":[]}"
20200721,2020-07-21,202,7,6.629648690555186,2020,"{""type"":""MultiPoint"",""coordinates"":[]}"
20200722,2020-07-22,203,7,0.0,2020,"{""type"":""MultiPoint"",""coordinates"":[]}"
20200723,2020-07-23,204,7,2.3848357848021795,2020,"{""type"":""MultiPoint"",""coordinates"":[]}"
20200724,2020-07-24,205,7,0.0,2020,"{""type"":""MultiPoint"",""coordinates"":[]}"
20200725,2020-07-25,206,7,1.3882938124539002,2020,"{""type"":""MultiPoint"",""coordinates"":[]}"
20200726,2020-07-26,207,7,18.65087418075504,2020,"{""type"":""MultiPoint"",""coordinates"":[]}"
20200727,2020-07-27,208,7,4.3794496788037,2020,"{""type"":""MultiPoint"",""coordinates"":[]}"
20200728,2020-07-28,209,7,10.252320195736566,2020,"{""type"":""MultiPoint"",""coordinates"":[]}"
20200729,2020-07-29,210,7,10.036498891029954,2020,"{""type"":""MultiPoint"",""coordinates"":[]}"
20200730,2020-07-30,211,7,9.316782281384132,2020,"{""type"":""MultiPoint"",""coordinates"":[]}"
20200731,2020-07-31,212,7,0.0,2020,"{""type"":""MultiPoint"",""coordinates"":[]}"
20200801,2020-08-01,213,8,11.03640507593984,2020,"{""type"":""MultiPoint"",""coordinates"":[]}"
20200802,2020-08-02,214,8,44.379991904606456,2020,"{""type"":""MultiPoint"",""coordinates"":[]}"
20200803,2020-08-03,215,8,0.8384748179503162,2020,"{""type"":""MultiPoint"",""coordinates"":[]}"
20200804,2020-08-04,216,8,0.0,2020,"{""type"":""MultiPoint"",""coordinates"":[]}"
20200805,2020-08-05,217,8,6.754389841642964,2020,"{""type"":""MultiPoint"",""coordinates"":[]}"
20200806,2020-08-06,218,8,13.212497935197831,2020,"{""type"":""MultiPoint"",""coordinates"":[]}"
20200807,2020-08-07,219,8,0.0,2020,"{""type"":""MultiPoint"",""coordinates"":[]}"
20200808,2020-08-08,220,8,0.0,2020,"{""type"":""MultiPoint"",""coordinates"":[]}"
20200809,2020-08-09,221,8,4.228868686508297,2020,"{""type"":""MultiPoint"",""coordinates"":[]}"
20200810,2020-08-10,222,8,3.1503768702926522,2020,"{""type"":""MultiPoint"",""coordinates"":[]}"
20200811,2020-08-11,223,8,2.0971423129464974,2020,"{""type"":""MultiPoint"",""coordinates"":[]}"
20200812,2020-08-12,224,8,10.878694657265115,2020,"{""type"":""MultiPoint"",""coordinates"":[]}"
20200813,2020-08-13,225,8,12.194825740397908,2020,"{""type"":""MultiPoint"",""coordinates"":[]}"
20200814,2020-08-14,226,8,0.0,2020,"{""type"":""MultiPoint"",""coordinates"":[]}"
20200815,2020-08-15,227,8,0.0,2020,"{""type"":""MultiPoint"",""coordinates"":[]}"
20200816,2020-08-16,228,8,16.017762737950378,2020,"{""type"":""MultiPoint"",""coordinates"":[]}"
20200817,2020-08-17,229,8,8.127512734251274,2020,"{""type"":""MultiPoint"",""coordinates"":[]}"
20200818,2020-08-18,230,8,8.904446787965442,2020,"{""type"":""MultiPoint"",""coordinates"":[]}"
20200819,2020-08-19,231,8,8.584573591315033,2020,"{""type"":""MultiPoint"",""coordinates"":[]}"
20200820,2020-08-20,232,8,20.006612685912437,2020,"{""type"":""MultiPoint"",""coordinates"":[]}"
20200821,2020-08-21,233,8,7.130472545034462,2020,"{""type"":""MultiPoint"",""coordinates"":[]}"
20200822,2020-08-22,234,8,16.413794453485483,2020,"{""type"":""MultiPoint"",""coordinates"":[]}"
20200823,2020-08-23,235,8,0.0,2020,"{""type"":""MultiPoint"",""coordinates"":[]}"
20200824,2020-08-24,236,8,0.0,2020,"{""type"":""MultiPoint"",""coordinates"":[]}"
20200825,2020-08-25,237,8,19.843910396158112,2020,"{""type"":""MultiPoint"",""coordinates"":[]}"
20200826,2020-08-26,238,8,5.545067246396084,2020,"{""type"":""MultiPoint"",""coordinates"":[]}"
20200827,2020-08-27,239,8,3.1094751040707433,2020,"{""type"":""MultiPoint"",""coordinates"":[]}"
20200828,2020-08-28,240,8,28.474744278644657,2020,"{""type"":""MultiPoint"",""coordinates"":[]}"
20200829,2020-08-29,241,8,41.23807239966904,2020,"{""type"":""MultiPoint"",""coordinates"":[]}"
20200830,2020-08-30,242,8,3.1294171402633344,2020,"{""type"":""MultiPoint"",""coordinates"":[]}"
20200831,2020-08-31,243,8,29.192136081144778,2020,"{""type"":""MultiPoint"",""coordinates"":[]}"
20200901,2020-09-01,244,9,9.361120202466271,2020,"{""type"":""MultiPoint"",""coordinates"":[]}"
20200902,2020-09-02,245,9,14.462773450366765,2020,"{""type"":""MultiPoint"",""coordinates"":[]}"
20200903,2020-09-03,246,9,21.66067561642395,2020,"{""type"":""MultiPoint"",""coordinates"":[]}"
20200904,2020-09-04,247,9,0.0,2020,"{""type"":""MultiPoint"",""coordinates"":[]}"
20200905,2020-09-05,248,9,9.175661483881003,2020,"{""type"":""MultiPoint"",""coordinates"":[]}"
20200906,2020-09-06,249,9,22.754345735386355,2020,"{""type"":""MultiPoint"",""coordinates"":[]}"
20200907,2020-09-07,250,9,1.8547585516264944,2020,"{""type"":""MultiPoint"",""coordinates"":[]}"
20200908,2020-09-08,251,9,5.451919043788958,2020,"{""type"":""MultiPoint"",""coordinates"":[]}"
20200909,2020-09-09,252,9,0.09131499974414556,2020,"{""type"":""MultiPoint"",""coordinates"":[]}"
20200910,2020-09-10,253,9,15.514696421918837,2020,"{""type"":""MultiPoint"",""coordinates"":[]}"
20200911,2020-09-11,254,9,7.060055578220102,2020,"{""type"":""MultiPoint"",""coordinates"":[]}"
20200912,2020-09-12,255,9,12.208064274779403,2020,"{""type"":""MultiPoint"",""coordinates"":[]}"
20200913,2020-09-13,256,9,3.8395111949449956,2020,"{""type"":""MultiPoint"",""coordinates"":[]}"
20200914,2020-09-14,257,9,17.182686359959323,2020,"{""type"":""MultiPoint"",""coordinates"":[]}"
20200915,2020-09-15,258,9,0.0,2020,"{""type"":""MultiPoint"",""coordinates"":[]}"
20200916,2020-09-16,259,9,11.341023759998693,2020,"{""type"":""MultiPoint"",""coordinates"":[]}"
20200917,2020-09-17,260,9,13.880388118791496,2020,"{""type"":""MultiPoint"",""coordinates"":[]}"
20200918,2020-09-18,261,9,6.621997457184304,2020,"{""type"":""MultiPoint"",""coordinates"":[]}"
20200919,2020-09-19,262,9,0.016111961727680417,2020,"{""type"":""MultiPoint"",""coordinates"":[]}"
20200920,2020-09-20,263,9,7.091767944423579,2020,"{""type"":""MultiPoint"",""coordinates"":[]}"
20200921,2020-09-21,264,9,6.8228191101189815,2020,"{""type"":""MultiPoint"",""coordinates"":[]}"
20200922,2020-09-22,265,9,0.0,2020,"{""type"":""MultiPoint"",""coordinates"":[]}"
20200923,2020-09-23,266,9,0.0,2020,"{""type"":""MultiPoint"",""coordinates"":[]}"
20200924,2020-09-24,267,9,0.5761425950357668,2020,"{""type"":""MultiPoint"",""coordinates"":[]}"
20200925,2020-09-25,268,9,4.767356607224073,2020,"{""type"":""MultiPoint"",""coordinates"":[]}"
20200926,2020-09-26,269,9,1.2934137674151471,2020,"{""type"":""MultiPoint"",""coordinates"":[]}"
20200927,2020-09-27,270,9,14.788098301455914,2020,"{""type"":""MultiPoint"",""coordinates"":[]}"
20200928,2020-09-28,271,9,17.228783450331584,2020,"{""type"":""MultiPoint"",""coordinates"":[]}"
20200929,2020-09-29,272,9,12.867525022793439,2020,"{""type"":""MultiPoint"",""coordinates"":[]}"
20200930,2020-09-30,273,9,0.0,2020,"{""type"":""MultiPoint"",""coordinates"":[]}"
20201001,2020-10-01,274,10,0.7748395844151842,2020,"{""type"":""MultiPoint"",""coordinates"":[]}"
20201002,2020-10-02,275,10,0.0,2020,"{""type"":""MultiPoint"",""coordinates"":[]}"
20201003,2020-10-03,276,10,11.627388626071433,2020,"{""type"":""MultiPoint"",""coordinates"":[]}"
20201004,2020-10-04,277,10,0.775148224608689,2020,"{""type"":""MultiPoint"",""coordinates"":[]}"
20201005,2020-10-05,278,10,0.0,2020,"{""type"":""MultiPoint"",""coordinates"":[]}"
20201006,2020-10-06,279,10,10.55576339790811,2020,"{""type"":""MultiPoint"",""coordinates"":[]}"
20201007,2020-10-07,280,10,0.0,2020,"{""type"":""MultiPoint"",""coordinates"":[]}"
20201008,2020-10-08,281,10,1.1193485943296921,2020,"{""type"":""MultiPoint"",""coordinates"":[]}"
20201009,2020-10-09,282,10,0.0,2020,"{""type"":""MultiPoint"",""coordinates"":[]}"
20201010,2020-10-10,283,10,0.0,2020,"{""type"":""MultiPoint"",""coordinates"":[]}"
20201011,2020-10-11,284,10,0.0,2020,"{""type"":""MultiPoint"",""coordinates"":[]}"
20201012,2020-10-12,285,10,0.0,2020,"{""type"":""MultiPoint"",""coordinates"":[]}"
20201013,2020-10-13,286,10,0.0,2020,"{""type"":""MultiPoint"",""coordinates"":[]}"
20201014,2020-10-14,287,10,7.586462620721757,2020,"{""type"":""MultiPoint"",""coordinates"":[]}"
20201015,2020-10-15,288,10,1.2133745765610482,2020,"{""type"":""MultiPoint"",""coordinates"":[]}"
20201016,2020-10-16,289,10,0.0,2020,"{""type"":""MultiPoint"",""coordinates"":[]}"
20201017,2020-10-17,290,10,0.0,2020,"{""type"":""MultiPoint"",""coordinates"":[]}"
20201018,2020-10-18,291,10,0.0,2020,"{""type"":""MultiPoint"",""coordinates"":[]}"
20201019,2020-10-19,292,10,0.0,2020,"{""type"":""MultiPoint"",""coordinates"":[]}"
20201020,2020-10-20,293,10,0.0,2020,"{""type"":""MultiPoint"",""coordinates"":[]}"
20201021,2020-10-21,294,10,0.01869495107670023,2020,"{""type"":""MultiPoint"",""coordinates"":[]}"
20201022,2020-10-22,295,10,0.0,2020,"{""type"":""MultiPoint"",""coordinates"":[]}"
20201023,2020-10-23,296,10,0.0,2020,"{""type"":""MultiPoint"",""coordinates"":[]}"
20201024,2020-10-24,297,10,0.0,2020,"{""type"":""MultiPoint"",""coordinates"":[]}"
20201025,2020-10-25,298,10,0.0,2020,"{""type"":""MultiPoint"",""coordinates"":[]}"
20201026,2020-10-26,299,10,0.07655281181452557,2020,"{""type"":""MultiPoint"",""coordinates"":[]}"
20201027,2020-10-27,300,10,0.5620393033389716,2020,"{""type"":""MultiPoint"",""coordinates"":[]}"
20201028,2020-10-28,301,10,0.008482926771656022,2020,"{""type"":""MultiPoint"",""coordinates"":[]}"
20201029,2020-10-29,302,10,0.0,2020,"{""type"":""MultiPoint"",""coordinates"":[]}"
20201030,2020-10-30,303,10,0.44207809873738363,2020,"{""type"":""MultiPoint"",""coordinates"":[]}"
20201031,2020-10-31,304,10,1.292000965296242,2020,"{""type"":""MultiPoint"",""coordinates"":[]}"
20201101,2020-11-01,305,11,0.0,2020,"{""type"":""MultiPoint"",""coordinates"":[]}"
20201102,2020-11-02,306,11,0.0822126805180251,2020,"{""type"":""MultiPoint"",""coordinates"":[]}"
20201103,2020-11-03,307,11,0.0,2020,"{""type"":""MultiPoint"",""coordinates"":[]}"
20201104,2020-11-04,308,11,0.0,2020,"{""type"":""MultiPoint"",""coordinates"":[]}"
20201105,2020-11-05,309,11,0.0,2020,"{""type"":""MultiPoint"",""coordinates"":[]}"
20201106,2020-11-06,310,11,0.0,2020,"{""type"":""MultiPoint"",""coordinates"":[]}"
20201107,2020-11-07,311,11,0.0,2020,"{""type"":""MultiPoint"",""coordinates"":[]}"
20201108,2020-11-08,312,11,0.0,2020,"{""type"":""MultiPoint"",""coordinates"":[]}"
20201109,2020-11-09,313,11,0.0,2020,"{""type"":""MultiPoint"",""coordinates"":[]}"
20201110,2020-11-10,314,11,0.0,2020,"{""type"":""MultiPoint"",""coordinates"":[]}"
20201111,2020-11-11,315,11,0.0,2020,"{""type"":""MultiPoint"",""coordinates"":[]}"
20201112,2020-11-12,316,11,0.0,2020,"{""type"":""MultiPoint"",""coordinates"":[]}"
20201113,2020-11-13,317,11,0.0,2020,"{""type"":""MultiPoint"",""coordinates"":[]}"
20201114,2020-11-14,318,11,0.0,2020,"{""type"":""MultiPoint"",""coordinates"":[]}"
20201115,2020-11-15,319,11,0.0,2020,"{""type"":""MultiPoint"",""coordinates"":[]}"
20201116,2020-11-16,320,11,0.0,2020,"{""type"":""MultiPoint"",""coordinates"":[]}"
20201117,2020-11-17,321,11,0.0,2020,"{""type"":""MultiPoint"",""coordinates"":[]}"
20201118,2020-11-18,322,11,0.0,2020,"{""type"":""MultiPoint"",""coordinates"":[]}"
20201119,2020-11-19,323,11,0.0,2020,"{""type"":""MultiPoint"",""coordinates"":[]}"
20201120,2020-11-20,324,11,0.0,2020,"{""type"":""MultiPoint"",""coordinates"":[]}"
20201121,2020-11-21,325,11,8.50977268196151E-5,2020,"{""type"":""MultiPoint"",""coordinates"":[]}"
20201122,2020-11-22,326,11,0.0,2020,"{""type"":""MultiPoint"",""coordinates"":[]}"
20201123,2020-11-23,327,11,0.0,2020,"{""type"":""MultiPoint"",""coordinates"":[]}"
20201124,2020-11-24,328,11,0.0,2020,"{""type"":""MultiPoint"",""coordinates"":[]}"
20201125,2020-11-25,329,11,0.0,2020,"{""type"":""MultiPoint"",""coordinates"":[]}"
20201126,2020-11-26,330,11,0.0,2020,"{""type"":""MultiPoint"",""coordinates"":[]}"
20201127,2020-11-27,331,11,0.0,2020,"{""type"":""MultiPoint"",""coordinates"":[]}"
20201128,2020-11-28,332,11,0.0,2020,"{""type"":""MultiPoint"",""coordinates"":[]}"
20201129,2020-11-29,333,11,0.0,2020,"{""type"":""MultiPoint"",""coordinates"":[]}"
20201130,2020-11-30,334,11,0.0,2020,"{""type"":""MultiPoint"",""coordinates"":[]}"
20201201,2020-12-01,335,12,0.0,2020,"{""type"":""MultiPoint"",""coordinates"":[]}"
20201202,2020-12-02,336,12,0.0,2020,"{""type"":""MultiPoint"",""coordinates"":[]}"
20201203,2020-12-03,337,12,0.0,2020,"{""type"":""MultiPoint"",""coordinates"":[]}"
20201204,2020-12-04,338,12,0.0,2020,"{""type"":""MultiPoint"",""coordinates"":[]}"
20201205,2020-12-05,339,12,0.0,2020,"{""type"":""MultiPoint"",""coordinates"":[]}"
20201206,2020-12-06,340,12,0.0,2020,"{""type"":""MultiPoint"",""coordinates"":[]}"
20201207,2020-12-07,341,12,0.0,2020,"{""type"":""MultiPoint"",""coordinates"":[]}"
20201208,2020-12-08,342,12,0.0,2020,"{""type"":""MultiPoint"",""coordinates"":[]}"
20201209,2020-12-09,343,12,0.0,2020,"{""type"":""MultiPoint"",""coordinates"":[]}"
20201210,2020-12-10,344,12,0.0,2020,"{""type"":""MultiPoint"",""coordinates"":[]}"
20201211,2020-12-11,345,12,0.0,2020,"{""type"":""MultiPoint"",""coordinates"":[]}"
20201212,2020-12-12,346,12,0.0,2020,"{""type"":""MultiPoint"",""coordinates"":[]}"
20201213,2020-12-13,347,12,0.0,2020,"{""type"":""MultiPoint"",""coordinates"":[]}"
20201214,2020-12-14,348,12,0.0,2020,"{""type"":""MultiPoint"",""coordinates"":[]}"
20201215,2020-12-15,349,12,0.0,2020,"{""type"":""MultiPoint"",""coordinates"":[]}"
20201216,2020-12-16,350,12,0.0,2020,"{""type"":""MultiPoint"",""coordinates"":[]}"
20201217,2020-12-17,351,12,0.0,2020,"{""type"":""MultiPoint"",""coordinates"":[]}"
20201218,2020-12-18,352,12,0.0,2020,"{""type"":""MultiPoint"",""coordinates"":[]}"
20201219,2020-12-19,353,12,0.0,2020,"{""type"":""MultiPoint"",""coordinates"":[]}"
20201220,2020-12-20,354,12,0.0,2020,"{""type"":""MultiPoint"",""coordinates"":[]}"
20201221,2020-12-21,355,12,0.0,2020,"{""type"":""MultiPoint"",""coordinates"":[]}"
20201222,2020-12-22,356,12,0.0,2020,"{""type"":""MultiPoint"",""coordinates"":[]}"
20201223,2020-12-23,357,12,0.0,2020,"{""type"":""MultiPoint"",""coordinates"":[]}"
20201224,2020-12-24,358,12,0.0,2020,"{""type"":""MultiPoint"",""coordinates"":[]}"
20201225,2020-12-25,359,12,0.0,2020,"{""type"":""MultiPoint"",""coordinates"":[]}"
20201226,2020-12-26,360,12,0.0,2020,"{""type"":""MultiPoint"",""coordinates"":[]}"
20201227,2020-12-27,361,12,0.0,2020,"{""type"":""MultiPoint"",""coordinates"":[]}"
20201228,2020-12-28,362,12,0.0,2020,"{""type"":""MultiPoint"",""coordinates"":[]}"
20201229,2020-12-29,363,12,0.0,2020,"{""type"":""MultiPoint"",""coordinates"":[]}"
20201230,2020-12-30,364,12,0.0,2020,"{""type"":""MultiPoint"",""coordinates"":[]}"
20201231,2020-12-31,365,12,0.0,2020,"{""type"":""MultiPoint"",""coordinates"":[]}"
20210101,2021-01-01,0,1,0.0,2021,"{""type"":""MultiPoint"",""coordinates"":[]}"
20210102,2021-01-02,1,1,0.0,2021,"{""type"":""MultiPoint"",""coordinates"":[]}"
20210103,2021-01-03,2,1,0.0,2021,"{""type"":""MultiPoint"",""coordinates"":[]}"
20210104,2021-01-04,3,1,0.0,2021,"{""type"":""MultiPoint"",""coordinates"":[]}"
20210105,2021-01-05,4,1,0.0,2021,"{""type"":""MultiPoint"",""coordinates"":[]}"
20210106,2021-01-06,5,1,0.0,2021,"{""type"":""MultiPoint"",""coordinates"":[]}"
20210107,2021-01-07,6,1,0.0,2021,"{""type"":""MultiPoint"",""coordinates"":[]}"
20210108,2021-01-08,7,1,0.0,2021,"{""type"":""MultiPoint"",""coordinates"":[]}"
20210109,2021-01-09,8,1,0.0,2021,"{""type"":""MultiPoint"",""coordinates"":[]}"
20210110,2021-01-10,9,1,0.0,2021,"{""type"":""MultiPoint"",""coordinates"":[]}"
20210111,2021-01-11,10,1,0.0,2021,"{""type"":""MultiPoint"",""coordinates"":[]}"
20210112,2021-01-12,11,1,0.0,2021,"{""type"":""MultiPoint"",""coordinates"":[]}"
20210113,2021-01-13,12,1,0.0,2021,"{""type"":""MultiPoint"",""coordinates"":[]}"
20210114,2021-01-14,13,1,0.0,2021,"{""type"":""MultiPoint"",""coordinates"":[]}"
20210115,2021-01-15,14,1,0.0,2021,"{""type"":""MultiPoint"",""coordinates"":[]}"
20210116,2021-01-16,15,1,0.0,2021,"{""type"":""MultiPoint"",""coordinates"":[]}"
20210117,2021-01-17,16,1,0.0,2021,"{""type"":""MultiPoint"",""coordinates"":[]}"
20210118,2021-01-18,17,1,0.0,2021,"{""type"":""MultiPoint"",""coordinates"":[]}"
20210119,2021-01-19,18,1,0.0,2021,"{""type"":""MultiPoint"",""coordinates"":[]}"
20210120,2021-01-20,19,1,0.0,2021,"{""type"":""MultiPoint"",""coordinates"":[]}"
20210121,2021-01-21,20,1,0.0,2021,"{""type"":""MultiPoint"",""coordinates"":[]}"
20210122,2021-01-22,21,1,0.0,2021,"{""type"":""MultiPoint"",""coordinates"":[]}"
20210123,2021-01-23,22,1,0.0,2021,"{""type"":""MultiPoint"",""coordinates"":[]}"
20210124,2021-01-24,23,1,0.0,2021,"{""type"":""MultiPoint"",""coordinates"":[]}"
20210125,2021-01-25,24,1,0.0,2021,"{""type"":""MultiPoint"",""coordinates"":[]}"
20210126,2021-01-26,25,1,0.0,2021,"{""type"":""MultiPoint"",""coordinates"":[]}"
20210127,2021-01-27,26,1,0.0,2021,"{""type"":""MultiPoint"",""coordinates"":[]}"
20210128,2021-01-28,27,1,0.0,2021,"{""type"":""MultiPoint"",""coordinates"":[]}"
20210129,2021-01-29,28,1,0.0,2021,"{""type"":""MultiPoint"",""coordinates"":[]}"
20210130,2021-01-30,29,1,0.0,2021,"{""type"":""MultiPoint"",""coordinates"":[]}"
20210131,2021-01-31,30,1,0.0,2021,"{""type"":""MultiPoint"",""coordinates"":[]}"
20210201,2021-02-01,31,2,0.0,2021,"{""type"":""MultiPoint"",""coordinates"":[]}"
20210202,2021-02-02,32,2,0.0,2021,"{""type"":""MultiPoint"",""coordinates"":[]}"
20210203,2021-02-03,33,2,0.0,2021,"{""type"":""MultiPoint"",""coordinates"":[]}"
20210204,2021-02-04,34,2,0.0,2021,"{""type"":""MultiPoint"",""coordinates"":[]}"
20210205,2021-02-05,35,2,0.0,2021,"{""type"":""MultiPoint"",""coordinates"":[]}"
20210206,2021-02-06,36,2,0.0,2021,"{""type"":""MultiPoint"",""coordinates"":[]}"
20210207,2021-02-07,37,2,0.0,2021,"{""type"":""MultiPoint"",""coordinates"":[]}"
20210208,2021-02-08,38,2,0.0,2021,"{""type"":""MultiPoint"",""coordinates"":[]}"
20210209,2021-02-09,39,2,0.0,2021,"{""type"":""MultiPoint"",""coordinates"":[]}"
20210210,2021-02-10,40,2,0.0,2021,"{""type"":""MultiPoint"",""coordinates"":[]}"
20210211,2021-02-11,41,2,0.0,2021,"{""type"":""MultiPoint"",""coordinates"":[]}"
20210212,2021-02-12,42,2,0.0,2021,"{""type"":""MultiPoint"",""coordinates"":[]}"
20210213,2021-02-13,43,2,0.0,2021,"{""type"":""MultiPoint"",""coordinates"":[]}"
20210214,2021-02-14,44,2,0.0,2021,"{""type"":""MultiPoint"",""coordinates"":[]}"
20210215,2021-02-15,45,2,0.0,2021,"{""type"":""MultiPoint"",""coordinates"":[]}"
20210216,2021-02-16,46,2,0.0,2021,"{""type"":""MultiPoint"",""coordinates"":[]}"
20210217,2021-02-17,47,2,0.0,2021,"{""type"":""MultiPoint"",""coordinates"":[]}"
20210218,2021-02-18,48,2,0.0,2021,"{""type"":""MultiPoint"",""coordinates"":[]}"
20210219,2021-02-19,49,2,0.0,2021,"{""type"":""MultiPoint"",""coordinates"":[]}"
20210220,2021-02-20,50,2,0.0,2021,"{""type"":""MultiPoint"",""coordinates"":[]}"
20210221,2021-02-21,51,2,0.0,2021,"{""type"":""MultiPoint"",""coordinates"":[]}"
20210222,2021-02-22,52,2,0.0,2021,"{""type"":""MultiPoint"",""coordinates"":[]}"
20210223,2021-02-23,53,2,0.0,2021,"{""type"":""MultiPoint"",""coordinates"":[]}"
20210224,2021-02-24,54,2,0.0,2021,"{""type"":""MultiPoint"",""coordinates"":[]}"
20210225,2021-02-25,55,2,0.0,2021,"{""type"":""MultiPoint"",""coordinates"":[]}"
20210226,2021-02-26,56,2,0.0,2021,"{""type"":""MultiPoint"",""coordinates"":[]}"
20210227,2021-02-27,57,2,0.0,2021,"{""type"":""MultiPoint"",""coordinates"":[]}"
20210228,2021-02-28,58,2,0.0,2021,"{""type"":""MultiPoint"",""coordinates"":[]}"
20210301,2021-03-01,59,3,0.0,2021,"{""type"":""MultiPoint"",""coordinates"":[]}"
20210302,2021-03-02,60,3,0.0,2021,"{""type"":""MultiPoint"",""coordinates"":[]}"
20210303,2021-03-03,61,3,0.0,2021,"{""type"":""MultiPoint"",""coordinates"":[]}"
20210304,2021-03-04,62,3,0.0,2021,"{""type"":""MultiPoint"",""coordinates"":[]}"
20210305,2021-03-05,63,3,0.0,2021,"{""type"":""MultiPoint"",""coordinates"":[]}"
20210306,2021-03-06,64,3,0.0,2021,"{""type"":""MultiPoint"",""coordinates"":[]}"
20210307,2021-03-07,65,3,0.0,2021,"{""type"":""MultiPoint"",""coordinates"":[]}"
20210308,2021-03-08,66,3,0.0,2021,"{""type"":""MultiPoint"",""coordinates"":[]}"
20210309,2021-03-09,67,3,0.0,2021,"{""type"":""MultiPoint"",""coordinates"":[]}"
20210310,2021-03-10,68,3,0.0,2021,"{""type"":""MultiPoint"",""coordinates"":[]}"
20210311,2021-03-11,69,3,0.0,2021,"{""type"":""MultiPoint"",""coordinates"":[]}"
20210312,2021-03-12,70,3,0.0,2021,"{""type"":""MultiPoint"",""coordinates"":[]}"
20210313,2021-03-13,71,3,0.0,2021,"{""type"":""MultiPoint"",""coordinates"":[]}"
20210314,2021-03-14,72,3,0.0,2021,"{""type"":""MultiPoint"",""coordinates"":[]}"
20210315,2021-03-15,73,3,0.0,2021,"{""type"":""MultiPoint"",""coordinates"":[]}"
20210316,2021-03-16,74,3,0.0,2021,"{""type"":""MultiPoint"",""coordinates"":[]}"
20210317,2021-03-17,75,3,0.043044221740024924,2021,"{""type"":""MultiPoint"",""coordinates"":[]}"
20210318,2021-03-18,76,3,0.0,2021,"{""type"":""MultiPoint"",""coordinates"":[]}"
20210319,2021-03-19,77,3,0.0,2021,"{""type"":""MultiPoint"",""coordinates"":[]}"
20210320,2021-03-20,78,3,0.04959703063724017,2021,"{""type"":""MultiPoint"",""coordinates"":[]}"
20210321,2021-03-21,79,3,0.06046681041456869,2021,"{""type"":""MultiPoint"",""coordinates"":[]}"
20210322,2021-03-22,80,3,0.014037785506007648,2021,"{""type"":""MultiPoint"",""coordinates"":[]}"
20210323,2021-03-23,81,3,0.0,2021,"{""type"":""MultiPoint"",""coordinates"":[]}"
20210324,2021-03-24,82,3,0.029511492059688376,2021,"{""type"":""MultiPoint"",""coordinates"":[]}"
20210325,2021-03-25,83,3,0.0,2021,"{""type"":""MultiPoint"",""coordinates"":[]}"
20210326,2021-03-26,84,3,0.0,2021,"{""type"":""MultiPoint"",""coordinates"":[]}"
20210327,2021-03-27,85,3,0.0,2021,"{""type"":""MultiPoint"",""coordinates"":[]}"
20210328,2021-03-28,86,3,0.0,2021,"{""type"":""MultiPoint"",""coordinates"":[]}"
20210329,2021-03-29,87,3,0.0,2021,"{""type"":""MultiPoint"",""coordinates"":[]}"
20210330,2021-03-30,88,3,0.0,2021,"{""type"":""MultiPoint"",""coordinates"":[]}"
20210331,2021-03-31,89,3,0.0,2021,"{""type"":""MultiPoint"",""coordinates"":[]}"
20210401,2021-04-01,90,4,0.0,2021,"{""type"":""MultiPoint"",""coordinates"":[]}"
20210402,2021-04-02,91,4,0.0,2021,"{""type"":""MultiPoint"",""coordinates"":[]}"
20210403,2021-04-03,92,4,0.0,2021,"{""type"":""MultiPoint"",""coordinates"":[]}"
20210404,2021-04-04,93,4,0.0,2021,"{""type"":""MultiPoint"",""coordinates"":[]}"
20210405,2021-04-05,94,4,0.0,2021,"{""type"":""MultiPoint"",""coordinates"":[]}"
20210406,2021-04-06,95,4,0.0,2021,"{""type"":""MultiPoint"",""coordinates"":[]}"
20210407,2021-04-07,96,4,0.0,2021,"{""type"":""MultiPoint"",""coordinates"":[]}"
20210408,2021-04-08,97,4,0.0,2021,"{""type"":""MultiPoint"",""coordinates"":[]}"
20210409,2021-04-09,98,4,0.0,2021,"{""type"":""MultiPoint"",""coordinates"":[]}"
20210410,2021-04-10,99,4,0.10074110322953403,2021,"{""type"":""MultiPoint"",""coordinates"":[]}"
20210411,2021-04-11,100,4,0.0,2021,"{""type"":""MultiPoint"",""coordinates"":[]}"
20210412,2021-04-12,101,4,0.0,2021,"{""type"":""MultiPoint"",""coordinates"":[]}"
20210413,2021-04-13,102,4,0.12557698620690239,2021,"{""type"":""MultiPoint"",""coordinates"":[]}"
20210414,2021-04-14,103,4,0.08901799126506253,2021,"{""type"":""MultiPoint"",""coordinates"":[]}"
20210415,2021-04-15,104,4,0.0,2021,"{""type"":""MultiPoint"",""coordinates"":[]}"
20210416,2021-04-16,105,4,0.0,2021,"{""type"":""MultiPoint"",""coordinates"":[]}"
20210417,2021-04-17,106,4,0.0,2021,"{""type"":""MultiPoint"",""coordinates"":[]}"
20210418,2021-04-18,107,4,0.020646661218970713,2021,"{""type"":""MultiPoint"",""coordinates"":[]}"
20210419,2021-04-19,108,4,0.0,2021,"{""type"":""MultiPoint"",""coordinates"":[]}"
20210420,2021-04-20,109,4,0.0,2021,"{""type"":""MultiPoint"",""coordinates"":[]}"
20210421,2021-04-21,110,4,0.0,2021,"{""type"":""MultiPoint"",""coordinates"":[]}"
20210422,2021-04-22,111,4,0.9834447827615888,2021,"{""type"":""MultiPoint"",""coordinates"":[]}"
20210423,2021-04-23,112,4,0.0014813869016952952,2021,"{""type"":""MultiPoint"",""coordinates"":[]}"
20210424,2021-04-24,113,4,0.4050853806312638,2021,"{""type"":""MultiPoint"",""coordinates"":[]}"
20210425,2021-04-25,114,4,0.047901796737409484,2021,"{""type"":""MultiPoint"",""coordinates"":[]}"
20210426,2021-04-26,115,4,0.0,2021,"{""type"":""MultiPoint"",""coordinates"":[]}"
20210427,2021-04-27,116,4,0.0,2021,"{""type"":""MultiPoint"",""coordinates"":[]}"
20210428,2021-04-28,117,4,0.0,2021,"{""type"":""MultiPoint"",""coordinates"":[]}"
20210429,2021-04-29,118,4,0.0,2021,"{""type"":""MultiPoint"",""coordinates"":[]}"
20210430,2021-04-30,119,4,0.0,2021,"{""type"":""MultiPoint"",""coordinates"":[]}"
20210501,2021-05-01,120,5,0.0,2021,"{""type"":""MultiPoint"",""coordinates"":[]}"
20210502,2021-05-02,121,5,0.0,2021,"{""type"":""MultiPoint"",""coordinates"":[]}"
20210503,2021-05-03,122,5,0.0,2021,"{""type"":""MultiPoint"",""coordinates"":[]}"
20210504,2021-05-04,123,5,0.0,2021,"{""type"":""MultiPoint"",""coordinates"":[]}"
20210505,2021-05-05,124,5,0.0,2021,"{""type"":""MultiPoint"",""coordinates"":[]}"
20210506,2021-05-06,125,5,6.414175603809534,2021,"{""type"":""MultiPoint"",""coordinates"":[]}"
20210507,2021-05-07,126,5,0.6573511899686327,2021,"{""type"":""MultiPoint"",""coordinates"":[]}"
20210508,2021-05-08,127,5,0.0,2021,"{""type"":""MultiPoint"",""coordinates"":[]}"
20210509,2021-05-09,128,5,0.0,2021,"{""type"":""MultiPoint"",""coordinates"":[]}"
20210510,2021-05-10,129,5,1.976005027685621,2021,"{""type"":""MultiPoint"",""coordinates"":[]}"
20210511,2021-05-11,130,5,1.9097779837663302,2021,"{""type"":""MultiPoint"",""coordinates"":[]}"
20210512,2021-05-12,131,5,0.0,2021,"{""type"":""MultiPoint"",""coordinates"":[]}"
20210513,2021-05-13,132,5,2.3491597097447467,2021,"{""type"":""MultiPoint"",""coordinates"":[]}"
20210514,2021-05-14,133,5,0.0,2021,"{""type"":""MultiPoint"",""coordinates"":[]}"
20210515,2021-05-15,134,5,4.64737025195477,2021,"{""type"":""MultiPoint"",""coordinates"":[]}"
20210516,2021-05-16,135,5,1.578620286005798,2021,"{""type"":""MultiPoint"",""coordinates"":[]}"
20210517,2021-05-17,136,5,2.095125108597231,2021,"{""type"":""MultiPoint"",""coordinates"":[]}"
20210518,2021-05-18,137,5,1.9892157284805954,2021,"{""type"":""MultiPoint"",""coordinates"":[]}"
20210519,2021-05-19,138,5,0.41151276891315114,2021,"{""type"":""MultiPoint"",""coordinates"":[]}"
20210520,2021-05-20,139,5,0.3434129510215779,2021,"{""type"":""MultiPoint"",""coordinates"":[]}"
20210521,2021-05-21,140,5,1.9409554467434502,2021,"{""type"":""MultiPoint"",""coordinates"":[]}"
20210522,2021-05-22,141,5,0.0,2021,"{""type"":""MultiPoint"",""coordinates"":[]}"
20210523,2021-05-23,142,5,0.0,2021,"{""type"":""MultiPoint"",""coordinates"":[]}"
20210524,2021-05-24,143,5,0.0,2021,"{""type"":""MultiPoint"",""coordinates"":[]}"
20210525,2021-05-25,144,5,0.0,2021,"{""type"":""MultiPoint"",""coordinates"":[]}"
20210526,2021-05-26,145,5,0.0,2021,"{""type"":""MultiPoint"",""coordinates"":[]}"
20210527,2021-05-27,146,5,0.0,2021,"{""type"":""MultiPoint"",""coordinates"":[]}"
20210528,2021-05-28,147,5,0.0,2021,"{""type"":""MultiPoint"",""coordinates"":[]}"
20210529,2021-05-29,148,5,0.0,2021,"{""type"":""MultiPoint"",""coordinates"":[]}"
20210530,2021-05-30,149,5,1.5434480624332076,2021,"{""type"":""MultiPoint"",""coordinates"":[]}"
20210531,2021-05-31,150,5,0.15171476467266298,2021,"{""type"":""MultiPoint"",""coordinates"":[]}"
20210601,2021-06-01,151,6,4.33135098895358,2021,"{""type"":""MultiPoint"",""coordinates"":[]}"
20210602,2021-06-02,152,6,0.05687802969807326,2021,"{""type"":""MultiPoint"",""coordinates"":[]}"
20210603,2021-06-03,153,6,0.0,2021,"{""type"":""MultiPoint"",""coordinates"":[]}"
20210604,2021-06-04,154,6,12.694110671561125,2021,"{""type"":""MultiPoint"",""coordinates"":[]}"
20210605,2021-06-05,155,6,0.0,2021,"{""type"":""MultiPoint"",""coordinates"":[]}"
20210606,2021-06-06,156,6,0.0,2021,"{""type"":""MultiPoint"",""coordinates"":[]}"
20210607,2021-06-07,157,6,3.5763745671523686,2021,"{""type"":""MultiPoint"",""coordinates"":[]}"
20210608,2021-06-08,158,6,0.0,2021,"{""type"":""MultiPoint"",""coordinates"":[]}"
20210609,2021-06-09,159,6,0.0,2021,"{""type"":""MultiPoint"",""coordinates"":[]}"
20210610,2021-06-10,160,6,0.17518057004369872,2021,"{""type"":""MultiPoint"",""coordinates"":[]}"
20210611,2021-06-11,161,6,0.0,2021,"{""type"":""MultiPoint"",""coordinates"":[]}"
20210612,2021-06-12,162,6,12.756324601848663,2021,"{""type"":""MultiPoint"",""coordinates"":[]}"
20210613,2021-06-13,163,6,0.9414549782432455,2021,"{""type"":""MultiPoint"",""coordinates"":[]}"
20210614,2021-06-14,164,6,0.0,2021,"{""type"":""MultiPoint"",""coordinates"":[]}"
20210615,2021-06-15,165,6,8.0878242697898,2021,"{""type"":""MultiPoint"",""coordinates"":[]}"
20210616,2021-06-16,166,6,1.1653098282093435,2021,"{""type"":""MultiPoint"",""coordinates"":[]}"
20210617,2021-06-17,167,6,2.0262988010097858,2021,"{""type"":""MultiPoint"",""coordinates"":[]}"
20210618,2021-06-18,168,6,0.1787352839137663,2021,"{""type"":""MultiPoint"",""coordinates"":[]}"
20210619,2021-06-19,169,6,0.0,2021,"{""type"":""MultiPoint"",""coordinates"":[]}"
20210620,2021-06-20,170,6,3.4291676679066465,2021,"{""type"":""MultiPoint"",""coordinates"":[]}"
20210621,2021-06-21,171,6,5.144185300202954,2021,"{""type"":""MultiPoint"",""coordinates"":[]}"
20210622,2021-06-22,172,6,2.1102010132794713,2021,"{""type"":""MultiPoint"",""coordinates"":[]}"
20210623,2021-06-23,173,6,5.689495397667103,2021,"{""type"":""MultiPoint"",""coordinates"":[]}"
20210624,2021-06-24,174,6,0.0,2021,"{""type"":""MultiPoint"",""coordinates"":[]}"
20210625,2021-06-25,175,6,6.092553232608158,2021,"{""type"":""MultiPoint"",""coordinates"":[]}"
20210626,2021-06-26,176,6,7.666566971482133,2021,"{""type"":""MultiPoint"",""coordinates"":[]}"
20210627,2021-06-27,177,6,8.143183197826886,2021,"{""type"":""MultiPoint"",""coordinates"":[]}"
20210628,2021-06-28,178,6,7.450262327717422E-4,2021,"{""type"":""MultiPoint"",""coordinates"":[]}"
20210629,2021-06-29,179,6,0.6464312366505239,2021,"{""type"":""MultiPoint"",""coordinates"":[]}"
20210630,2021-06-30,180,6,0.05151589380960508,2021,"{""type"":""MultiPoint"",""coordinates"":[]}"
20210701,2021-07-01,181,7,0.0,2021,"{""type"":""MultiPoint"",""coordinates"":[]}"
20210702,2021-07-02,182,7,10.750492105391457,2021,"{""type"":""MultiPoint"",""coordinates"":[]}"
20210703,2021-07-03,183,7,0.0,2021,"{""type"":""MultiPoint"",""coordinates"":[]}"
20210704,2021-07-04,184,7,3.171918756396588,2021,"{""type"":""MultiPoint"",""coordinates"":[]}"
20210705,2021-07-05,185,7,2.738252681041618,2021,"{""type"":""MultiPoint"",""coordinates"":[]}"
20210706,2021-07-06,186,7,0.0,2021,"{""type"":""MultiPoint"",""coordinates"":[]}"
20210707,2021-07-07,187,7,10.685799982411291,2021,"{""type"":""MultiPoint"",""coordinates"":[]}"
20210708,2021-07-08,188,7,7.8787803612125575,2021,"{""type"":""MultiPoint"",""coordinates"":[]}"
20210709,2021-07-09,189,7,0.37293934647365,2021,"{""type"":""MultiPoint"",""coordinates"":[]}"
20210710,2021-07-10,190,7,0.0,2021,"{""type"":""MultiPoint"",""coordinates"":[]}"
20210711,2021-07-11,191,7,13.919740835164507,2021,"{""type"":""MultiPoint"",""coordinates"":[]}"
20210712,2021-07-12,192,7,6.875424663579966,2021,"{""type"":""MultiPoint"",""coordinates"":[]}"
20210713,2021-07-13,193,7,0.0,2021,"{""type"":""MultiPoint"",""coordinates"":[]}"
20210714,2021-07-14,194,7,8.328875508726789,2021,"{""type"":""MultiPoint"",""coordinates"":[]}"
20210715,2021-07-15,195,7,0.0,2021,"{""type"":""MultiPoint"",""coordinates"":[]}"
20210716,2021-07-16,196,7,0.4226141485938414,2021,"{""type"":""MultiPoint"",""coordinates"":[]}"
20210717,2021-07-17,197,7,3.223785144972503,2021,"{""type"":""MultiPoint"",""coordinates"":[]}"
20210718,2021-07-18,198,7,2.095760647153637,2021,"{""type"":""MultiPoint"",""coordinates"":[]}"
20210719,2021-07-19,199,7,8.260973039960644,2021,"{""type"":""MultiPoint"",""coordinates"":[]}"
20210720,2021-07-20,200,7,4.214413196456434,2021,"{""type"":""MultiPoint"",""coordinates"":[]}"
20210721,2021-07-21,201,7,5.1543676734655355,2021,"{""type"":""MultiPoint"",""coordinates"":[]}"
20210722,2021-07-22,202,7,7.992906375506487,2021,"{""type"":""MultiPoint"",""coordinates"":[]}"
20210723,2021-07-23,203,7,0.0,2021,"{""type"":""MultiPoint"",""coordinates"":[]}"
20210724,2021-07-24,204,7,0.0,2021,"{""type"":""MultiPoint"",""coordinates"":[]}"
20210725,2021-07-25,205,7,18.139016412276757,2021,"{""type"":""MultiPoint"",""coordinates"":[]}"
20210726,2021-07-26,206,7,5.827482591739714,2021,"{""type"":""MultiPoint"",""coordinates"":[]}"
20210727,2021-07-27,207,7,6.255885938012405,2021,"{""type"":""MultiPoint"",""coordinates"":[]}"
20210728,2021-07-28,208,7,1.4635716357734516,2021,"{""type"":""MultiPoint"",""coordinates"":[]}"
20210729,2021-07-29,209,7,7.149411413688003,2021,"{""type"":""MultiPoint"",""coordinates"":[]}"
20210730,2021-07-30,210,7,2.377662177368258,2021,"{""type"":""MultiPoint"",""coordinates"":[]}"
20210731,2021-07-31,211,7,8.768972909764548,2021,"{""type"":""MultiPoint"",""coordinates"":[]}"
20210801,2021-08-01,212,8,0.030917295301803434,2021,"{""type"":""MultiPoint"",""coordinates"":[]}"
20210802,2021-08-02,213,8,0.0,2021,"{""type"":""MultiPoint"",""coordinates"":[]}"
20210803,2021-08-03,214,8,0.0,2021,"{""type"":""MultiPoint"",""coordinates"":[]}"
20210804,2021-08-04,215,8,0.053926670190059776,2021,"{""type"":""MultiPoint"",""coordinates"":[]}"
20210805,2021-08-05,216,8,9.12478611988227,2021,"{""type"":""MultiPoint"",""coordinates"":[]}"
20210806,2021-08-06,217,8,18.0518715254598,2021,"{""type"":""MultiPoint"",""coordinates"":[]}"
20210807,2021-08-07,218,8,2.317096356236833,2021,"{""type"":""MultiPoint"",""coordinates"":[]}"
20210808,2021-08-08,219,8,0.18093368501374216,2021,"{""type"":""MultiPoint"",""coordinates"":[]}"
20210809,2021-08-09,220,8,1.8308438977101549,2021,"{""type"":""MultiPoint"",""coordinates"":[]}"
20210810,2021-08-10,221,8,6.441967194234765,2021,"{""type"":""MultiPoint"",""coordinates"":[]}"
20210811,2021-08-11,222,8,10.944546292668216,2021,"{""type"":""MultiPoint"",""coordinates"":[]}"
20210812,2021-08-12,223,8,10.677492828977343,2021,"{""type"":""MultiPoint"",""coordinates"":[]}"
20210813,2021-08-13,224,8,3.9970890006633715,2021,"{""type"":""MultiPoint"",""coordinates"":[]}"
20210814,2021-08-14,225,8,8.360180122967073,2021,"{""type"":""MultiPoint"",""coordinates"":[]}"
20210815,2021-08-15,226,8,5.736885198391789,2021,"{""type"":""MultiPoint"",""coordinates"":[]}"
20210816,2021-08-16,227,8,17.205008361712146,2021,"{""type"":""MultiPoint"",""coordinates"":[]}"
20210817,2021-08-17,228,8,2.98719223023972,2021,"{""type"":""MultiPoint"",""coordinates"":[]}"
20210818,2021-08-18,229,8,15.263290962669537,2021,"{""type"":""MultiPoint"",""coordinates"":[]}"
20210819,2021-08-19,230,8,11.32149020967731,2021,"{""type"":""MultiPoint"",""coordinates"":[]}"
20210820,2021-08-20,231,8,9.675493939320955,2021,"{""type"":""MultiPoint"",""coordinates"":[]}"
20210821,2021-08-21,232,8,0.18002648069306537,2021,"{""type"":""MultiPoint"",""coordinates"":[]}"
20210822,2021-08-22,233,8,10.538987102497213,2021,"{""type"":""MultiPoint"",""coordinates"":[]}"
20210823,2021-08-23,234,8,7.668837452293693,2021,"{""type"":""MultiPoint"",""coordinates"":[]}"
20210824,2021-08-24,235,8,0.7455183681957224,2021,"{""type"":""MultiPoint"",""coordinates"":[]}"
20210825,2021-08-25,236,8,9.192510061345258,2021,"{""type"":""MultiPoint"",""coordinates"":[]}"
20210826,2021-08-26,237,8,1.3846700608458795,2021,"{""type"":""MultiPoint"",""coordinates"":[]}"
20210827,2021-08-27,238,8,2.600500461724187,2021,"{""type"":""MultiPoint"",""coordinates"":[]}"
20210828,2021-08-28,239,8,13.54066886796081,2021,"{""type"":""MultiPoint"",""coordinates"":[]}"
20210829,2021-08-29,240,8,0.0,2021,"{""type"":""MultiPoint"",""coordinates"":[]}"
20210830,2021-08-30,241,8,9.176365377124313,2021,"{""type"":""MultiPoint"",""coordinates"":[]}"
20210831,2021-08-31,242,8,0.0,2021,"{""type"":""MultiPoint"",""coordinates"":[]}"
20210901,2021-09-01,243,9,0.0,2021,"{""type"":""MultiPoint"",""coordinates"":[]}"
20210902,2021-09-02,244,9,4.54263522091845,2021,"{""type"":""MultiPoint"",""coordinates"":[]}"
20210903,2021-09-03,245,9,0.834669231164335,2021,"{""type"":""MultiPoint"",""coordinates"":[]}"
20210904,2021-09-04,246,9,10.893031773460478,2021,"{""type"":""MultiPoint"",""coordinates"":[]}"
20210905,2021-09-05,247,9,1.8600987438920418,2021,"{""type"":""MultiPoint"",""coordinates"":[]}"
20210906,2021-09-06,248,9,0.9599077620820778,2021,"{""type"":""MultiPoint"",""coordinates"":[]}"
20210907,2021-09-07,249,9,0.0,2021,"{""type"":""MultiPoint"",""coordinates"":[]}"
20210908,2021-09-08,250,9,0.0,2021,"{""type"":""MultiPoint"",""coordinates"":[]}"
20210909,2021-09-09,251,9,4.947445909158621,2021,"{""type"":""MultiPoint"",""coordinates"":[]}"
20210910,2021-09-10,252,9,8.118697099955773,2021,"{""type"":""MultiPoint"",""coordinates"":[]}"
20210911,2021-09-11,253,9,1.6724049018902172,2021,"{""type"":""MultiPoint"",""coordinates"":[]}"
20210912,2021-09-12,254,9,0.0,2021,"{""type"":""MultiPoint"",""coordinates"":[]}"
20210913,2021-09-13,255,9,7.697340654934909,2021,"{""type"":""MultiPoint"",""coordinates"":[]}"
20210914,2021-09-14,256,9,0.0,2021,"{""type"":""MultiPoint"",""coordinates"":[]}"
20210915,2021-09-15,257,9,0.0,2021,"{""type"":""MultiPoint"",""coordinates"":[]}"
20210916,2021-09-16,258,9,0.011779933264761261,2021,"{""type"":""MultiPoint"",""coordinates"":[]}"
20210917,2021-09-17,259,9,2.392252309885703E-4,2021,"{""type"":""MultiPoint"",""coordinates"":[]}"
20210918,2021-09-18,260,9,0.0,2021,"{""type"":""MultiPoint"",""coordinates"":[]}"
20210919,2021-09-19,261,9,3.980734999332364,2021,"{""type"":""MultiPoint"",""coordinates"":[]}"
20210920,2021-09-20,262,9,0.2777280055501481,2021,"{""type"":""MultiPoint"",""coordinates"":[]}"
20210921,2021-09-21,263,9,2.856083998280625,2021,"{""type"":""MultiPoint"",""coordinates"":[]}"
20210922,2021-09-22,264,9,16.696875617914472,2021,"{""type"":""MultiPoint"",""coordinates"":[]}"
20210923,2021-09-23,265,9,0.10294604542279484,2021,"{""type"":""MultiPoint"",""coordinates"":[]}"
20210924,2021-09-24,266,9,0.0,2021,"{""type"":""MultiPoint"",""coordinates"":[]}"
20210925,2021-09-25,267,9,0.0,2021,"{""type"":""MultiPoint"",""coordinates"":[]}"
20210926,2021-09-26,268,9,0.0,2021,"{""type"":""MultiPoint"",""coordinates"":[]}"
20210927,2021-09-27,269,9,4.899478904089849,2021,"{""type"":""MultiPoint"",""coordinates"":[]}"
20210928,2021-09-28,270,9,2.598440155791254,2021,"{""type"":""MultiPoint"",""coordinates"":[]}"
20210929,2021-09-29,271,9,8.28539949881013,2021,"{""type"":""MultiPoint"",""coordinates"":[]}"
20210930,2021-09-30,272,9,0.22486084252212232,2021,"{""type"":""MultiPoint"",""coordinates"":[]}"
20211001,2021-10-01,273,10,0.0,2021,"{""type"":""MultiPoint"",""coordinates"":[]}"
20211002,2021-10-02,274,10,0.0,2021,"{""type"":""MultiPoint"",""coordinates"":[]}"
20211003,2021-10-03,275,10,0.0,2021,"{""type"":""MultiPoint"",""coordinates"":[]}"
20211004,2021-10-04,276,10,0.22408541258454773,2021,"{""type"":""MultiPoint"",""coordinates"":[]}"
20211005,2021-10-05,277,10,0.0,2021,"{""type"":""MultiPoint"",""coordinates"":[]}"
20211006,2021-10-06,278,10,0.0,2021,"{""type"":""MultiPoint"",""coordinates"":[]}"
20211007,2021-10-07,279,10,0.0,2021,"{""type"":""MultiPoint"",""coordinates"":[]}"
20211008,2021-10-08,280,10,0.0,2021,"{""type"":""MultiPoint"",""coordinates"":[]}"
20211009,2021-10-09,281,10,0.0,2021,"{""type"":""MultiPoint"",""coordinates"":[]}"
20211010,2021-10-10,282,10,0.0,2021,"{""type"":""MultiPoint"",""coordinates"":[]}"
20211011,2021-10-11,283,10,0.0,2021,"{""type"":""MultiPoint"",""coordinates"":[]}"
20211012,2021-10-12,284,10,0.0,2021,"{""type"":""MultiPoint"",""coordinates"":[]}"
20211013,2021-10-13,285,10,0.0,2021,"{""type"":""MultiPoint"",""coordinates"":[]}"
20211014,2021-10-14,286,10,0.0,2021,"{""type"":""MultiPoint"",""coordinates"":[]}"
20211015,2021-10-15,287,10,2.20263956541778,2021,"{""type"":""MultiPoint"",""coordinates"":[]}"
20211016,2021-10-16,288,10,0.0,2021,"{""type"":""MultiPoint"",""coordinates"":[]}"
20211017,2021-10-17,289,10,0.053590178159138406,2021,"{""type"":""MultiPoint"",""coordinates"":[]}"
20211018,2021-10-18,290,10,0.0,2021,"{""type"":""MultiPoint"",""coordinates"":[]}"
20211019,2021-10-19,291,10,0.001032215317869498,2021,"{""type"":""MultiPoint"",""coordinates"":[]}"
20211020,2021-10-20,292,10,5.631639866244324,2021,"{""type"":""MultiPoint"",""coordinates"":[]}"
20211021,2021-10-21,293,10,4.919895912449203,2021,"{""type"":""MultiPoint"",""coordinates"":[]}"
20211022,2021-10-22,294,10,5.541774240902896,2021,"{""type"":""MultiPoint"",""coordinates"":[]}"
20211023,2021-10-23,295,10,0.0,2021,"{""type"":""MultiPoint"",""coordinates"":[]}"
20211024,2021-10-24,296,10,0.0,2021,"{""type"":""MultiPoint"",""coordinates"":[]}"
20211025,2021-10-25,297,10,0.0,2021,"{""type"":""MultiPoint"",""coordinates"":[]}"
20211026,2021-10-26,298,10,0.3097831714292592,2021,"{""type"":""MultiPoint"",""coordinates"":[]}"
20211027,2021-10-27,299,10,0.0,2021,"{""type"":""MultiPoint"",""coordinates"":[]}"
20211028,2021-10-28,300,10,0.0,2021,"{""type"":""MultiPoint"",""coordinates"":[]}"
20211029,2021-10-29,301,10,0.0,2021,"{""type"":""MultiPoint"",""coordinates"":[]}"
20211030,2021-10-30,302,10,0.0,2021,"{""type"":""MultiPoint"",""coordinates"":[]}"
20211031,2021-10-31,303,10,0.0,2021,"{""type"":""MultiPoint"",""coordinates"":[]}"
20211101,2021-11-01,304,11,0.0,2021,"{""type"":""MultiPoint"",""coordinates"":[]}"
20211102,2021-11-02,305,11,0.0,2021,"{""type"":""MultiPoint"",""coordinates"":[]}"
20211103,2021-11-03,306,11,0.01796086945612139,2021,"{""type"":""MultiPoint"",""coordinates"":[]}"
20211104,2021-11-04,307,11,0.0,2021,"{""type"":""MultiPoint"",""coordinates"":[]}"
20211105,2021-11-05,308,11,0.0,2021,"{""type"":""MultiPoint"",""coordinates"":[]}"
20211106,2021-11-06,309,11,0.0,2021,"{""type"":""MultiPoint"",""coordinates"":[]}"
20211107,2021-11-07,310,11,0.0,2021,"{""type"":""MultiPoint"",""coordinates"":[]}"
20211108,2021-11-08,311,11,0.0,2021,"{""type"":""MultiPoint"",""coordinates"":[]}"
20211109,2021-11-09,312,11,0.0,2021,"{""type"":""MultiPoint"",""coordinates"":[]}"
20211110,2021-11-10,313,11,0.0,2021,"{""type"":""MultiPoint"",""coordinates"":[]}"
20211111,2021-11-11,314,11,0.0,2021,"{""type"":""MultiPoint"",""coordinates"":[]}"
20211112,2021-11-12,315,11,0.0,2021,"{""type"":""MultiPoint"",""coordinates"":[]}"
20211113,2021-11-13,316,11,0.0,2021,"{""type"":""MultiPoint"",""coordinates"":[]}"
20211114,2021-11-14,317,11,0.0,2021,"{""type"":""MultiPoint"",""coordinates"":[]}"
20211115,2021-11-15,318,11,0.0,2021,"{""type"":""MultiPoint"",""coordinates"":[]}"
20211116,2021-11-16,319,11,4.71480077866352E-5,2021,"{""type"":""MultiPoint"",""coordinates"":[]}"
20211117,2021-11-17,320,11,0.0,2021,"{""type"":""MultiPoint"",""coordinates"":[]}"
20211118,2021-11-18,321,11,0.0,2021,"{""type"":""MultiPoint"",""coordinates"":[]}"
20211119,2021-11-19,322,11,0.0,2021,"{""type"":""MultiPoint"",""coordinates"":[]}"
20211120,2021-11-20,323,11,0.0,2021,"{""type"":""MultiPoint"",""coordinates"":[]}"
20211121,2021-11-21,324,11,0.0,2021,"{""type"":""MultiPoint"",""coordinates"":[]}"
20211122,2021-11-22,325,11,0.0,2021,"{""type"":""MultiPoint"",""coordinates"":[]}"
20211123,2021-11-23,326,11,0.0,2021,"{""type"":""MultiPoint"",""coordinates"":[]}"
20211124,2021-11-24,327,11,0.0,2021,"{""type"":""MultiPoint"",""coordinates"":[]}"
20211125,2021-11-25,328,11,0.0,2021,"{""type"":""MultiPoint"",""coordinates"":[]}"
20211126,2021-11-26,329,11,0.0,2021,"{""type"":""MultiPoint"",""coordinates"":[]}"
20211127,2021-11-27,330,11,0.0,2021,"{""type"":""MultiPoint"",""coordinates"":[]}"
20211128,2021-11-28,331,11,0.0,2021,"{""type"":""MultiPoint"",""coordinates"":[]}"
20211129,2021-11-29,332,11,0.0,2021,"{""type"":""MultiPoint"",""coordinates"":[]}"
20211130,2021-11-30,333,11,0.0,2021,"{""type"":""MultiPoint"",""coordinates"":[]}"
20211201,2021-12-01,334,12,0.0,2021,"{""type"":""MultiPoint"",""coordinates"":[]}"
20211202,2021-12-02,335,12,0.0,2021,"{""type"":""MultiPoint"",""coordinates"":[]}"
20211203,2021-12-03,336,12,0.0,2021,"{""type"":""MultiPoint"",""coordinates"":[]}"
20211204,2021-12-04,337,12,0.0,2021,"{""type"":""MultiPoint"",""coordinates"":[]}"
20211205,2021-12-05,338,12,0.0,2021,"{""type"":""MultiPoint"",""coordinates"":[]}"
20211206,2021-12-06,339,12,0.0,2021,"{""type"":""MultiPoint"",""coordinates"":[]}"
20211207,2021-12-07,340,12,0.0,2021,"{""type"":""MultiPoint"",""coordinates"":[]}"
20211208,2021-12-08,341,12,0.0,2021,"{""type"":""MultiPoint"",""coordinates"":[]}"
20211209,2021-12-09,342,12,0.0,2021,"{""type"":""MultiPoint"",""coordinates"":[]}"
20211210,2021-12-10,343,12,0.0,2021,"{""type"":""MultiPoint"",""coordinates"":[]}"
20211211,2021-12-11,344,12,0.0,2021,"{""type"":""MultiPoint"",""coordinates"":[]}"
20211212,2021-12-12,345,12,0.0,2021,"{""type"":""MultiPoint"",""coordinates"":[]}"
20211213,2021-12-13,346,12,0.0,2021,"{""type"":""MultiPoint"",""coordinates"":[]}"
20211214,2021-12-14,347,12,0.0,2021,"{""type"":""MultiPoint"",""coordinates"":[]}"
20211215,2021-12-15,348,12,0.0,2021,"{""type"":""MultiPoint"",""coordinates"":[]}"
20211216,2021-12-16,349,12,0.0,2021,"{""type"":""MultiPoint"",""coordinates"":[]}"
20211217,2021-12-17,350,12,0.0,2021,"{""type"":""MultiPoint"",""coordinates"":[]}"
20211218,2021-12-18,351,12,0.0,2021,"{""type"":""MultiPoint"",""coordinates"":[]}"
20211219,2021-12-19,352,12,0.0,2021,"{""type"":""MultiPoint"",""coordinates"":[]}"
20211220,2021-12-20,353,12,0.0,2021,"{""type"":""MultiPoint"",""coordinates"":[]}"
20211221,2021-12-21,354,12,0.0,2021,"{""type"":""MultiPoint"",""coordinates"":[]}"
20211222,2021-12-22,355,12,0.0,2021,"{""type"":""MultiPoint"",""coordinates"":[]}"
20211223,2021-12-23,356,12,0.0,2021,"{""type"":""MultiPoint"",""coordinates"":[]}"
20211224,2021-12-24,357,12,0.0,2021,"{""type"":""MultiPoint"",""coordinates"":[]}"
20211225,2021-12-25,358,12,0.0,2021,"{""type"":""MultiPoint"",""coordinates"":[]}"
20211226,2021-12-26,359,12,0.0,2021,"{""type"":""MultiPoint"",""coordinates"":[]}"
20211227,2021-12-27,360,12,0.0,2021,"{""type"":""MultiPoint"",""coordinates"":[]}"
20211228,2021-12-28,361,12,0.0,2021,"{""type"":""MultiPoint"",""coordinates"":[]}"
20211229,2021-12-29,362,12,0.0,2021,"{""type"":""MultiPoint"",""coordinates"":[]}"
20211230,2021-12-30,363,12,0.0,2021,"{""type"":""MultiPoint"",""coordinates"":[]}"
20211231,2021-12-31,364,12,0.0,2021,"{""type"":""MultiPoint"",""coordinates"":[]}"
20220101,2022-01-01,0,1,0.0,2022,"{""type"":""MultiPoint"",""coordinates"":[]}"
20220102,2022-01-02,1,1,0.0,2022,"{""type"":""MultiPoint"",""coordinates"":[]}"
20220103,2022-01-03,2,1,0.0,2022,"{""type"":""MultiPoint"",""coordinates"":[]}"
20220104,2022-01-04,3,1,0.0,2022,"{""type"":""MultiPoint"",""coordinates"":[]}"
20220105,2022-01-05,4,1,0.0,2022,"{""type"":""MultiPoint"",""coordinates"":[]}"
20220106,2022-01-06,5,1,0.0,2022,"{""type"":""MultiPoint"",""coordinates"":[]}"
20220107,2022-01-07,6,1,0.0,2022,"{""type"":""MultiPoint"",""coordinates"":[]}"
20220108,2022-01-08,7,1,0.0,2022,"{""type"":""MultiPoint"",""coordinates"":[]}"
20220109,2022-01-09,8,1,0.0,2022,"{""type"":""MultiPoint"",""coordinates"":[]}"
20220110,2022-01-10,9,1,0.0,2022,"{""type"":""MultiPoint"",""coordinates"":[]}"
20220111,2022-01-11,10,1,0.0,2022,"{""type"":""MultiPoint"",""coordinates"":[]}"
20220112,2022-01-12,11,1,0.0,2022,"{""type"":""MultiPoint"",""coordinates"":[]}"
20220113,2022-01-13,12,1,0.0,2022,"{""type"":""MultiPoint"",""coordinates"":[]}"
20220114,2022-01-14,13,1,0.0,2022,"{""type"":""MultiPoint"",""coordinates"":[]}"
20220115,2022-01-15,14,1,0.0,2022,"{""type"":""MultiPoint"",""coordinates"":[]}"
20220116,2022-01-16,15,1,0.0,2022,"{""type"":""MultiPoint"",""coordinates"":[]}"
20220117,2022-01-17,16,1,0.0,2022,"{""type"":""MultiPoint"",""coordinates"":[]}"
20220118,2022-01-18,17,1,0.0,2022,"{""type"":""MultiPoint"",""coordinates"":[]}"
20220119,2022-01-19,18,1,0.0,2022,"{""type"":""MultiPoint"",""coordinates"":[]}"
20220120,2022-01-20,19,1,0.0,2022,"{""type"":""MultiPoint"",""coordinates"":[]}"
20220121,2022-01-21,20,1,0.0,2022,"{""type"":""MultiPoint"",""coordinates"":[]}"
20220122,2022-01-22,21,1,0.0,2022,"{""type"":""MultiPoint"",""coordinates"":[]}"
20220123,2022-01-23,22,1,0.0,2022,"{""type"":""MultiPoint"",""coordinates"":[]}"
20220124,2022-01-24,23,1,0.0,2022,"{""type"":""MultiPoint"",""coordinates"":[]}"
20220125,2022-01-25,24,1,0.0,2022,"{""type"":""MultiPoint"",""coordinates"":[]}"
20220126,2022-01-26,25,1,0.0,2022,"{""type"":""MultiPoint"",""coordinates"":[]}"
20220127,2022-01-27,26,1,0.0,2022,"{""type"":""MultiPoint"",""coordinates"":[]}"
20220128,2022-01-28,27,1,0.0,2022,"{""type"":""MultiPoint"",""coordinates"":[]}"
20220129,2022-01-29,28,1,0.0,2022,"{""type"":""MultiPoint"",""coordinates"":[]}"
20220130,2022-01-30,29,1,0.0,2022,"{""type"":""MultiPoint"",""coordinates"":[]}"
20220131,2022-01-31,30,1,0.0,2022,"{""type"":""MultiPoint"",""coordinates"":[]}"
20220201,2022-02-01,31,2,0.0,2022,"{""type"":""MultiPoint"",""coordinates"":[]}"
20220202,2022-02-02,32,2,0.0,2022,"{""type"":""MultiPoint"",""coordinates"":[]}"
20220203,2022-02-03,33,2,0.0,2022,"{""type"":""MultiPoint"",""coordinates"":[]}"
20220204,2022-02-04,34,2,0.0,2022,"{""type"":""MultiPoint"",""coordinates"":[]}"
20220205,2022-02-05,35,2,0.0,2022,"{""type"":""MultiPoint"",""coordinates"":[]}"
20220206,2022-02-06,36,2,0.0,2022,"{""type"":""MultiPoint"",""coordinates"":[]}"
20220207,2022-02-07,37,2,0.0,2022,"{""type"":""MultiPoint"",""coordinates"":[]}"
20220208,2022-02-08,38,2,0.0,2022,"{""type"":""MultiPoint"",""coordinates"":[]}"
20220209,2022-02-09,39,2,0.0,2022,"{""type"":""MultiPoint"",""coordinates"":[]}"
20220210,2022-02-10,40,2,0.0,2022,"{""type"":""MultiPoint"",""coordinates"":[]}"
20220211,2022-02-11,41,2,0.0,2022,"{""type"":""MultiPoint"",""coordinates"":[]}"
20220212,2022-02-12,42,2,0.0,2022,"{""type"":""MultiPoint"",""coordinates"":[]}"
20220213,2022-02-13,43,2,0.0,2022,"{""type"":""MultiPoint"",""coordinates"":[]}"
20220214,2022-02-14,44,2,0.0,2022,"{""type"":""MultiPoint"",""coordinates"":[]}"
20220215,2022-02-15,45,2,0.0,2022,"{""type"":""MultiPoint"",""coordinates"":[]}"
20220216,2022-02-16,46,2,0.0,2022,"{""type"":""MultiPoint"",""coordinates"":[]}"
20220217,2022-02-17,47,2,0.0,2022,"{""type"":""MultiPoint"",""coordinates"":[]}"
20220218,2022-02-18,48,2,0.0,2022,"{""type"":""MultiPoint"",""coordinates"":[]}"
20220219,2022-02-19,49,2,0.0,2022,"{""type"":""MultiPoint"",""coordinates"":[]}"
20220220,2022-02-20,50,2,0.0,2022,"{""type"":""MultiPoint"",""coordinates"":[]}"
20220221,2022-02-21,51,2,0.0,2022,"{""type"":""MultiPoint"",""coordinates"":[]}"
20220222,2022-02-22,52,2,0.0,2022,"{""type"":""MultiPoint"",""coordinates"":[]}"
20220223,2022-02-23,53,2,0.0,2022,"{""type"":""MultiPoint"",""coordinates"":[]}"
20220224,2022-02-24,54,2,0.0,2022,"{""type"":""MultiPoint"",""coordinates"":[]}"
20220225,2022-02-25,55,2,0.0,2022,"{""type"":""MultiPoint"",""coordinates"":[]}"
20220226,2022-02-26,56,2,0.0,2022,"{""type"":""MultiPoint"",""coordinates"":[]}"
20220227,2022-02-27,57,2,0.0,2022,"{""type"":""MultiPoint"",""coordinates"":[]}"
20220228,2022-02-28,58,2,0.0,2022,"{""type"":""MultiPoint"",""coordinates"":[]}"
20220301,2022-03-01,59,3,0.0,2022,"{""type"":""MultiPoint"",""coordinates"":[]}"
20220302,2022-03-02,60,3,0.0,2022,"{""type"":""MultiPoint"",""coordinates"":[]}"
20220303,2022-03-03,61,3,0.008720356180812374,2022,"{""type"":""MultiPoint"",""coordinates"":[]}"
20220304,2022-03-04,62,3,0.0,2022,"{""type"":""MultiPoint"",""coordinates"":[]}"
20220305,2022-03-05,63,3,0.0,2022,"{""type"":""MultiPoint"",""coordinates"":[]}"
20220306,2022-03-06,64,3,0.0,2022,"{""type"":""MultiPoint"",""coordinates"":[]}"
20220307,2022-03-07,65,3,0.0,2022,"{""type"":""MultiPoint"",""coordinates"":[]}"
20220308,2022-03-08,66,3,0.001262244529938032,2022,"{""type"":""MultiPoint"",""coordinates"":[]}"
20220309,2022-03-09,67,3,0.0,2022,"{""type"":""MultiPoint"",""coordinates"":[]}"
20220310,2022-03-10,68,3,0.0,2022,"{""type"":""MultiPoint"",""coordinates"":[]}"
20220311,2022-03-11,69,3,0.0,2022,"{""type"":""MultiPoint"",""coordinates"":[]}"
20220312,2022-03-12,70,3,0.0,2022,"{""type"":""MultiPoint"",""coordinates"":[]}"
20220313,2022-03-13,71,3,0.0,2022,"{""type"":""MultiPoint"",""coordinates"":[]}"
20220314,2022-03-14,72,3,0.0,2022,"{""type"":""MultiPoint"",""coordinates"":[]}"
20220315,2022-03-15,73,3,0.0,2022,"{""type"":""MultiPoint"",""coordinates"":[]}"
20220316,2022-03-16,74,3,0.0,2022,"{""type"":""MultiPoint"",""coordinates"":[]}"
20220317,2022-03-17,75,3,0.0,2022,"{""type"":""MultiPoint"",""coordinates"":[]}"
20220318,2022-03-18,76,3,0.049829685928845645,2022,"{""type"":""MultiPoint"",""coordinates"":[]}"
20220319,2022-03-19,77,3,0.0,2022,"{""type"":""MultiPoint"",""coordinates"":[]}"
20220320,2022-03-20,78,3,0.0,2022,"{""type"":""MultiPoint"",""coordinates"":[]}"
20220321,2022-03-21,79,3,0.0,2022,"{""type"":""MultiPoint"",""coordinates"":[]}"
20220322,2022-03-22,80,3,0.0,2022,"{""type"":""MultiPoint"",""coordinates"":[]}"
20220323,2022-03-23,81,3,0.007401879234204412,2022,"{""type"":""MultiPoint"",""coordinates"":[]}"
20220324,2022-03-24,82,3,0.0,2022,"{""type"":""MultiPoint"",""coordinates"":[]}"
20220325,2022-03-25,83,3,0.0,2022,"{""type"":""MultiPoint"",""coordinates"":[]}"
20220326,2022-03-26,84,3,0.0,2022,"{""type"":""MultiPoint"",""coordinates"":[]}"
20220327,2022-03-27,85,3,0.0,2022,"{""type"":""MultiPoint"",""coordinates"":[]}"
20220328,2022-03-28,86,3,0.0,2022,"{""type"":""MultiPoint"",""coordinates"":[]}"
20220329,2022-03-29,87,3,0.0,2022,"{""type"":""MultiPoint"",""coordinates"":[]}"
20220330,2022-03-30,88,3,0.0,2022,"{""type"":""MultiPoint"",""coordinates"":[]}"
20220331,2022-03-31,89,3,0.0,2022,"{""type"":""MultiPoint"",""coordinates"":[]}"
20220401,2022-04-01,90,4,0.0,2022,"{""type"":""MultiPoint"",""coordinates"":[]}"
20220402,2022-04-02,91,4,0.0,2022,"{""type"":""MultiPoint"",""coordinates"":[]}"
20220403,2022-04-03,92,4,0.0,2022,"{""type"":""MultiPoint"",""coordinates"":[]}"
20220404,2022-04-04,93,4,0.0,2022,"{""type"":""MultiPoint"",""coordinates"":[]}"
20220405,2022-04-05,94,4,0.0,2022,"{""type"":""MultiPoint"",""coordinates"":[]}"
20220406,2022-04-06,95,4,0.0,2022,"{""type"":""MultiPoint"",""coordinates"":[]}"
20220407,2022-04-07,96,4,0.0,2022,"{""type"":""MultiPoint"",""coordinates"":[]}"
20220408,2022-04-08,97,4,0.0,2022,"{""type"":""MultiPoint"",""coordinates"":[]}"
20220409,2022-04-09,98,4,0.0,2022,"{""type"":""MultiPoint"",""coordinates"":[]}"
20220410,2022-04-10,99,4,0.0,2022,"{""type"":""MultiPoint"",""coordinates"":[]}"
20220411,2022-04-11,100,4,0.0,2022,"{""type"":""MultiPoint"",""coordinates"":[]}"
20220412,2022-04-12,101,4,0.0,2022,"{""type"":""MultiPoint"",""coordinates"":[]}"
20220413,2022-04-13,102,4,0.0,2022,"{""type"":""MultiPoint"",""coordinates"":[]}"
20220414,2022-04-14,103,4,2.0419417330712983,2022,"{""type"":""MultiPoint"",""coordinates"":[]}"
20220415,2022-04-15,104,4,1.383857931470276,2022,"{""type"":""MultiPoint"",""coordinates"":[]}"
20220416,2022-04-16,105,4,0.13316777017381456,2022,"{""type"":""MultiPoint"",""coordinates"":[]}"
20220417,2022-04-17,106,4,0.18962861887651708,2022,"{""type"":""MultiPoint"",""coordinates"":[]}"
20220418,2022-04-18,107,4,2.3257265675773855,2022,"{""type"":""MultiPoint"",""coordinates"":[]}"
20220419,2022-04-19,108,4,0.0,2022,"{""type"":""MultiPoint"",""coordinates"":[]}"
20220420,2022-04-20,109,4,0.0,2022,"{""type"":""MultiPoint"",""coordinates"":[]}"
20220421,2022-04-21,110,4,0.0,2022,"{""type"":""MultiPoint"",""coordinates"":[]}"
20220422,2022-04-22,111,4,0.0,2022,"{""type"":""MultiPoint"",""coordinates"":[]}"
20220423,2022-04-23,112,4,0.0,2022,"{""type"":""MultiPoint"",""coordinates"":[]}"
20220424,2022-04-24,113,4,0.0,2022,"{""type"":""MultiPoint"",""coordinates"":[]}"
20220425,2022-04-25,114,4,1.4374846352943456,2022,"{""type"":""MultiPoint"",""coordinates"":[]}"
20220426,2022-04-26,115,4,1.1404210402956574,2022,"{""type"":""MultiPoint"",""coordinates"":[]}"
20220427,2022-04-27,116,4,4.8422554059650995,2022,"{""type"":""MultiPoint"",""coordinates"":[]}"
20220428,2022-04-28,117,4,0.6266406337254872,2022,"{""type"":""MultiPoint"",""coordinates"":[]}"
20220429,2022-04-29,118,4,0.8655484515290421,2022,"{""type"":""MultiPoint"",""coordinates"":[]}"
20220430,2022-04-30,119,4,3.677298485583469,2022,"{""type"":""MultiPoint"",""coordinates"":[]}"
20220501,2022-05-01,120,5,0.3777556746613746,2022,"{""type"":""MultiPoint"",""coordinates"":[]}"
20220502,2022-05-02,121,5,0.07338368035609426,2022,"{""type"":""MultiPoint"",""coordinates"":[]}"
20220503,2022-05-03,122,5,5.221404338218264,2022,"{""type"":""MultiPoint"",""coordinates"":[]}"
20220504,2022-05-04,123,5,0.0,2022,"{""type"":""MultiPoint"",""coordinates"":[]}"
20220505,2022-05-05,124,5,3.236907296096672,2022,"{""type"":""MultiPoint"",""coordinates"":[]}"
20220506,2022-05-06,125,5,0.0,2022,"{""type"":""MultiPoint"",""coordinates"":[]}"
20220507,2022-05-07,126,5,0.0,2022,"{""type"":""MultiPoint"",""coordinates"":[]}"
20220508,2022-05-08,127,5,0.15177526575996275,2022,"{""type"":""MultiPoint"",""coordinates"":[]}"
20220509,2022-05-09,128,5,7.901333060824628,2022,"{""type"":""MultiPoint"",""coordinates"":[]}"
20220510,2022-05-10,129,5,4.05577710747223,2022,"{""type"":""MultiPoint"",""coordinates"":[]}"
20220511,2022-05-11,130,5,3.378119414007105,2022,"{""type"":""MultiPoint"",""coordinates"":[]}"
20220512,2022-05-12,131,5,1.9851315003807033,2022,"{""type"":""MultiPoint"",""coordinates"":[]}"
20220513,2022-05-13,132,5,5.081966203305952,2022,"{""type"":""MultiPoint"",""coordinates"":[]}"
20220514,2022-05-14,133,5,4.638803336662358,2022,"{""type"":""MultiPoint"",""coordinates"":[]}"
20220515,2022-05-15,134,5,0.0,2022,"{""type"":""MultiPoint"",""coordinates"":[]}"
20220516,2022-05-16,135,5,0.0,2022,"{""type"":""MultiPoint"",""coordinates"":[]}"
20220517,2022-05-17,136,5,4.931466992573351,2022,"{""type"":""MultiPoint"",""coordinates"":[]}"
20220518,2022-05-18,137,5,7.9602589746540575,2022,"{""type"":""MultiPoint"",""coordinates"":[]}"
20220519,2022-05-19,138,5,0.0,2022,"{""type"":""MultiPoint"",""coordinates"":[]}"
20220520,2022-05-20,139,5,0.12825073452604055,2022,"{""type"":""MultiPoint"",""coordinates"":[]}"
20220521,2022-05-21,140,5,1.823120066920798,2022,"{""type"":""MultiPoint"",""coordinates"":[]}"
20220522,2022-05-22,141,5,0.044814471042517456,2022,"{""type"":""MultiPoint"",""coordinates"":[]}"
20220523,2022-05-23,142,5,0.0,2022,"{""type"":""MultiPoint"",""coordinates"":[]}"
20220524,2022-05-24,143,5,0.0,2022,"{""type"":""MultiPoint"",""coordinates"":[]}"
20220525,2022-05-25,144,5,1.7808597101790287,2022,"{""type"":""MultiPoint"",""coordinates"":[]}"
20220526,2022-05-26,145,5,0.0,2022,"{""type"":""MultiPoint"",""coordinates"":[]}"
20220527,2022-05-27,146,5,0.04863743830208826,2022,"{""type"":""MultiPoint"",""coordinates"":[]}"
20220528,2022-05-28,147,5,0.0,2022,"{""type"":""MultiPoint"",""coordinates"":[]}"
20220529,2022-05-29,148,5,0.10633953171547013,2022,"{""type"":""MultiPoint"",""coordinates"":[]}"
20220530,2022-05-30,149,5,1.1308849927906377,2022,"{""type"":""MultiPoint"",""coordinates"":[]}"
20220531,2022-05-31,150,5,1.4849526475127035,2022,"{""type"":""MultiPoint"",""coordinates"":[]}"
20220601,2022-06-01,151,6,0.0,2022,"{""type"":""MultiPoint"",""coordinates"":[]}"
20220602,2022-06-02,152,6,0.6387486135305616,2022,"{""type"":""MultiPoint"",""coordinates"":[]}"
20220603,2022-06-03,153,6,0.24659730977741978,2022,"{""type"":""MultiPoint"",""coordinates"":[]}"
20220604,2022-06-04,154,6,0.27728400468401304,2022,"{""type"":""MultiPoint"",""coordinates"":[]}"
20220605,2022-06-05,155,6,0.0,2022,"{""type"":""MultiPoint"",""coordinates"":[]}"
20220606,2022-06-06,156,6,0.0,2022,"{""type"":""MultiPoint"",""coordinates"":[]}"
20220607,2022-06-07,157,6,0.0,2022,"{""type"":""MultiPoint"",""coordinates"":[]}"
20220608,2022-06-08,158,6,0.8512936184301922,2022,"{""type"":""MultiPoint"",""coordinates"":[]}"
20220609,2022-06-09,159,6,12.882209071973264,2022,"{""type"":""MultiPoint"",""coordinates"":[]}"
20220610,2022-06-10,160,6,0.14847463139167374,2022,"{""type"":""MultiPoint"",""coordinates"":[]}"
20220611,2022-06-11,161,6,5.068092141630248,2022,"{""type"":""MultiPoint"",""coordinates"":[]}"
20220612,2022-06-12,162,6,5.267833915505698,2022,"{""type"":""MultiPoint"",""coordinates"":[]}"
20220613,2022-06-13,163,6,8.006389973871446,2022,"{""type"":""MultiPoint"",""coordinates"":[]}"
20220614,2022-06-14,164,6,0.0,2022,"{""type"":""MultiPoint"",""coordinates"":[]}"
20220615,2022-06-15,165,6,4.936821978029389,2022,"{""type"":""MultiPoint"",""coordinates"":[]}"
20220616,2022-06-16,166,6,1.291894267610711,2022,"{""type"":""MultiPoint"",""coordinates"":[]}"
20220617,2022-06-17,167,6,6.920941635508846,2022,"{""type"":""MultiPoint"",""coordinates"":[]}"
20220618,2022-06-18,168,6,4.24136973758999,2022,"{""type"":""MultiPoint"",""coordinates"":[]}"
20220619,2022-06-19,169,6,1.5683859527925614,2022,"{""type"":""MultiPoint"",""coordinates"":[]}"
20220620,2022-06-20,170,6,6.293616822554962,2022,"{""type"":""MultiPoint"",""coordinates"":[]}"
20220621,2022-06-21,171,6,1.020181139711579,2022,"{""type"":""MultiPoint"",""coordinates"":[]}"
20220622,2022-06-22,172,6,0.3425364233191874,2022,"{""type"":""MultiPoint"",""coordinates"":[]}"
20220623,2022-06-23,173,6,0.06914147137887267,2022,"{""type"":""MultiPoint"",""coordinates"":[]}"
20220624,2022-06-24,174,6,0.0,2022,"{""type"":""MultiPoint"",""coordinates"":[]}"
20220625,2022-06-25,175,6,4.68739147435606,2022,"{""type"":""MultiPoint"",""coordinates"":[]}"
20220626,2022-06-26,176,6,10.487115827308452,2022,"{""type"":""MultiPoint"",""coordinates"":[]}"
20220627,2022-06-27,177,6,23.524441564737113,2022,"{""type"":""MultiPoint"",""coordinates"":[]}"
20220628,2022-06-28,178,6,1.0805099660700017,2022,"{""type"":""MultiPoint"",""coordinates"":[]}"
20220629,2022-06-29,179,6,0.0,2022,"{""type"":""MultiPoint"",""coordinates"":[]}"
20220630,2022-06-30,180,6,6.109917008303066,2022,"{""type"":""MultiPoint"",""coordinates"":[]}"
20220701,2022-07-01,181,7,0.0,2022,"{""type"":""MultiPoint"",""coordinates"":[]}"
20220702,2022-07-02,182,7,6.064154642032949,2022,"{""type"":""MultiPoint"",""coordinates"":[]}"
20220703,2022-07-03,183,7,2.257145369966613,2022,"{""type"":""MultiPoint"",""coordinates"":[]}"
20220704,2022-07-04,184,7,0.0,2022,"{""type"":""MultiPoint"",""coordinates"":[]}"
20220705,2022-07-05,185,7,9.153329064619848,2022,"{""type"":""MultiPoint"",""coordinates"":[]}"
20220706,2022-07-06,186,7,14.664206476205884,2022,"{""type"":""MultiPoint"",""coordinates"":[]}"
20220707,2022-07-07,187,7,0.0,2022,"{""type"":""MultiPoint"",""coordinates"":[]}"
20220708,2022-07-08,188,7,23.456076068957504,2022,"{""type"":""MultiPoint"",""coordinates"":[]}"
20220709,2022-07-09,189,7,0.05032371638859586,2022,"{""type"":""MultiPoint"",""coordinates"":[]}"
20220710,2022-07-10,190,7,0.5360349163864598,2022,"{""type"":""MultiPoint"",""coordinates"":[]}"
20220711,2022-07-11,191,7,0.07799560892910125,2022,"{""type"":""MultiPoint"",""coordinates"":[]}"
20220712,2022-07-12,192,7,10.381202128363684,2022,"{""type"":""MultiPoint"",""coordinates"":[]}"
20220713,2022-07-13,193,7,0.0,2022,"{""type"":""MultiPoint"",""coordinates"":[]}"
20220714,2022-07-14,194,7,16.190633921888608,2022,"{""type"":""MultiPoint"",""coordinates"":[]}"
20220715,2022-07-15,195,7,10.110754180601456,2022,"{""type"":""MultiPoint"",""coordinates"":[]}"
20220716,2022-07-16,196,7,21.341247005353097,2022,"{""type"":""MultiPoint"",""coordinates"":[]}"
20220717,2022-07-17,197,7,8.368566392270333,2022,"{""type"":""MultiPoint"",""coordinates"":[]}"
20220718,2022-07-18,198,7,0.0,2022,"{""type"":""MultiPoint"",""coordinates"":[]}"
20220719,2022-07-19,199,7,19.597783123533144,2022,"{""type"":""MultiPoint"",""coordinates"":[]}"
20220720,2022-07-20,200,7,17.062974127620066,2022,"{""type"":""MultiPoint"",""coordinates"":[]}"
20220721,2022-07-21,201,7,0.0,2022,"{""type"":""MultiPoint"",""coordinates"":[]}"
20220722,2022-07-22,202,7,16.811394940416136,2022,"{""type"":""MultiPoint"",""coordinates"":[]}"
20220723,2022-07-23,203,7,0.0,2022,"{""type"":""MultiPoint"",""coordinates"":[]}"
20220724,2022-07-24,204,7,12.572836908025772,2022,"{""type"":""MultiPoint"",""coordinates"":[]}"
20220725,2022-07-25,205,7,11.214359687941927,2022,"{""type"":""MultiPoint"",""coordinates"":[]}"
20220726,2022-07-26,206,7,6.817222891667971,2022,"{""type"":""MultiPoint"",""coordinates"":[]}"
20220727,2022-07-27,207,7,16.364836199634453,2022,"{""type"":""MultiPoint"",""coordinates"":[]}"
20220728,2022-07-28,208,7,5.696459050980341,2022,"{""type"":""MultiPoint"",""coordinates"":[]}"
20220729,2022-07-29,209,7,3.466272492105594,2022,"{""type"":""MultiPoint"",""coordinates"":[]}"
20220730,2022-07-30,210,7,9.533210270379788,2022,"{""type"":""MultiPoint"",""coordinates"":[]}"
20220731,2022-07-31,211,7,9.110577319442317,2022,"{""type"":""MultiPoint"",""coordinates"":[]}"
20220801,2022-08-01,212,8,12.628004736323291,2022,"{""type"":""MultiPoint"",""coordinates"":[]}"
20220802,2022-08-02,213,8,14.874430129258412,2022,"{""type"":""MultiPoint"",""coordinates"":[]}"
20220803,2022-08-03,214,8,0.20048310539939188,2022,"{""type"":""MultiPoint"",""coordinates"":[]}"
20220804,2022-08-04,215,8,3.7438309133631287,2022,"{""type"":""MultiPoint"",""coordinates"":[]}"
20220805,2022-08-05,216,8,0.1564792061494256,2022,"{""type"":""MultiPoint"",""coordinates"":[]}"
20220806,2022-08-06,217,8,2.864806816775767,2022,"{""type"":""MultiPoint"",""coordinates"":[]}"
20220807,2022-08-07,218,8,30.41401293084607,2022,"{""type"":""MultiPoint"",""coordinates"":[]}"
20220808,2022-08-08,219,8,6.191872591451975,2022,"{""type"":""MultiPoint"",""coordinates"":[]}"
20220809,2022-08-09,220,8,8.46112750312743,2022,"{""type"":""MultiPoint"",""coordinates"":[]}"
20220810,2022-08-10,221,8,13.12304120565268,2022,"{""type"":""MultiPoint"",""coordinates"":[]}"
20220811,2022-08-11,222,8,7.780890069071151,2022,"{""type"":""MultiPoint"",""coordinates"":[]}"
20220812,2022-08-12,223,8,21.73340538691284,2022,"{""type"":""MultiPoint"",""coordinates"":[]}"
20220813,2022-08-13,224,8,0.7761912634878447,2022,"{""type"":""MultiPoint"",""coordinates"":[]}"
20220814,2022-08-14,225,8,16.156933085425912,2022,"{""type"":""MultiPoint"",""coordinates"":[]}"
20220815,2022-08-15,226,8,34.29297165994386,2022,"{""type"":""MultiPoint"",""coordinates"":[]}"
20220816,2022-08-16,227,8,0.0,2022,"{""type"":""MultiPoint"",""coordinates"":[]}"
20220817,2022-08-17,228,8,20.59633271853318,2022,"{""type"":""MultiPoint"",""coordinates"":[]}"
20220818,2022-08-18,229,8,15.011623250160813,2022,"{""type"":""MultiPoint"",""coordinates"":[]}"
20220819,2022-08-19,230,8,0.005645669222019714,2022,"{""type"":""MultiPoint"",""coordinates"":[]}"
20220820,2022-08-20,231,8,10.666519353072887,2022,"{""type"":""MultiPoint"",""coordinates"":[]}"
20220821,2022-08-21,232,8,16.655904844506562,2022,"{""type"":""MultiPoint"",""coordinates"":[]}"
20220822,2022-08-22,233,8,0.0,2022,"{""type"":""MultiPoint"",""coordinates"":[]}"
20220823,2022-08-23,234,8,0.0,2022,"{""type"":""MultiPoint"",""coordinates"":[]}"
20220824,2022-08-24,235,8,10.321728734692435,2022,"{""type"":""MultiPoint"",""coordinates"":[]}"
20220825,2022-08-25,236,8,10.81625642472386,2022,"{""type"":""MultiPoint"",""coordinates"":[]}"
20220826,2022-08-26,237,8,0.0,2022,"{""type"":""MultiPoint"",""coordinates"":[]}"
20220827,2022-08-27,238,8,18.02782473429096,2022,"{""type"":""MultiPoint"",""coordinates"":[]}"
20220828,2022-08-28,239,8,0.35320924177904556,2022,"{""type"":""MultiPoint"",""coordinates"":[]}"
20220829,2022-08-29,240,8,5.797796126048527,2022,"{""type"":""MultiPoint"",""coordinates"":[]}"
20220830,2022-08-30,241,8,5.27101681911962,2022,"{""type"":""MultiPoint"",""coordinates"":[]}"
20220831,2022-08-31,242,8,8.272894092917937,2022,"{""type"":""MultiPoint"",""coordinates"":[]}"
20220901,2022-09-01,243,9,6.332642177327548,2022,"{""type"":""MultiPoint"",""coordinates"":[]}"
20220902,2022-09-02,244,9,5.583600590171897,2022,"{""type"":""MultiPoint"",""coordinates"":[]}"
20220903,2022-09-03,245,9,7.7248005391961625,2022,"{""type"":""MultiPoint"",""coordinates"":[]}"
20220904,2022-09-04,246,9,1.475967358777867,2022,"{""type"":""MultiPoint"",""coordinates"":[]}"
20220905,2022-09-05,247,9,0.7091564144751038,2022,"{""type"":""MultiPoint"",""coordinates"":[]}"
20220906,2022-09-06,248,9,1.9088586875532472,2022,"{""type"":""MultiPoint"",""coordinates"":[]}"
20220907,2022-09-07,249,9,2.8920031657760084,2022,"{""type"":""MultiPoint"",""coordinates"":[]}"
20220908,2022-09-08,250,9,9.944563008790254,2022,"{""type"":""MultiPoint"",""coordinates"":[]}"
20220909,2022-09-09,251,9,1.2089281343757385,2022,"{""type"":""MultiPoint"",""coordinates"":[]}"
20220910,2022-09-10,252,9,4.413877883035845,2022,"{""type"":""MultiPoint"",""coordinates"":[]}"
20220911,2022-09-11,253,9,1.6935476435130363,2022,"{""type"":""MultiPoint"",""coordinates"":[]}"
20220912,2022-09-12,254,9,12.28558533733305,2022,"{""type"":""MultiPoint"",""coordinates"":[]}"
20220913,2022-09-13,255,9,2.7858169857500377,2022,"{""type"":""MultiPoint"",""coordinates"":[]}"
20220914,2022-09-14,256,9,0.0,2022,"{""type"":""MultiPoint"",""coordinates"":[]}"
20220915,2022-09-15,257,9,4.291903146447983,2022,"{""type"":""MultiPoint"",""coordinates"":[]}"
20220916,2022-09-16,258,9,1.2818361410034083,2022,"{""type"":""MultiPoint"",""coordinates"":[]}"
20220917,2022-09-17,259,9,10.895697824410531,2022,"{""type"":""MultiPoint"",""coordinates"":[]}"
20220918,2022-09-18,260,9,0.9390611868609201,2022,"{""type"":""MultiPoint"",""coordinates"":[]}"
20220919,2022-09-19,261,9,0.23480233250808943,2022,"{""type"":""MultiPoint"",""coordinates"":[]}"
20220920,2022-09-20,262,9,16.28990350569515,2022,"{""type"":""MultiPoint"",""coordinates"":[]}"
20220921,2022-09-21,263,9,0.46375740306357105,2022,"{""type"":""MultiPoint"",""coordinates"":[]}"
20220922,2022-09-22,264,9,6.70104176744562,2022,"{""type"":""MultiPoint"",""coordinates"":[]}"
20220923,2022-09-23,265,9,1.37922034777847,2022,"{""type"":""MultiPoint"",""coordinates"":[]}"
20220924,2022-09-24,266,9,0.0,2022,"{""type"":""MultiPoint"",""coordinates"":[]}"
20220925,2022-09-25,267,9,3.2810793183161073,2022,"{""type"":""MultiPoint"",""coordinates"":[]}"
20220926,2022-09-26,268,9,0.20135384408329515,2022,"{""type"":""MultiPoint"",""coordinates"":[]}"
20220927,2022-09-27,269,9,0.24699202240263032,2022,"{""type"":""MultiPoint"",""coordinates"":[]}"
20220928,2022-09-28,270,9,1.8267626695926644,2022,"{""type"":""MultiPoint"",""coordinates"":[]}"
20220929,2022-09-29,271,9,7.420387307543121,2022,"{""type"":""MultiPoint"",""coordinates"":[]}"
20220930,2022-09-30,272,9,0.2783468016802344,2022,"{""type"":""MultiPoint"",""coordinates"":[]}"
20221001,2022-10-01,273,10,3.3124965806365325,2022,"{""type"":""MultiPoint"",""coordinates"":[]}"
20221002,2022-10-02,274,10,0.504243270456968,2022,"{""type"":""MultiPoint"",""coordinates"":[]}"
20221003,2022-10-03,275,10,0.29901808043427214,2022,"{""type"":""MultiPoint"",""coordinates"":[]}"
20221004,2022-10-04,276,10,3.690815339255602,2022,"{""type"":""MultiPoint"",""coordinates"":[]}"
20221005,2022-10-05,277,10,0.0,2022,"{""type"":""MultiPoint"",""coordinates"":[]}"
20221006,2022-10-06,278,10,2.643082763421982,2022,"{""type"":""MultiPoint"",""coordinates"":[]}"
20221007,2022-10-07,279,10,1.3196123209559674,2022,"{""type"":""MultiPoint"",""coordinates"":[]}"
20221008,2022-10-08,280,10,0.0,2022,"{""type"":""MultiPoint"",""coordinates"":[]}"
20221009,2022-10-09,281,10,0.0,2022,"{""type"":""MultiPoint"",""coordinates"":[]}"
20221010,2022-10-10,282,10,0.011989205774634776,2022,"{""type"":""MultiPoint"",""coordinates"":[]}"
20221011,2022-10-11,283,10,2.433769627452298,2022,"{""type"":""MultiPoint"",""coordinates"":[]}"
20221012,2022-10-12,284,10,0.0,2022,"{""type"":""MultiPoint"",""coordinates"":[]}"
20221013,2022-10-13,285,10,0.0,2022,"{""type"":""MultiPoint"",""coordinates"":[]}"
20221014,2022-10-14,286,10,0.0,2022,"{""type"":""MultiPoint"",""coordinates"":[]}"
20221015,2022-10-15,287,10,0.009717683989025621,2022,"{""type"":""MultiPoint"",""coordinates"":[]}"
20221016,2022-10-16,288,10,0.0,2022,"{""type"":""MultiPoint"",""coordinates"":[]}"
20221017,2022-10-17,289,10,0.0,2022,"{""type"":""MultiPoint"",""coordinates"":[]}"
20221018,2022-10-18,290,10,0.0,2022,"{""type"":""MultiPoint"",""coordinates"":[]}"
20221019,2022-10-19,291,10,0.0,2022,"{""type"":""MultiPoint"",""coordinates"":[]}"
20221020,2022-10-20,292,10,0.11516330311335675,2022,"{""type"":""MultiPoint"",""coordinates"":[]}"
20221021,2022-10-21,293,10,0.0,2022,"{""type"":""MultiPoint"",""coordinates"":[]}"
20221022,2022-10-22,294,10,0.0,2022,"{""type"":""MultiPoint"",""coordinates"":[]}"
20221023,2022-10-23,295,10,0.0,2022,"{""type"":""MultiPoint"",""coordinates"":[]}"
20221024,2022-10-24,296,10,0.0,2022,"{""type"":""MultiPoint"",""coordinates"":[]}"
20221025,2022-10-25,297,10,0.0,2022,"{""type"":""MultiPoint"",""coordinates"":[]}"
20221026,2022-10-26,298,10,0.0,2022,"{""type"":""MultiPoint"",""coordinates"":[]}"
20221027,2022-10-27,299,10,0.0,2022,"{""type"":""MultiPoint"",""coordinates"":[]}"
20221028,2022-10-28,300,10,0.0,2022,"{""type"":""MultiPoint"",""coordinates"":[]}"
20221029,2022-10-29,301,10,0.09345281288207792,2022,"{""type"":""MultiPoint"",""coordinates"":[]}"
20221030,2022-10-30,302,10,0.0,2022,"{""type"":""MultiPoint"",""coordinates"":[]}"
20221031,2022-10-31,303,10,0.0,2022,"{""type"":""MultiPoint"",""coordinates"":[]}"
20221101,2022-11-01,304,11,0.0,2022,"{""type"":""MultiPoint"",""coordinates"":[]}"
20221102,2022-11-02,305,11,0.0,2022,"{""type"":""MultiPoint"",""coordinates"":[]}"
20221103,2022-11-03,306,11,0.0,2022,"{""type"":""MultiPoint"",""coordinates"":[]}"
20221104,2022-11-04,307,11,0.06764913286447856,2022,"{""type"":""MultiPoint"",""coordinates"":[]}"
20221105,2022-11-05,308,11,0.0,2022,"{""type"":""MultiPoint"",""coordinates"":[]}"
20221106,2022-11-06,309,11,0.0,2022,"{""type"":""MultiPoint"",""coordinates"":[]}"
20221107,2022-11-07,310,11,0.0,2022,"{""type"":""MultiPoint"",""coordinates"":[]}"
20221108,2022-11-08,311,11,0.0,2022,"{""type"":""MultiPoint"",""coordinates"":[]}"
20221109,2022-11-09,312,11,0.0,2022,"{""type"":""MultiPoint"",""coordinates"":[]}"
20221110,2022-11-10,313,11,0.0,2022,"{""type"":""MultiPoint"",""coordinates"":[]}"
20221111,2022-11-11,314,11,0.0,2022,"{""type"":""MultiPoint"",""coordinates"":[]}"
20221112,2022-11-12,315,11,0.0,2022,"{""type"":""MultiPoint"",""coordinates"":[]}"
20221113,2022-11-13,316,11,0.0,2022,"{""type"":""MultiPoint"",""coordinates"":[]}"
20221114,2022-11-14,317,11,0.0,2022,"{""type"":""MultiPoint"",""coordinates"":[]}"
20221115,2022-11-15,318,11,0.0,2022,"{""type"":""MultiPoint"",""coordinates"":[]}"
20221116,2022-11-16,319,11,0.0,2022,"{""type"":""MultiPoint"",""coordinates"":[]}"
20221117,2022-11-17,320,11,0.0,2022,"{""type"":""MultiPoint"",""coordinates"":[]}"
20221118,2022-11-18,321,11,0.0,2022,"{""type"":""MultiPoint"",""coordinates"":[]}"
20221119,2022-11-19,322,11,0.0,2022,"{""type"":""MultiPoint"",""coordinates"":[]}"
20221120,2022-11-20,323,11,0.0,2022,"{""type"":""MultiPoint"",""coordinates"":[]}"
20221121,2022-11-21,324,11,0.0,2022,"{""type"":""MultiPoint"",""coordinates"":[]}"
20221122,2022-11-22,325,11,0.0,2022,"{""type"":""MultiPoint"",""coordinates"":[]}"
20221123,2022-11-23,326,11,0.0,2022,"{""type"":""MultiPoint"",""coordinates"":[]}"
20221124,2022-11-24,327,11,0.0,2022,"{""type"":""MultiPoint"",""coordinates"":[]}"
20221125,2022-11-25,328,11,0.0,2022,"{""type"":""MultiPoint"",""coordinates"":[]}"
20221126,2022-11-26,329,11,0.0,2022,"{""type"":""MultiPoint"",""coordinates"":[]}"
20221127,2022-11-27,330,11,0.0,2022,"{""type"":""MultiPoint"",""coordinates"":[]}"
20221128,2022-11-28,331,11,0.0,2022,"{""type"":""MultiPoint"",""coordinates"":[]}"
20221129,2022-11-29,332,11,0.0,2022,"{""type"":""MultiPoint"",""coordinates"":[]}"
20221130,2022-11-30,333,11,0.0,2022,"{""type"":""MultiPoint"",""coordinates"":[]}"
20221201,2022-12-01,334,12,0.0,2022,"{""type"":""MultiPoint"",""coordinates"":[]}"
20221202,2022-12-02,335,12,0.0,2022,"{""type"":""MultiPoint"",""coordinates"":[]}"
20221203,2022-12-03,336,12,0.0,2022,"{""type"":""MultiPoint"",""coordinates"":[]}"
20221204,2022-12-04,337,12,0.0,2022,"{""type"":""MultiPoint"",""coordinates"":[]}"
20221205,2022-12-05,338,12,0.0,2022,"{""type"":""MultiPoint"",""coordinates"":[]}"
20221206,2022-12-06,339,12,0.0,2022,"{""type"":""MultiPoint"",""coordinates"":[]}"
20221207,2022-12-07,340,12,0.004836469195129423,2022,"{""type"":""MultiPoint"",""coordinates"":[]}"
20221208,2022-12-08,341,12,0.0,2022,"{""type"":""MultiPoint"",""coordinates"":[]}"
20221209,2022-12-09,342,12,0.0,2022,"{""type"":""MultiPoint"",""coordinates"":[]}"
20221210,2022-12-10,343,12,0.0,2022,"{""type"":""MultiPoint"",""coordinates"":[]}"
20221211,2022-12-11,344,12,0.0,2022,"{""type"":""MultiPoint"",""coordinates"":[]}"
20221212,2022-12-12,345,12,0.0,2022,"{""type"":""MultiPoint"",""coordinates"":[]}"
20221213,2022-12-13,346,12,0.0,2022,"{""type"":""MultiPoint"",""coordinates"":[]}"
20221214,2022-12-14,347,12,0.0,2022,"{""type"":""MultiPoint"",""coordinates"":[]}"
20221215,2022-12-15,348,12,0.0,2022,"{""type"":""MultiPoint"",""coordinates"":[]}"
20221216,2022-12-16,349,12,0.0,2022,"{""type"":""MultiPoint"",""coordinates"":[]}"
20221217,2022-12-17,350,12,0.0,2022,"{""type"":""MultiPoint"",""coordinates"":[]}"
20221218,2022-12-18,351,12,0.0,2022,"{""type"":""MultiPoint"",""coordinates"":[]}"
20221219,2022-12-19,352,12,0.0,2022,"{""type"":""MultiPoint"",""coordinates"":[]}"
20221220,2022-12-20,353,12,0.0,2022,"{""type"":""MultiPoint"",""coordinates"":[]}"
20221221,2022-12-21,354,12,0.0,2022,"{""type"":""MultiPoint"",""coordinates"":[]}"
20221222,2022-12-22,355,12,0.0,2022,"{""type"":""MultiPoint"",""coordinates"":[]}"
20221223,2022-12-23,356,12,0.0,2022,"{""type"":""MultiPoint"",""coordinates"":[]}"
20221224,2022-12-24,357,12,0.0,2022,"{""type"":""MultiPoint"",""coordinates"":[]}"
20221225,2022-12-25,358,12,0.0,2022,"{""type"":""MultiPoint"",""coordinates"":[]}"
20221226,2022-12-26,359,12,0.0,2022,"{""type"":""MultiPoint"",""coordinates"":[]}"
20221227,2022-12-27,360,12,0.0,2022,"{""type"":""MultiPoint"",""coordinates"":[]}"
20221228,2022-12-28,361,12,0.0,2022,"{""type"":""MultiPoint"",""coordinates"":[]}"
20221229,2022-12-29,362,12,0.0,2022,"{""type"":""MultiPoint"",""coordinates"":[]}"
20221230,2022-12-30,363,12,0.0,2022,"{""type"":""MultiPoint"",""coordinates"":[]}"
20221231,2022-12-31,364,12,0.0,2022,"{""type"":""MultiPoint"",""coordinates"":[]}"
20230101,2023-01-01,0,1,0.0,2023,"{""type"":""MultiPoint"",""coordinates"":[]}"
20230102,2023-01-02,1,1,0.0,2023,"{""type"":""MultiPoint"",""coordinates"":[]}"
20230103,2023-01-03,2,1,0.0,2023,"{""type"":""MultiPoint"",""coordinates"":[]}"
20230104,2023-01-04,3,1,0.0,2023,"{""type"":""MultiPoint"",""coordinates"":[]}"
20230105,2023-01-05,4,1,0.0,2023,"{""type"":""MultiPoint"",""coordinates"":[]}"
20230106,2023-01-06,5,1,0.0,2023,"{""type"":""MultiPoint"",""coordinates"":[]}"
20230107,2023-01-07,6,1,0.0,2023,"{""type"":""MultiPoint"",""coordinates"":[]}"
20230108,2023-01-08,7,1,0.0,2023,"{""type"":""MultiPoint"",""coordinates"":[]}"
20230109,2023-01-09,8,1,0.0,2023,"{""type"":""MultiPoint"",""coordinates"":[]}"
20230110,2023-01-10,9,1,0.0,2023,"{""type"":""MultiPoint"",""coordinates"":[]}"
20230111,2023-01-11,10,1,0.0,2023,"{""type"":""MultiPoint"",""coordinates"":[]}"
20230112,2023-01-12,11,1,0.0,2023,"{""type"":""MultiPoint"",""coordinates"":[]}"
20230113,2023-01-13,12,1,0.0,2023,"{""type"":""MultiPoint"",""coordinates"":[]}"
20230114,2023-01-14,13,1,0.0,2023,"{""type"":""MultiPoint"",""coordinates"":[]}"
20230115,2023-01-15,14,1,0.0,2023,"{""type"":""MultiPoint"",""coordinates"":[]}"
20230116,2023-01-16,15,1,0.0,2023,"{""type"":""MultiPoint"",""coordinates"":[]}"
20230117,2023-01-17,16,1,0.0,2023,"{""type"":""MultiPoint"",""coordinates"":[]}"
20230118,2023-01-18,17,1,0.0,2023,"{""type"":""MultiPoint"",""coordinates"":[]}"
20230119,2023-01-19,18,1,0.0,2023,"{""type"":""MultiPoint"",""coordinates"":[]}"
20230120,2023-01-20,19,1,0.0,2023,"{""type"":""MultiPoint"",""coordinates"":[]}"
20230121,2023-01-21,20,1,0.0,2023,"{""type"":""MultiPoint"",""coordinates"":[]}"
20230122,2023-01-22,21,1,0.0,2023,"{""type"":""MultiPoint"",""coordinates"":[]}"
20230123,2023-01-23,22,1,0.0,2023,"{""type"":""MultiPoint"",""coordinates"":[]}"
20230124,2023-01-24,23,1,0.0,2023,"{""type"":""MultiPoint"",""coordinates"":[]}"
20230125,2023-01-25,24,1,0.0,2023,"{""type"":""MultiPoint"",""coordinates"":[]}"
20230126,2023-01-26,25,1,0.0,2023,"{""type"":""MultiPoint"",""coordinates"":[]}"
20230127,2023-01-27,26,1,0.0,2023,"{""type"":""MultiPoint"",""coordinates"":[]}"
20230128,2023-01-28,27,1,0.0,2023,"{""type"":""MultiPoint"",""coordinates"":[]}"
20230129,2023-01-29,28,1,0.0,2023,"{""type"":""MultiPoint"",""coordinates"":[]}"
20230130,2023-01-30,29,1,0.0,2023,"{""type"":""MultiPoint"",""coordinates"":[]}"
20230131,2023-01-31,30,1,0.0,2023,"{""type"":""MultiPoint"",""coordinates"":[]}"
20230201,2023-02-01,31,2,0.0,2023,"{""type"":""MultiPoint"",""coordinates"":[]}"
20230202,2023-02-02,32,2,0.0,2023,"{""type"":""MultiPoint"",""coordinates"":[]}"
20230203,2023-02-03,33,2,0.0,2023,"{""type"":""MultiPoint"",""coordinates"":[]}"
20230204,2023-02-04,34,2,0.0,2023,"{""type"":""MultiPoint"",""coordinates"":[]}"
20230205,2023-02-05,35,2,0.0,2023,"{""type"":""MultiPoint"",""coordinates"":[]}"
20230206,2023-02-06,36,2,0.0,2023,"{""type"":""MultiPoint"",""coordinates"":[]}"
20230207,2023-02-07,37,2,0.0,2023,"{""type"":""MultiPoint"",""coordinates"":[]}"
20230208,2023-02-08,38,2,0.0,2023,"{""type"":""MultiPoint"",""coordinates"":[]}"
20230209,2023-02-09,39,2,0.0,2023,"{""type"":""MultiPoint"",""coordinates"":[]}"
20230210,2023-02-10,40,2,0.0,2023,"{""type"":""MultiPoint"",""coordinates"":[]}"
20230211,2023-02-11,41,2,0.0,2023,"{""type"":""MultiPoint"",""coordinates"":[]}"
20230212,2023-02-12,42,2,0.0,2023,"{""type"":""MultiPoint"",""coordinates"":[]}"
20230213,2023-02-13,43,2,0.0,2023,"{""type"":""MultiPoint"",""coordinates"":[]}"
20230214,2023-02-14,44,2,0.0,2023,"{""type"":""MultiPoint"",""coordinates"":[]}"
20230215,2023-02-15,45,2,0.0,2023,"{""type"":""MultiPoint"",""coordinates"":[]}"
20230216,2023-02-16,46,2,0.0,2023,"{""type"":""MultiPoint"",""coordinates"":[]}"
20230217,2023-02-17,47,2,0.0,2023,"{""type"":""MultiPoint"",""coordinates"":[]}"
20230218,2023-02-18,48,2,0.0,2023,"{""type"":""MultiPoint"",""coordinates"":[]}"
20230219,2023-02-19,49,2,0.0,2023,"{""type"":""MultiPoint"",""coordinates"":[]}"
20230220,2023-02-20,50,2,0.0,2023,"{""type"":""MultiPoint"",""coordinates"":[]}"
20230221,2023-02-21,51,2,0.0,2023,"{""type"":""MultiPoint"",""coordinates"":[]}"
20230222,2023-02-22,52,2,0.0,2023,"{""type"":""MultiPoint"",""coordinates"":[]}"
20230223,2023-02-23,53,2,0.0,2023,"{""type"":""MultiPoint"",""coordinates"":[]}"
20230224,2023-02-24,54,2,0.0,2023,"{""type"":""MultiPoint"",""coordinates"":[]}"
20230225,2023-02-25,55,2,0.0,2023,"{""type"":""MultiPoint"",""coordinates"":[]}"
20230226,2023-02-26,56,2,0.0,2023,"{""type"":""MultiPoint"",""coordinates"":[]}"
20230227,2023-02-27,57,2,0.0,2023,"{""type"":""MultiPoint"",""coordinates"":[]}"
20230228,2023-02-28,58,2,0.0,2023,"{""type"":""MultiPoint"",""coordinates"":[]}"
20230301,2023-03-01,59,3,0.0,2023,"{""type"":""MultiPoint"",""coordinates"":[]}"
20230302,2023-03-02,60,3,0.0,2023,"{""type"":""MultiPoint"",""coordinates"":[]}"
20230303,2023-03-03,61,3,0.0,2023,"{""type"":""MultiPoint"",""coordinates"":[]}"
20230304,2023-03-04,62,3,0.0014948414431677924,2023,"{""type"":""MultiPoint"",""coordinates"":[]}"
20230305,2023-03-05,63,3,0.0,2023,"{""type"":""MultiPoint"",""coordinates"":[]}"
20230306,2023-03-06,64,3,0.0,2023,"{""type"":""MultiPoint"",""coordinates"":[]}"
20230307,2023-03-07,65,3,0.001306191688836223,2023,"{""type"":""MultiPoint"",""coordinates"":[]}"
20230308,2023-03-08,66,3,0.0,2023,"{""type"":""MultiPoint"",""coordinates"":[]}"
20230309,2023-03-09,67,3,0.0058226696943067735,2023,"{""type"":""MultiPoint"",""coordinates"":[]}"
20230310,2023-03-10,68,3,5.463803036495893E-4,2023,"{""type"":""MultiPoint"",""coordinates"":[]}"
20230311,2023-03-11,69,3,0.0,2023,"{""type"":""MultiPoint"",""coordinates"":[]}"
20230312,2023-03-12,70,3,0.0,2023,"{""type"":""MultiPoint"",""coordinates"":[]}"
20230313,2023-03-13,71,3,0.0,2023,"{""type"":""MultiPoint"",""coordinates"":[]}"
20230314,2023-03-14,72,3,0.0,2023,"{""type"":""MultiPoint"",""coordinates"":[]}"
20230315,2023-03-15,73,3,0.0,2023,"{""type"":""MultiPoint"",""coordinates"":[]}"
20230316,2023-03-16,74,3,0.0,2023,"{""type"":""MultiPoint"",""coordinates"":[]}"
20230317,2023-03-17,75,3,0.0,2023,"{""type"":""MultiPoint"",""coordinates"":[]}"
20230318,2023-03-18,76,3,0.0,2023,"{""type"":""MultiPoint"",""coordinates"":[]}"
20230319,2023-03-19,77,3,0.11076574751494496,2023,"{""type"":""MultiPoint"",""coordinates"":[]}"
20230320,2023-03-20,78,3,0.18730647944889345,2023,"{""type"":""MultiPoint"",""coordinates"":[]}"
20230321,2023-03-21,79,3,0.45784739730593754,2023,"{""type"":""MultiPoint"",""coordinates"":[]}"
20230322,2023-03-22,80,3,0.21735607806551124,2023,"{""type"":""MultiPoint"",""coordinates"":[]}"
20230323,2023-03-23,81,3,0.022902092418474213,2023,"{""type"":""MultiPoint"",""coordinates"":[]}"
20230324,2023-03-24,82,3,0.0,2023,"{""type"":""MultiPoint"",""coordinates"":[]}"
20230325,2023-03-25,83,3,0.11058686494496722,2023,"{""type"":""MultiPoint"",""coordinates"":[]}"
20230326,2023-03-26,84,3,0.0,2023,"{""type"":""MultiPoint"",""coordinates"":[]}"
20230327,2023-03-27,85,3,0.0,2023,"{""type"":""MultiPoint"",""coordinates"":[]}"
20230328,2023-03-28,86,3,0.0,2023,"{""type"":""MultiPoint"",""coordinates"":[]}"
20230329,2023-03-29,87,3,0.0,2023,"{""type"":""MultiPoint"",""coordinates"":[]}"
20230330,2023-03-30,88,3,0.0,2023,"{""type"":""MultiPoint"",""coordinates"":[]}"
20230331,2023-03-31,89,3,0.01989291954522181,2023,"{""type"":""MultiPoint"",""coordinates"":[]}"
20230401,2023-04-01,90,4,0.0,2023,"{""type"":""MultiPoint"",""coordinates"":[]}"
20230402,2023-04-02,91,4,0.0,2023,"{""type"":""MultiPoint"",""coordinates"":[]}"
20230403,2023-04-03,92,4,0.0,2023,"{""type"":""MultiPoint"",""coordinates"":[]}"
20230404,2023-04-04,93,4,0.5379695657645861,2023,"{""type"":""MultiPoint"",""coordinates"":[]}"
20230405,2023-04-05,94,4,0.0,2023,"{""type"":""MultiPoint"",""coordinates"":[]}"
20230406,2023-04-06,95,4,0.0,2023,"{""type"":""MultiPoint"",""coordinates"":[]}"
20230407,2023-04-07,96,4,0.0,2023,"{""type"":""MultiPoint"",""coordinates"":[]}"
20230408,2023-04-08,97,4,0.30202061914174616,2023,"{""type"":""MultiPoint"",""coordinates"":[]}"
20230409,2023-04-09,98,4,0.0,2023,"{""type"":""MultiPoint"",""coordinates"":[]}"
20230410,2023-04-10,99,4,1.675816614832305,2023,"{""type"":""MultiPoint"",""coordinates"":[]}"
20230411,2023-04-11,100,4,0.3800001494493502,2023,"{""type"":""MultiPoint"",""coordinates"":[]}"
20230412,2023-04-12,101,4,1.2064933158142963,2023,"{""type"":""MultiPoint"",""coordinates"":[]}"
20230413,2023-04-13,102,4,0.0,2023,"{""type"":""MultiPoint"",""coordinates"":[]}"
20230414,2023-04-14,103,4,0.0,2023,"{""type"":""MultiPoint"",""coordinates"":[]}"
20230415,2023-04-15,104,4,0.0,2023,"{""type"":""MultiPoint"",""coordinates"":[]}"
20230416,2023-04-16,105,4,2.0440876637031167,2023,"{""type"":""MultiPoint"",""coordinates"":[]}"
20230417,2023-04-17,106,4,1.1380314414372277,2023,"{""type"":""MultiPoint"",""coordinates"":[]}"
20230418,2023-04-18,107,4,0.0,2023,"{""type"":""MultiPoint"",""coordinates"":[]}"
20230419,2023-04-19,108,4,0.013957369525873157,2023,"{""type"":""MultiPoint"",""coordinates"":[]}"
20230420,2023-04-20,109,4,0.0,2023,"{""type"":""MultiPoint"",""coordinates"":[]}"
20230421,2023-04-21,110,4,0.0,2023,"{""type"":""MultiPoint"",""coordinates"":[]}"
20230422,2023-04-22,111,4,0.0,2023,"{""type"":""MultiPoint"",""coordinates"":[]}"
20230423,2023-04-23,112,4,2.875961451772228,2023,"{""type"":""MultiPoint"",""coordinates"":[]}"
20230424,2023-04-24,113,4,1.8576677799885948,2023,"{""type"":""MultiPoint"",""coordinates"":[]}"
20230425,2023-04-25,114,4,0.22921306256091956,2023,"{""type"":""MultiPoint"",""coordinates"":[]}"
20230426,2023-04-26,115,4,0.0,2023,"{""type"":""MultiPoint"",""coordinates"":[]}"
20230427,2023-04-27,116,4,5.043085600319748E-4,2023,"{""type"":""MultiPoint"",""coordinates"":[]}"
20230428,2023-04-28,117,4,0.0,2023,"{""type"":""MultiPoint"",""coordinates"":[]}"
20230429,2023-04-29,118,4,0.0,2023,"{""type"":""MultiPoint"",""coordinates"":[]}"
20230430,2023-04-30,119,4,0.45522621974635297,2023,"{""type"":""MultiPoint"",""coordinates"":[]}"
20230501,2023-05-01,120,5,0.0,2023,"{""type"":""MultiPoint"",""coordinates"":[]}"
20230502,2023-05-02,121,5,0.0,2023,"{""type"":""MultiPoint"",""coordinates"":[]}"
20230503,2023-05-03,122,5,0.8073022052495167,2023,"{""type"":""MultiPoint"",""coordinates"":[]}"
20230504,2023-05-04,123,5,0.0,2023,"{""type"":""MultiPoint"",""coordinates"":[]}"
20230505,2023-05-05,124,5,0.0,2023,"{""type"":""MultiPoint"",""coordinates"":[]}"
20230506,2023-05-06,125,5,0.0,2023,"{""type"":""MultiPoint"",""coordinates"":[]}"
20230507,2023-05-07,126,5,0.0,2023,"{""type"":""MultiPoint"",""coordinates"":[]}"
20230508,2023-05-08,127,5,0.0,2023,"{""type"":""MultiPoint"",""coordinates"":[]}"
20230509,2023-05-09,128,5,0.028651986459288934,2023,"{""type"":""MultiPoint"",""coordinates"":[]}"
20230510,2023-05-10,129,5,1.2803402625114333,2023,"{""type"":""MultiPoint"",""coordinates"":[]}"
20230511,2023-05-11,130,5,3.8374577736377624,2023,"{""type"":""MultiPoint"",""coordinates"":[]}"
20230512,2023-05-12,131,5,0.03068375337192341,2023,"{""type"":""MultiPoint"",""coordinates"":[]}"
20230513,2023-05-13,132,5,0.1699903565223771,2023,"{""type"":""MultiPoint"",""coordinates"":[]}"
20230514,2023-05-14,133,5,0.0,2023,"{""type"":""MultiPoint"",""coordinates"":[]}"
20230515,2023-05-15,134,5,1.0056937294776993,2023,"{""type"":""MultiPoint"",""coordinates"":[]}"
20230516,2023-05-16,135,5,3.35515464025102,2023,"{""type"":""MultiPoint"",""coordinates"":[]}"
20230517,2023-05-17,136,5,6.748168986678053,2023,"{""type"":""MultiPoint"",""coordinates"":[]}"
20230518,2023-05-18,137,5,0.37102099979813913,2023,"{""type"":""MultiPoint"",""coordinates"":[]}"
20230519,2023-05-19,138,5,1.3935548765018542,2023,"{""type"":""MultiPoint"",""coordinates"":[]}"
20230520,2023-05-20,139,5,0.1893368994606488,2023,"{""type"":""MultiPoint"",""coordinates"":[]}"
20230521,2023-05-21,140,5,4.464895399614568,2023,"{""type"":""MultiPoint"",""coordinates"":[]}"
20230522,2023-05-22,141,5,1.3103814006772554,2023,"{""type"":""MultiPoint"",""coordinates"":[]}"
20230523,2023-05-23,142,5,4.426036601492521,2023,"{""type"":""MultiPoint"",""coordinates"":[]}"
20230524,2023-05-24,143,5,3.4530679295619753,2023,"{""type"":""MultiPoint"",""coordinates"":[]}"
20230525,2023-05-25,144,5,0.0,2023,"{""type"":""MultiPoint"",""coordinates"":[]}"
20230526,2023-05-26,145,5,7.286423753620165,2023,"{""type"":""MultiPoint"",""coordinates"":[]}"
20230527,2023-05-27,146,5,1.839667322140303,2023,"{""type"":""MultiPoint"",""coordinates"":[]}"
20230528,2023-05-28,147,5,10.341996923818002,2023,"{""type"":""MultiPoint"",""coordinates"":[]}"
20230529,2023-05-29,148,5,2.318273721531751,2023,"{""type"":""MultiPoint"",""coordinates"":[]}"
20230530,2023-05-30,149,5,0.0,2023,"{""type"":""MultiPoint"",""coordinates"":[]}"
20230531,2023-05-31,150,5,6.163530229034697,2023,"{""type"":""MultiPoint"",""coordinates"":[]}"
20230601,2023-06-01,151,6,0.05332585537072384,2023,"{""type"":""MultiPoint"",""coordinates"":[]}"
20230602,2023-06-02,152,6,13.290697014575006,2023,"{""type"":""MultiPoint"",""coordinates"":[]}"
20230603,2023-06-03,153,6,8.165787133492442,2023,"{""type"":""MultiPoint"",""coordinates"":[]}"
20230604,2023-06-04,154,6,2.3278962087338453,2023,"{""type"":""MultiPoint"",""coordinates"":[]}"
20230605,2023-06-05,155,6,1.7690806847842622,2023,"{""type"":""MultiPoint"",""coordinates"":[]}"
20230606,2023-06-06,156,6,22.217536739652335,2023,"{""type"":""MultiPoint"",""coordinates"":[]}"
20230607,2023-06-07,157,6,0.0,2023,"{""type"":""MultiPoint"",""coordinates"":[]}"
20230608,2023-06-08,158,6,0.0,2023,"{""type"":""MultiPoint"",""coordinates"":[]}"
20230609,2023-06-09,159,6,9.277467946860785,2023,"{""type"":""MultiPoint"",""coordinates"":[]}"
20230610,2023-06-10,160,6,0.001241910620523363,2023,"{""type"":""MultiPoint"",""coordinates"":[]}"
20230611,2023-06-11,161,6,16.38566994983434,2023,"{""type"":""MultiPoint"",""coordinates"":[]}"
20230612,2023-06-12,162,6,1.030728379058989,2023,"{""type"":""MultiPoint"",""coordinates"":[]}"
20230613,2023-06-13,163,6,0.11368122656148456,2023,"{""type"":""MultiPoint"",""coordinates"":[]}"
20230614,2023-06-14,164,6,11.534404049157672,2023,"{""type"":""MultiPoint"",""coordinates"":[]}"
20230615,2023-06-15,165,6,0.0,2023,"{""type"":""MultiPoint"",""coordinates"":[]}"
20230616,2023-06-16,166,6,10.513404137782707,2023,"{""type"":""MultiPoint"",""coordinates"":[]}"
20230617,2023-06-17,167,6,10.316883772806404,2023,"{""type"":""MultiPoint"",""coordinates"":[]}"
20230618,2023-06-18,168,6,6.479973991074451,2023,"{""type"":""MultiPoint"",""coordinates"":[]}"
20230619,2023-06-19,169,6,3.3692409190878485,2023,"{""type"":""MultiPoint"",""coordinates"":[]}"
20230620,2023-06-20,170,6,0.0,2023,"{""type"":""MultiPoint"",""coordinates"":[]}"
20230621,2023-06-21,171,6,4.962681711959612,2023,"{""type"":""MultiPoint"",""coordinates"":[]}"
20230622,2023-06-22,172,6,0.0,2023,"{""type"":""MultiPoint"",""coordinates"":[]}"
20230623,2023-06-23,173,6,16.218784771430233,2023,"{""type"":""MultiPoint"",""coordinates"":[]}"
20230624,2023-06-24,174,6,0.44840272125996655,2023,"{""type"":""MultiPoint"",""coordinates"":[]}"
20230625,2023-06-25,175,6,2.230330842064026,2023,"{""type"":""MultiPoint"",""coordinates"":[]}"
20230626,2023-06-26,176,6,12.42001263498906,2023,"{""type"":""MultiPoint"",""coordinates"":[]}"
20230627,2023-06-27,177,6,3.6072864528693027,2023,"{""type"":""MultiPoint"",""coordinates"":[]}"
20230628,2023-06-28,178,6,30.81136843265225,2023,"{""type"":""MultiPoint"",""coordinates"":[]}"
20230629,2023-06-29,179,6,23.49701661831272,2023,"{""type"":""MultiPoint"",""coordinates"":[]}"
20230630,2023-06-30,180,6,0.0,2023,"{""type"":""MultiPoint"",""coordinates"":[]}"
20230701,2023-07-01,181,7,2.3902193127256455,2023,"{""type"":""MultiPoint"",""coordinates"":[]}"
20230702,2023-07-02,182,7,9.077896925075667,2023,"{""type"":""MultiPoint"",""coordinates"":[]}"
20230703,2023-07-03,183,7,13.158605576222616,2023,"{""type"":""MultiPoint"",""coordinates"":[]}"
20230704,2023-07-04,184,7,3.764660272959035,2023,"{""type"":""MultiPoint"",""coordinates"":[]}"
20230705,2023-07-05,185,7,11.08210758512198,2023,"{""type"":""MultiPoint"",""coordinates"":[]}"
20230706,2023-07-06,186,7,0.0,2023,"{""type"":""MultiPoint"",""coordinates"":[]}"
20230707,2023-07-07,187,7,15.822012785237057,2023,"{""type"":""MultiPoint"",""coordinates"":[]}"
20230708,2023-07-08,188,7,0.19208047252571164,2023,"{""type"":""MultiPoint"",""coordinates"":[]}"
20230709,2023-07-09,189,7,8.310337891505954,2023,"{""type"":""MultiPoint"",""coordinates"":[]}"
20230710,2023-07-10,190,7,7.390872721295233,2023,"{""type"":""MultiPoint"",""coordinates"":[]}"
20230711,2023-07-11,191,7,2.0948379257452983,2023,"{""type"":""MultiPoint"",""coordinates"":[]}"
20230712,2023-07-12,192,7,8.187075426517607,2023,"{""type"":""MultiPoint"",""coordinates"":[]}"
20230713,2023-07-13,193,7,7.242942407547212,2023,"{""type"":""MultiPoint"",""coordinates"":[]}"
20230714,2023-07-14,194,7,18.969042247062774,2023,"{""type"":""MultiPoint"",""coordinates"":[]}"
20230715,2023-07-15,195,7,9.713091475818624,2023,"{""type"":""MultiPoint"",""coordinates"":[]}"
20230716,2023-07-16,196,7,0.0,2023,"{""type"":""MultiPoint"",""coordinates"":[]}"
20230717,2023-07-17,197,7,0.044388949268996114,2023,"{""type"":""MultiPoint"",""coordinates"":[]}"
20230718,2023-07-18,198,7,6.340096277349136,2023,"{""type"":""MultiPoint"",""coordinates"":[]}"
20230719,2023-07-19,199,7,0.0,2023,"{""type"":""MultiPoint"",""coordinates"":[]}"
20230720,2023-07-20,200,7,5.782921589443202,2023,"{""type"":""MultiPoint"",""coordinates"":[]}"
20230721,2023-07-21,201,7,1.879733552458641,2023,"{""type"":""MultiPoint"",""coordinates"":[]}"
20230722,2023-07-22,202,7,9.177300987538311,2023,"{""type"":""MultiPoint"",""coordinates"":[]}"
20230723,2023-07-23,203,7,11.979435797468653,2023,"{""type"":""MultiPoint"",""coordinates"":[]}"
20230724,2023-07-24,204,7,0.0,2023,"{""type"":""MultiPoint"",""coordinates"":[]}"
20230725,2023-07-25,205,7,0.10402983640722531,2023,"{""type"":""MultiPoint"",""coordinates"":[]}"
20230726,2023-07-26,206,7,2.297633010577532,2023,"{""type"":""MultiPoint"",""coordinates"":[]}"
20230727,2023-07-27,207,7,3.3371156527042674,2023,"{""type"":""MultiPoint"",""coordinates"":[]}"
20230728,2023-07-28,208,7,9.086634964299783,2023,"{""type"":""MultiPoint"",""coordinates"":[]}"
20230729,2023-07-29,209,7,0.04083510473662732,2023,"{""type"":""MultiPoint"",""coordinates"":[]}"
20230730,2023-07-30,210,7,9.409134024415872,2023,"{""type"":""MultiPoint"",""coordinates"":[]}"
20230731,2023-07-31,211,7,10.024452629408566,2023,"{""type"":""MultiPoint"",""coordinates"":[]}"
20230801,2023-08-01,212,8,15.018711265749824,2023,"{""type"":""MultiPoint"",""coordinates"":[]}"
20230802,2023-08-02,213,8,0.0,2023,"{""type"":""MultiPoint"",""coordinates"":[]}"
20230803,2023-08-03,214,8,0.8676299977996699,2023,"{""type"":""MultiPoint"",""coordinates"":[]}"
20230804,2023-08-04,215,8,1.9550170845550037,2023,"{""type"":""MultiPoint"",""coordinates"":[]}"
20230805,2023-08-05,216,8,12.996976597423858,2023,"{""type"":""MultiPoint"",""coordinates"":[]}"
20230806,2023-08-06,217,8,16.296630805165346,2023,"{""type"":""MultiPoint"",""coordinates"":[]}"
20230807,2023-08-07,218,8,0.0,2023,"{""type"":""MultiPoint"",""coordinates"":[]}"
20230808,2023-08-08,219,8,5.151910684679635,2023,"{""type"":""MultiPoint"",""coordinates"":[]}"
20230809,2023-08-09,220,8,36.262512684529504,2023,"{""type"":""MultiPoint"",""coordinates"":[]}"
20230810,2023-08-10,221,8,5.233240824072496,2023,"{""type"":""MultiPoint"",""coordinates"":[]}"
20230811,2023-08-11,222,8,2.2337648946475364,2023,"{""type"":""MultiPoint"",""coordinates"":[]}"
20230812,2023-08-12,223,8,10.817584091423761,2023,"{""type"":""MultiPoint"",""coordinates"":[]}"
20230813,2023-08-13,224,8,0.8057443685261513,2023,"{""type"":""MultiPoint"",""coordinates"":[]}"
20230814,2023-08-14,225,8,10.753575633553895,2023,"{""type"":""MultiPoint"",""coordinates"":[]}"
20230815,2023-08-15,226,8,11.738793648311608,2023,"{""type"":""MultiPoint"",""coordinates"":[]}"
20230816,2023-08-16,227,8,8.092195902325939,2023,"{""type"":""MultiPoint"",""coordinates"":[]}"
20230817,2023-08-17,228,8,0.0,2023,"{""type"":""MultiPoint"",""coordinates"":[]}"
20230818,2023-08-18,229,8,12.866251142833885,2023,"{""type"":""MultiPoint"",""coordinates"":[]}"
20230819,2023-08-19,230,8,0.0,2023,"{""type"":""MultiPoint"",""coordinates"":[]}"
20230820,2023-08-20,231,8,10.870793259198134,2023,"{""type"":""MultiPoint"",""coordinates"":[]}"
20230821,2023-08-21,232,8,0.0,2023,"{""type"":""MultiPoint"",""coordinates"":[]}"
20230822,2023-08-22,233,8,0.7908040687669075,2023,"{""type"":""MultiPoint"",""coordinates"":[]}"
20230823,2023-08-23,234,8,0.17506996384467857,2023,"{""type"":""MultiPoint"",""coordinates"":[]}"
20230824,2023-08-24,235,8,0.0,2023,"{""type"":""MultiPoint"",""coordinates"":[]}"
20230825,2023-08-25,236,8,0.0,2023,"{""type"":""MultiPoint"",""coordinates"":[]}"
20230826,2023-08-26,237,8,11.594567360465279,2023,"{""type"":""MultiPoint"",""coordinates"":[]}"
20230827,2023-08-27,238,8,16.798716556249126,2023,"{""type"":""MultiPoint"",""coordinates"":[]}"
20230828,2023-08-28,239,8,0.0,2023,"{""type"":""MultiPoint"",""coordinates"":[]}"
20230829,2023-08-29,240,8,13.99075938206093,2023,"{""type"":""MultiPoint"",""coordinates"":[]}"
20230830,2023-08-30,241,8,2.115901963454375,2023,"{""type"":""MultiPoint"",""coordinates"":[]}"
20230831,2023-08-31,242,8,5.918340376424989,2023,"{""type"":""MultiPoint"",""coordinates"":[]}"
20230901,2023-09-01,243,9,13.472071809423017,2023,"{""type"":""MultiPoint"",""coordinates"":[]}"
20230902,2023-09-02,244,9,0.0,2023,"{""type"":""MultiPoint"",""coordinates"":[]}"
20230903,2023-09-03,245,9,14.99088615935778,2023,"{""type"":""MultiPoint"",""coordinates"":[]}"
20230904,2023-09-04,246,9,0.0012536243439476237,2023,"{""type"":""MultiPoint"",""coordinates"":[]}"
20230905,2023-09-05,247,9,3.0155696097306155,2023,"{""type"":""MultiPoint"",""coordinates"":[]}"
20230906,2023-09-06,248,9,0.0,2023,"{""type"":""MultiPoint"",""coordinates"":[]}"
20230907,2023-09-07,249,9,5.546530261750881,2023,"{""type"":""MultiPoint"",""coordinates"":[]}"
20230908,2023-09-08,250,9,0.05662343959615688,2023,"{""type"":""MultiPoint"",""coordinates"":[]}"
20230909,2023-09-09,251,9,0.0,2023,"{""type"":""MultiPoint"",""coordinates"":[]}"
20230910,2023-09-10,252,9,0.0,2023,"{""type"":""MultiPoint"",""coordinates"":[]}"
20230911,2023-09-11,253,9,14.88678077434072,2023,"{""type"":""MultiPoint"",""coordinates"":[]}"
20230912,2023-09-12,254,9,0.0,2023,"{""type"":""MultiPoint"",""coordinates"":[]}"
20230913,2023-09-13,255,9,0.049930037874164,2023,"{""type"":""MultiPoint"",""coordinates"":[]}"
20230914,2023-09-14,256,9,12.834159889606509,2023,"{""type"":""MultiPoint"",""coordinates"":[]}"
20230915,2023-09-15,257,9,6.558296224012733,2023,"{""type"":""MultiPoint"",""coordinates"":[]}"
20230916,2023-09-16,258,9,4.648993981571617,2023,"{""type"":""MultiPoint"",""coordinates"":[]}"
20230917,2023-09-17,259,9,7.269272303623737,2023,"{""type"":""MultiPoint"",""coordinates"":[]}"
20230918,2023-09-18,260,9,0.5155409321640477,2023,"{""type"":""MultiPoint"",""coordinates"":[]}"
20230919,2023-09-19,261,9,1.946601326004258,2023,"{""type"":""MultiPoint"",""coordinates"":[]}"
20230920,2023-09-20,262,9,0.0,2023,"{""type"":""MultiPoint"",""coordinates"":[]}"
20230921,2023-09-21,263,9,0.0,2023,"{""type"":""MultiPoint"",""coordinates"":[]}"
20230922,2023-09-22,264,9,7.603223556149098,2023,"{""type"":""MultiPoint"",""coordinates"":[]}"
20230923,2023-09-23,265,9,0.6914374435932523,2023,"{""type"":""MultiPoint"",""coordinates"":[]}"
20230924,2023-09-24,266,9,0.0,2023,"{""type"":""MultiPoint"",""coordinates"":[]}"
20230925,2023-09-25,267,9,1.4472390199137293,2023,"{""type"":""MultiPoint"",""coordinates"":[]}"
20230926,2023-09-26,268,9,0.0,2023,"{""type"":""MultiPoint"",""coordinates"":[]}"
20230927,2023-09-27,269,9,0.0,2023,"{""type"":""MultiPoint"",""coordinates"":[]}"
20230928,2023-09-28,270,9,11.60572948425589,2023,"{""type"":""MultiPoint"",""coordinates"":[]}"
20230929,2023-09-29,271,9,0.15324109973329486,2023,"{""type"":""MultiPoint"",""coordinates"":[]}"
20230930,2023-09-30,272,9,5.500258527431992,2023,"{""type"":""MultiPoint"",""coordinates"":[]}"
20231001,2023-10-01,273,10,7.787833048863371,2023,"{""type"":""MultiPoint"",""coordinates"":[]}"
20231002,2023-10-02,274,10,0.38245335832211635,2023,"{""type"":""MultiPoint"",""coordinates"":[]}"
20231003,2023-10-03,275,10,0.0,2023,"{""type"":""MultiPoint"",""coordinates"":[]}"
20231004,2023-10-04,276,10,2.269434300335971,2023,"{""type"":""MultiPoint"",""coordinates"":[]}"
20231005,2023-10-05,277,10,0.8730029265085856,2023,"{""type"":""MultiPoint"",""coordinates"":[]}"
20231006,2023-10-06,278,10,5.7093843588807305,2023,"{""type"":""MultiPoint"",""coordinates"":[]}"
20231007,2023-10-07,279,10,0.0,2023,"{""type"":""MultiPoint"",""coordinates"":[]}"
20231008,2023-10-08,280,10,0.0,2023,"{""type"":""MultiPoint"",""coordinates"":[]}"
20231009,2023-10-09,281,10,0.0,2023,"{""type"":""MultiPoint"",""coordinates"":[]}"
20231010,2023-10-10,282,10,0.0,2023,"{""type"":""MultiPoint"",""coordinates"":[]}"
20231011,2023-10-11,283,10,0.0,2023,"{""type"":""MultiPoint"",""coordinates"":[]}"
20231012,2023-10-12,284,10,2.7048748515577308,2023,"{""type"":""MultiPoint"",""coordinates"":[]}"
20231013,2023-10-13,285,10,0.0,2023,"{""type"":""MultiPoint"",""coordinates"":[]}"
20231014,2023-10-14,286,10,0.0,2023,"{""type"":""MultiPoint"",""coordinates"":[]}"
20231015,2023-10-15,287,10,0.055410653653770986,2023,"{""type"":""MultiPoint"",""coordinates"":[]}"
20231016,2023-10-16,288,10,0.0,2023,"{""type"":""MultiPoint"",""coordinates"":[]}"
20231017,2023-10-17,289,10,0.0,2023,"{""type"":""MultiPoint"",""coordinates"":[]}"
20231018,2023-10-18,290,10,0.0,2023,"{""type"":""MultiPoint"",""coordinates"":[]}"
20231019,2023-10-19,291,10,0.0,2023,"{""type"":""MultiPoint"",""coordinates"":[]}"
20231020,2023-10-20,292,10,0.023437935566047462,2023,"{""type"":""MultiPoint"",""coordinates"":[]}"
20231021,2023-10-21,293,10,0.0,2023,"{""type"":""MultiPoint"",""coordinates"":[]}"
20231022,2023-10-22,294,10,0.0,2023,"{""type"":""MultiPoint"",""coordinates"":[]}"
20231023,2023-10-23,295,10,0.0,2023,"{""type"":""MultiPoint"",""coordinates"":[]}"
20231024,2023-10-24,296,10,0.0,2023,"{""type"":""MultiPoint"",""coordinates"":[]}"
20231025,2023-10-25,297,10,0.0,2023,"{""type"":""MultiPoint"",""coordinates"":[]}"
20231026,2023-10-26,298,10,0.0,2023,"{""type"":""MultiPoint"",""coordinates"":[]}"
20231027,2023-10-27,299,10,0.0,2023,"{""type"":""MultiPoint"",""coordinates"":[]}"
20231028,2023-10-28,300,10,0.0,2023,"{""type"":""MultiPoint"",""coordinates"":[]}"
20231029,2023-10-29,301,10,0.0,2023,"{""type"":""MultiPoint"",""coordinates"":[]}"
20231030,2023-10-30,302,10,1.7407747959472042,2023,"{""type"":""MultiPoint"",""coordinates"":[]}"
20231031,2023-10-31,303,10,0.0,2023,"{""type"":""MultiPoint"",""coordinates"":[]}"
20231101,2023-11-01,304,11,3.361523414866998,2023,"{""type"":""MultiPoint"",""coordinates"":[]}"
20231102,2023-11-02,305,11,0.0,2023,"{""type"":""MultiPoint"",""coordinates"":[]}"
20231103,2023-11-03,306,11,0.05011095080335061,2023,"{""type"":""MultiPoint"",""coordinates"":[]}"
20231104,2023-11-04,307,11,0.0,2023,"{""type"":""MultiPoint"",""coordinates"":[]}"
20231105,2023-11-05,308,11,0.0,2023,"{""type"":""MultiPoint"",""coordinates"":[]}"
20231106,2023-11-06,309,11,0.0,2023,"{""type"":""MultiPoint"",""coordinates"":[]}"
20231107,2023-11-07,310,11,0.0,2023,"{""type"":""MultiPoint"",""coordinates"":[]}"
20231108,2023-11-08,311,11,0.17897347011857043,2023,"{""type"":""MultiPoint"",""coordinates"":[]}"
20231109,2023-11-09,312,11,0.0,2023,"{""type"":""MultiPoint"",""coordinates"":[]}"
20231110,2023-11-10,313,11,0.004866198930062264,2023,"{""type"":""MultiPoint"",""coordinates"":[]}"
20231111,2023-11-11,314,11,0.0022408276645824164,2023,"{""type"":""MultiPoint"",""coordinates"":[]}"
20231112,2023-11-12,315,11,0.0,2023,"{""type"":""MultiPoint"",""coordinates"":[]}"
20231113,2023-11-13,316,11,0.0,2023,"{""type"":""MultiPoint"",""coordinates"":[]}"
20231114,2023-11-14,317,11,0.0,2023,"{""type"":""MultiPoint"",""coordinates"":[]}"
20231115,2023-11-15,318,11,0.003979385062937077,2023,"{""type"":""MultiPoint"",""coordinates"":[]}"
20231116,2023-11-16,319,11,0.0,2023,"{""type"":""MultiPoint"",""coordinates"":[]}"
20231117,2023-11-17,320,11,0.0,2023,"{""type"":""MultiPoint"",""coordinates"":[]}"
20231118,2023-11-18,321,11,0.0,2023,"{""type"":""MultiPoint"",""coordinates"":[]}"
20231119,2023-11-19,322,11,0.0,2023,"{""type"":""MultiPoint"",""coordinates"":[]}"
20231120,2023-11-20,323,11,0.0,2023,"{""type"":""MultiPoint"",""coordinates"":[]}"
20231121,2023-11-21,324,11,0.0,2023,"{""type"":""MultiPoint"",""coordinates"":[]}"
20231122,2023-11-22,325,11,0.0,2023,"{""type"":""MultiPoint"",""coordinates"":[]}"
20231123,2023-11-23,326,11,0.0,2023,"{""type"":""MultiPoint"",""coordinates"":[]}"
20231124,2023-11-24,327,11,0.0,2023,"{""type"":""MultiPoint"",""coordinates"":[]}"
20231125,2023-11-25,328,11,0.0,2023,"{""type"":""MultiPoint"",""coordinates"":[]}"
20231126,2023-11-26,329,11,0.0,2023,"{""type"":""MultiPoint"",""coordinates"":[]}"
20231127,2023-11-27,330,11,0.0,2023,"{""type"":""MultiPoint"",""coordinates"":[]}"
20231128,2023-11-28,331,11,0.0,2023,"{""type"":""MultiPoint"",""coordinates"":[]}"
20231129,2023-11-29,332,11,0.0,2023,"{""type"":""MultiPoint"",""coordinates"":[]}"
20231130,2023-11-30,333,11,0.0,2023,"{""type"":""MultiPoint"",""coordinates"":[]}"
20231201,2023-12-01,334,12,0.0,2023,"{""type"":""MultiPoint"",""coordinates"":[]}"
20231202,2023-12-02,335,12,0.0,2023,"{""type"":""MultiPoint"",""coordinates"":[]}"
20231203,2023-12-03,336,12,0.0,2023,"{""type"":""MultiPoint"",""coordinates"":[]}"
20231204,2023-12-04,337,12,0.0,2023,"{""type"":""MultiPoint"",""coordinates"":[]}"
20231205,2023-12-05,338,12,0.0,2023,"{""type"":""MultiPoint"",""coordinates"":[]}"
20231206,2023-12-06,339,12,0.0,2023,"{""type"":""MultiPoint"",""coordinates"":[]}"
20231207,2023-12-07,340,12,0.0,2023,"{""type"":""MultiPoint"",""coordinates"":[]}"
20231208,2023-12-08,341,12,0.0,2023,"{""type"":""MultiPoint"",""coordinates"":[]}"
20231209,2023-12-09,342,12,0.0,2023,"{""type"":""MultiPoint"",""coordinates"":[]}"
20231210,2023-12-10,343,12,0.002036669413850765,2023,"{""type"":""MultiPoint"",""coordinates"":[]}"
20231211,2023-12-11,344,12,0.0,2023,"{""type"":""MultiPoint"",""coordinates"":[]}"
20231212,2023-12-12,345,12,0.0,2023,"{""type"":""MultiPoint"",""coordinates"":[]}"
20231213,2023-12-13,346,12,0.0,2023,"{""type"":""MultiPoint"",""coordinates"":[]}"
20231214,2023-12-14,347,12,0.0,2023,"{""type"":""MultiPoint"",""coordinates"":[]}"
20231215,2023-12-15,348,12,0.0,2023,"{""type"":""MultiPoint"",""coordinates"":[]}"
20231216,2023-12-16,349,12,0.0,2023,"{""type"":""MultiPoint"",""coordinates"":[]}"
20231217,2023-12-17,350,12,0.0,2023,"{""type"":""MultiPoint"",""coordinates"":[]}"
20231218,2023-12-18,351,12,0.0,2023,"{""type"":""MultiPoint"",""coordinates"":[]}"
20231219,2023-12-19,352,12,0.0,2023,"{""type"":""MultiPoint"",""coordinates"":[]}"
20231220,2023-12-20,353,12,0.0,2023,"{""type"":""MultiPoint"",""coordinates"":[]}"
20231221,2023-12-21,354,12,0.0,2023,"{""type"":""MultiPoint"",""coordinates"":[]}"
20231222,2023-12-22,355,12,0.0,2023,"{""type"":""MultiPoint"",""coordinates"":[]}"
20231223,2023-12-23,356,12,0.0,2023,"{""type"":""MultiPoint"",""coordinates"":[]}"
20231224,2023-12-24,357,12,0.0,2023,"{""type"":""MultiPoint"",""coordinates"":[]}"
20231225,2023-12-25,358,12,0.0,2023,"{""type"":""MultiPoint"",""coordinates"":[]}"
20231226,2023-12-26,359,12,0.0,2023,"{""type"":""MultiPoint"",""coordinates"":[]}"
20231227,2023-12-27,360,12,0.0,2023,"{""type"":""MultiPoint"",""coordinates"":[]}"
20231228,2023-12-28,361,12,0.0,2023,"{""type"":""MultiPoint"",""coordinates"":[]}"
20231229,2023-12-29,362,12,0.0,2023,"{""type"":""MultiPoint"",""coordinates"":[]}"
20231230,2023-12-30,363,12,0.0,2023,"{""type"":""MultiPoint"",""coordinates"":[]}"
20231231,2023-12-31,364,12,0.0,2023,"{""type"":""MultiPoint"",""coordinates"":[]}"
20240101,2024-01-01,0,1,0.0,2024,"{""type"":""MultiPoint"",""coordinates"":[]}"
20240102,2024-01-02,1,1,0.0,2024,"{""type"":""MultiPoint"",""coordinates"":[]}"
20240103,2024-01-03,2,1,0.0,2024,"{""type"":""MultiPoint"",""coordinates"":[]}"
20240104,2024-01-04,3,1,0.0,2024,"{""type"":""MultiPoint"",""coordinates"":[]}"
20240105,2024-01-05,4,1,0.0,2024,"{""type"":""MultiPoint"",""coordinates"":[]}"
20240106,2024-01-06,5,1,0.0,2024,"{""type"":""MultiPoint"",""coordinates"":[]}"
20240107,2024-01-07,6,1,0.0,2024,"{""type"":""MultiPoint"",""coordinates"":[]}"
20240108,2024-01-08,7,1,0.0,2024,"{""type"":""MultiPoint"",""coordinates"":[]}"
20240109,2024-01-09,8,1,0.0,2024,"{""type"":""MultiPoint"",""coordinates"":[]}"
20240110,2024-01-10,9,1,0.0,2024,"{""type"":""MultiPoint"",""coordinates"":[]}"
20240111,2024-01-11,10,1,0.0,2024,"{""type"":""MultiPoint"",""coordinates"":[]}"
20240112,2024-01-12,11,1,0.0,2024,"{""type"":""MultiPoint"",""coordinates"":[]}"
20240113,2024-01-13,12,1,0.0,2024,"{""type"":""MultiPoint"",""coordinates"":[]}"
20240114,2024-01-14,13,1,0.0,2024,"{""type"":""MultiPoint"",""coordinates"":[]}"
20240115,2024-01-15,14,1,0.0,2024,"{""type"":""MultiPoint"",""coordinates"":[]}"
20240116,2024-01-16,15,1,0.0,2024,"{""type"":""MultiPoint"",""coordinates"":[]}"
20240117,2024-01-17,16,1,0.0,2024,"{""type"":""MultiPoint"",""coordinates"":[]}"
20240118,2024-01-18,17,1,0.0,2024,"{""type"":""MultiPoint"",""coordinates"":[]}"
20240119,2024-01-19,18,1,0.0,2024,"{""type"":""MultiPoint"",""coordinates"":[]}"
20240120,2024-01-20,19,1,0.0,2024,"{""type"":""MultiPoint"",""coordinates"":[]}"
20240121,2024-01-21,20,1,0.0,2024,"{""type"":""MultiPoint"",""coordinates"":[]}"
20240122,2024-01-22,21,1,0.0,2024,"{""type"":""MultiPoint"",""coordinates"":[]}"
20240123,2024-01-23,22,1,0.0,2024,"{""type"":""MultiPoint"",""coordinates"":[]}"
20240124,2024-01-24,23,1,0.0,2024,"{""type"":""MultiPoint"",""coordinates"":[]}"
20240125,2024-01-25,24,1,0.0,2024,"{""type"":""MultiPoint"",""coordinates"":[]}"
20240126,2024-01-26,25,1,2.9487816004917717E-10,2024,"{""type"":""MultiPoint"",""coordinates"":[]}"
20240127,2024-01-27,26,1,0.0,2024,"{""type"":""MultiPoint"",""coordinates"":[]}"
20240128,2024-01-28,27,1,0.0,2024,"{""type"":""MultiPoint"",""coordinates"":[]}"
20240129,2024-01-29,28,1,0.0,2024,"{""type"":""MultiPoint"",""coordinates"":[]}"
20240130,2024-01-30,29,1,0.0,2024,"{""type"":""MultiPoint"",""coordinates"":[]}"
20240131,2024-01-31,30,1,0.0,2024,"{""type"":""MultiPoint"",""coordinates"":[]}"
20240201,2024-02-01,31,2,0.0,2024,"{""type"":""MultiPoint"",""coordinates"":[]}"
20240202,2024-02-02,32,2,0.0,2024,"{""type"":""MultiPoint"",""coordinates"":[]}"
20240203,2024-02-03,33,2,0.0,2024,"{""type"":""MultiPoint"",""coordinates"":[]}"
20240204,2024-02-04,34,2,0.0,2024,"{""type"":""MultiPoint"",""coordinates"":[]}"
20240205,2024-02-05,35,2,0.0,2024,"{""type"":""MultiPoint"",""coordinates"":[]}"
20240206,2024-02-06,36,2,0.0,2024,"{""type"":""MultiPoint"",""coordinates"":[]}"
20240207,2024-02-07,37,2,0.0,2024,"{""type"":""MultiPoint"",""coordinates"":[]}"
20240208,2024-02-08,38,2,0.0,2024,"{""type"":""MultiPoint"",""coordinates"":[]}"
20240209,2024-02-09,39,2,0.0,2024,"{""type"":""MultiPoint"",""coordinates"":[]}"
20240210,2024-02-10,40,2,0.0,2024,"{""type"":""MultiPoint"",""coordinates"":[]}"
20240211,2024-02-11,41,2,0.0,2024,"{""type"":""MultiPoint"",""coordinates"":[]}"
20240212,2024-02-12,42,2,0.0,2024,"{""type"":""MultiPoint"",""coordinates"":[]}"
20240213,2024-02-13,43,2,0.0,2024,"{""type"":""MultiPoint"",""coordinates"":[]}"
20240214,2024-02-14,44,2,0.0,2024,"{""type"":""MultiPoint"",""coordinates"":[]}"
20240215,2024-02-15,45,2,0.0,2024,"{""type"":""MultiPoint"",""coordinates"":[]}"
20240216,2024-02-16,46,2,0.0,2024,"{""type"":""MultiPoint"",""coordinates"":[]}"
20240217,2024-02-17,47,2,0.0,2024,"{""type"":""MultiPoint"",""coordinates"":[]}"
20240218,2024-02-18,48,2,1.458342942549589E-5,2024,"{""type"":""MultiPoint"",""coordinates"":[]}"
20240219,2024-02-19,49,2,2.226388308859308E-4,2024,"{""type"":""MultiPoint"",""coordinates"":[]}"
20240220,2024-02-20,50,2,0.0,2024,"{""type"":""MultiPoint"",""coordinates"":[]}"
20240221,2024-02-21,51,2,0.0,2024,"{""type"":""MultiPoint"",""coordinates"":[]}"
20240222,2024-02-22,52,2,0.0,2024,"{""type"":""MultiPoint"",""coordinates"":[]}"
20240223,2024-02-23,53,2,0.0,2024,"{""type"":""MultiPoint"",""coordinates"":[]}"
20240224,2024-02-24,54,2,0.004040474063982631,2024,"{""type"":""MultiPoint"",""coordinates"":[]}"
20240225,2024-02-25,55,2,0.001657337519535926,2024,"{""type"":""MultiPoint"",""coordinates"":[]}"
20240226,2024-02-26,56,2,0.0,2024,"{""type"":""MultiPoint"",""coordinates"":[]}"
20240227,2024-02-27,57,2,0.0,2024,"{""type"":""MultiPoint"",""coordinates"":[]}"
20240228,2024-02-28,58,2,0.0,2024,"{""type"":""MultiPoint"",""coordinates"":[]}"
20240229,2024-02-29,59,2,0.0,2024,"{""type"":""MultiPoint"",""coordinates"":[]}"
20240301,2024-03-01,60,3,0.0,2024,"{""type"":""MultiPoint"",""coordinates"":[]}"
20240302,2024-03-02,61,3,0.0,2024,"{""type"":""MultiPoint"",""coordinates"":[]}"
20240303,2024-03-03,62,3,0.0,2024,"{""type"":""MultiPoint"",""coordinates"":[]}"
20240304,2024-03-04,63,3,0.0,2024,"{""type"":""MultiPoint"",""coordinates"":[]}"
20240305,2024-03-05,64,3,0.0,2024,"{""type"":""MultiPoint"",""coordinates"":[]}"
20240306,2024-03-06,65,3,0.0014399541447861026,2024,"{""type"":""MultiPoint"",""coordinates"":[]}"
20240307,2024-03-07,66,3,0.0,2024,"{""type"":""MultiPoint"",""coordinates"":[]}"
20240308,2024-03-08,67,3,0.0,2024,"{""type"":""MultiPoint"",""coordinates"":[]}"
20240309,2024-03-09,68,3,0.0,2024,"{""type"":""MultiPoint"",""coordinates"":[]}"
20240310,2024-03-10,69,3,0.0,2024,"{""type"":""MultiPoint"",""coordinates"":[]}"
20240311,2024-03-11,70,3,0.0,2024,"{""type"":""MultiPoint"",""coordinates"":[]}"
20240312,2024-03-12,71,3,0.0,2024,"{""type"":""MultiPoint"",""coordinates"":[]}"
20240313,2024-03-13,72,3,0.0,2024,"{""type"":""MultiPoint"",""coordinates"":[]}"
20240314,2024-03-14,73,3,0.0,2024,"{""type"":""MultiPoint"",""coordinates"":[]}"
20240315,2024-03-15,74,3,0.0,2024,"{""type"":""MultiPoint"",""coordinates"":[]}"
20240316,2024-03-16,75,3,0.0,2024,"{""type"":""MultiPoint"",""coordinates"":[]}"
20240317,2024-03-17,76,3,0.0,2024,"{""type"":""MultiPoint"",""coordinates"":[]}"
20240318,2024-03-18,77,3,0.04746115434332682,2024,"{""type"":""MultiPoint"",""coordinates"":[]}"
20240319,2024-03-19,78,3,0.0388158755471008,2024,"{""type"":""MultiPoint"",""coordinates"":[]}"
20240320,2024-03-20,79,3,0.0,2024,"{""type"":""MultiPoint"",""coordinates"":[]}"
20240321,2024-03-21,80,3,0.0,2024,"{""type"":""MultiPoint"",""coordinates"":[]}"
20240322,2024-03-22,81,3,0.0,2024,"{""type"":""MultiPoint"",""coordinates"":[]}"
20240323,2024-03-23,82,3,0.043448972723275796,2024,"{""type"":""MultiPoint"",""coordinates"":[]}"
20240324,2024-03-24,83,3,0.05000047476002664,2024,"{""type"":""MultiPoint"",""coordinates"":[]}"
20240325,2024-03-25,84,3,0.0,2024,"{""type"":""MultiPoint"",""coordinates"":[]}"
20240326,2024-03-26,85,3,0.0,2024,"{""type"":""MultiPoint"",""coordinates"":[]}"
20240327,2024-03-27,86,3,0.0,2024,"{""type"":""MultiPoint"",""coordinates"":[]}"
20240328,2024-03-28,87,3,0.01799672721612333,2024,"{""type"":""MultiPoint"",""coordinates"":[]}"
20240329,2024-03-29,88,3,0.0,2024,"{""type"":""MultiPoint"",""coordinates"":[]}"
20240330,2024-03-30,89,3,0.0,2024,"{""type"":""MultiPoint"",""coordinates"":[]}"
20240331,2024-03-31,90,3,0.0,2024,"{""type"":""MultiPoint"",""coordinates"":[]}"
20240401,2024-04-01,91,4,0.0,2024,"{""type"":""MultiPoint"",""coordinates"":[]}"
20240402,2024-04-02,92,4,0.028175509880263867,2024,"{""type"":""MultiPoint"",""coordinates"":[]}"
20240403,2024-04-03,93,4,0.0,2024,"{""type"":""MultiPoint"",""coordinates"":[]}"
20240404,2024-04-04,94,4,0.018449381144359858,2024,"{""type"":""MultiPoint"",""coordinates"":[]}"
20240405,2024-04-05,95,4,0.0,2024,"{""type"":""MultiPoint"",""coordinates"":[]}"
20240406,2024-04-06,96,4,0.0,2024,"{""type"":""MultiPoint"",""coordinates"":[]}"
20240407,2024-04-07,97,4,0.02372953626844618,2024,"{""type"":""MultiPoint"",""coordinates"":[]}"
20240408,2024-04-08,98,4,0.0,2024,"{""type"":""MultiPoint"",""coordinates"":[]}"
20240409,2024-04-09,99,4,0.013817309129117715,2024,"{""type"":""MultiPoint"",""coordinates"":[]}"
20240410,2024-04-10,100,4,0.0,2024,"{""type"":""MultiPoint"",""coordinates"":[]}"
20240411,2024-04-11,101,4,1.6009133447011072,2024,"{""type"":""MultiPoint"",""coordinates"":[]}"
20240412,2024-04-12,102,4,0.3416566582797636,2024,"{""type"":""MultiPoint"",""coordinates"":[]}"
20240413,2024-04-13,103,4,0.016535319061793063,2024,"{""type"":""MultiPoint"",""coordinates"":[]}"
20240414,2024-04-14,104,4,0.24812681066190687,2024,"{""type"":""MultiPoint"",""coordinates"":[]}"
20240415,2024-04-15,105,4,0.2252290842345047,2024,"{""type"":""MultiPoint"",""coordinates"":[]}"
20240416,2024-04-16,106,4,0.09507850998343748,2024,"{""type"":""MultiPoint"",""coordinates"":[]}"
20240417,2024-04-17,107,4,0.0,2024,"{""type"":""MultiPoint"",""coordinates"":[]}"
20240418,2024-04-18,108,4,0.0,2024,"{""type"":""MultiPoint"",""coordinates"":[]}"
20240419,2024-04-19,109,4,0.13444992555772037,2024,"{""type"":""MultiPoint"",""coordinates"":[]}"
20240420,2024-04-20,110,4,0.0,2024,"{""type"":""MultiPoint"",""coordinates"":[]}"
20240421,2024-04-21,111,4,0.0,2024,"{""type"":""MultiPoint"",""coordinates"":[]}"
20240422,2024-04-22,112,4,0.905874938203642,2024,"{""type"":""MultiPoint"",""coordinates"":[]}"
20240423,2024-04-23,113,4,0.0,2024,"{""type"":""MultiPoint"",""coordinates"":[]}"
20240424,2024-04-24,114,4,0.0,2024,"{""type"":""MultiPoint"",""coordinates"":[]}"
20240425,2024-04-25,115,4,0.0,2024,"{""type"":""MultiPoint"",""coordinates"":[]}"
20240426,2024-04-26,116,4,0.023861969360197435,2024,"{""type"":""MultiPoint"",""coordinates"":[]}"
20240427,2024-04-27,117,4,0.0,2024,"{""type"":""MultiPoint"",""coordinates"":[]}"
20240428,2024-04-28,118,4,0.4346009916209967,2024,"{""type"":""MultiPoint"",""coordinates"":[]}"
20240429,2024-04-29,119,4,0.0,2024,"{""type"":""MultiPoint"",""coordinates"":[]}"
20240430,2024-04-30,120,4,0.0,2024,"{""type"":""MultiPoint"",""coordinates"":[]}"
20240501,2024-05-01,121,5,0.0,2024,"{""type"":""MultiPoint"",""coordinates"":[]}"
20240502,2024-05-02,122,5,0.0,2024,"{""type"":""MultiPoint"",""coordinates"":[]}"
20240503,2024-05-03,123,5,0.0,2024,"{""type"":""MultiPoint"",""coordinates"":[]}"
20240504,2024-05-04,124,5,0.0,2024,"{""type"":""MultiPoint"",""coordinates"":[]}"
20240505,2024-05-05,125,5,0.46533217201565347,2024,"{""type"":""MultiPoint"",""coordinates"":[]}"
20240506,2024-05-06,126,5,0.13389541163589014,2024,"{""type"":""MultiPoint"",""coordinates"":[]}"
20240507,2024-05-07,127,5,0.0,2024,"{""type"":""MultiPoint"",""coordinates"":[]}"
20240508,2024-05-08,128,5,0.0,2024,"{""type"":""MultiPoint"",""coordinates"":[]}"
20240509,2024-05-09,129,5,0.0,2024,"{""type"":""MultiPoint"",""coordinates"":[]}"
20240510,2024-05-10,130,5,0.34181914716268397,2024,"{""type"":""MultiPoint"",""coordinates"":[]}"
20240511,2024-05-11,131,5,1.4791510856182275,2024,"{""type"":""MultiPoint"",""coordinates"":[]}"
20240512,2024-05-12,132,5,0.3756699124098438,2024,"{""type"":""MultiPoint"",""coordinates"":[]}"
20240513,2024-05-13,133,5,0.6097206906956902,2024,"{""type"":""MultiPoint"",""coordinates"":[]}"
20240514,2024-05-14,134,5,3.278576387393874,2024,"{""type"":""MultiPoint"",""coordinates"":[]}"
20240515,2024-05-15,135,5,0.0,2024,"{""type"":""MultiPoint"",""coordinates"":[]}"
20240516,2024-05-16,136,5,2.364334718121895,2024,"{""type"":""MultiPoint"",""coordinates"":[]}"
20240517,2024-05-17,137,5,1.233422081667401,2024,"{""type"":""MultiPoint"",""coordinates"":[]}"
20240518,2024-05-18,138,5,1.4851286147581406E-5,2024,"{""type"":""MultiPoint"",""coordinates"":[]}"
20240519,2024-05-19,139,5,6.281081299798256E-5,2024,"{""type"":""MultiPoint"",""coordinates"":[]}"
20240520,2024-05-20,140,5,4.537384407153264E-8,2024,"{""type"":""MultiPoint"",""coordinates"":[]}"
20240521,2024-05-21,141,5,0.0,2024,"{""type"":""MultiPoint"",""coordinates"":[]}"
20240522,2024-05-22,142,5,0.0,2024,"{""type"":""MultiPoint"",""coordinates"":[]}"
20240523,2024-05-23,143,5,0.0,2024,"{""type"":""MultiPoint"",""coordinates"":[]}"
20240524,2024-05-24,144,5,0.0,2024,"{""type"":""MultiPoint"",""coordinates"":[]}"
20240525,2024-05-25,145,5,2.6218649517028347,2024,"{""type"":""MultiPoint"",""coordinates"":[]}"
20240526,2024-05-26,146,5,1.855419874427389,2024,"{""type"":""MultiPoint"",""coordinates"":[]}"
20240527,2024-05-27,147,5,0.0,2024,"{""type"":""MultiPoint"",""coordinates"":[]}"
20240528,2024-05-28,148,5,3.241008835326187,2024,"{""type"":""MultiPoint"",""coordinates"":[]}"
20240529,2024-05-29,149,5,4.924572065599509,2024,"{""type"":""MultiPoint"",""coordinates"":[]}"
20240530,2024-05-30,150,5,6.162842396675512,2024,"{""type"":""MultiPoint"",""coordinates"":[]}"
20240531,2024-05-31,151,5,0.14184220332064282,2024,"{""type"":""MultiPoint"",""coordinates"":[]}"
20240601,2024-06-01,152,6,12.516087955709825,2024,"{""type"":""MultiPoint"",""coordinates"":[]}"
20240602,2024-06-02,153,6,0.0,2024,"{""type"":""MultiPoint"",""coordinates"":[]}"
20240603,2024-06-03,154,6,1.5801353873911885,2024,"{""type"":""MultiPoint"",""coordinates"":[]}"
20240604,2024-06-04,155,6,5.492473629210863,2024,"{""type"":""MultiPoint"",""coordinates"":[]}"
20240605,2024-06-05,156,6,16.236253895554643,2024,"{""type"":""MultiPoint"",""coordinates"":[]}"
20240606,2024-06-06,157,6,0.0,2024,"{""type"":""MultiPoint"",""coordinates"":[]}"
20240607,2024-06-07,158,6,7.307547113970497,2024,"{""type"":""MultiPoint"",""coordinates"":[]}"
20240608,2024-06-08,159,6,0.0,2024,"{""type"":""MultiPoint"",""coordinates"":[]}"
20240609,2024-06-09,160,6,14.860776286428338,2024,"{""type"":""MultiPoint"",""coordinates"":[]}"
20240610,2024-06-10,161,6,4.52328304390691,2024,"{""type"":""MultiPoint"",""coordinates"":[]}"
20240611,2024-06-11,162,6,4.822124130538393,2024,"{""type"":""MultiPoint"",""coordinates"":[]}"
20240612,2024-06-12,163,6,0.41884871934529316,2024,"{""type"":""MultiPoint"",""coordinates"":[]}"
20240613,2024-06-13,164,6,5.077947010212923,2024,"{""type"":""MultiPoint"",""coordinates"":[]}"
20240614,2024-06-14,165,6,9.865956121445835,2024,"{""type"":""MultiPoint"",""coordinates"":[]}"
20240615,2024-06-15,166,6,1.5592760673063202,2024,"{""type"":""MultiPoint"",""coordinates"":[]}"
20240616,2024-06-16,167,6,0.9412481319694195,2024,"{""type"":""MultiPoint"",""coordinates"":[]}"
20240617,2024-06-17,168,6,6.724674727189988,2024,"{""type"":""MultiPoint"",""coordinates"":[]}"
20240618,2024-06-18,169,6,0.0,2024,"{""type"":""MultiPoint"",""coordinates"":[]}"
20240619,2024-06-19,170,6,0.0,2024,"{""type"":""MultiPoint"",""coordinates"":[]}"
20240620,2024-06-20,171,6,17.7053606383138,2024,"{""type"":""MultiPoint"",""coordinates"":[]}"
20240621,2024-06-21,172,6,5.3900124679628885,2024,"{""type"":""MultiPoint"",""coordinates"":[]}"
20240622,2024-06-22,173,6,0.0,2024,"{""type"":""MultiPoint"",""coordinates"":[]}"
20240623,2024-06-23,174,6,11.767628586252128,2024,"{""type"":""MultiPoint"",""coordinates"":[]}"
20240624,2024-06-24,175,6,0.44971782029277146,2024,"{""type"":""MultiPoint"",""coordinates"":[]}"
20240625,2024-06-25,176,6,9.007961360457676,2024,"{""type"":""MultiPoint"",""coordinates"":[]}"
20240626,2024-06-26,177,6,0.0016060567275206156,2024,"{""type"":""MultiPoint"",""coordinates"":[]}"
20240627,2024-06-27,178,6,10.96981521218478,2024,"{""type"":""MultiPoint"",""coordinates"":[]}"
20240628,2024-06-28,179,6,11.454147065882877,2024,"{""type"":""MultiPoint"",""coordinates"":[]}"
20240629,2024-06-29,180,6,0.0,2024,"{""type"":""MultiPoint"",""coordinates"":[]}"
20240630,2024-06-30,181,6,7.382822502152852,2024,"{""type"":""MultiPoint"",""coordinates"":[]}"
20240701,2024-07-01,182,7,11.675168506601915,2024,"{""type"":""MultiPoint"",""coordinates"":[]}"
20240702,2024-07-02,183,7,0.0,2024,"{""type"":""MultiPoint"",""coordinates"":[]}"
20240703,2024-07-03,184,7,0.0,2024,"{""type"":""MultiPoint"",""coordinates"":[]}"
20240704,2024-07-04,185,7,21.110509258564168,2024,"{""type"":""MultiPoint"",""coordinates"":[]}"
20240705,2024-07-05,186,7,0.0,2024,"{""type"":""MultiPoint"",""coordinates"":[]}"
20240706,2024-07-06,187,7,5.582616136626079,2024,"{""type"":""MultiPoint"",""coordinates"":[]}"
20240707,2024-07-07,188,7,0.0,2024,"{""type"":""MultiPoint"",""coordinates"":[]}"
20240708,2024-07-08,189,7,10.043873785131872,2024,"{""type"":""MultiPoint"",""coordinates"":[]}"
20240709,2024-07-09,190,7,14.1693376282178,2024,"{""type"":""MultiPoint"",""coordinates"":[]}"
20240710,2024-07-10,191,7,9.243031847521818,2024,"{""type"":""MultiPoint"",""coordinates"":[]}"
20240711,2024-07-11,192,7,0.4032526642385155,2024,"{""type"":""MultiPoint"",""coordinates"":[]}"
20240712,2024-07-12,193,7,20.92715931108716,2024,"{""type"":""MultiPoint"",""coordinates"":[]}"
20240713,2024-07-13,194,7,0.9709754817484394,2024,"{""type"":""MultiPoint"",""coordinates"":[]}"
20240714,2024-07-14,195,7,7.081892560462852,2024,"{""type"":""MultiPoint"",""coordinates"":[]}"
20240715,2024-07-15,196,7,12.078048368708219,2024,"{""type"":""MultiPoint"",""coordinates"":[]}"
20240716,2024-07-16,197,7,2.675944394559099,2024,"{""type"":""MultiPoint"",""coordinates"":[]}"
20240717,2024-07-17,198,7,13.554152796589092,2024,"{""type"":""MultiPoint"",""coordinates"":[]}"
20240718,2024-07-18,199,7,11.354620836163116,2024,"{""type"":""MultiPoint"",""coordinates"":[]}"
20240719,2024-07-19,200,7,0.9629553941056902,2024,"{""type"":""MultiPoint"",""coordinates"":[]}"
20240720,2024-07-20,201,7,5.017654849128172,2024,"{""type"":""MultiPoint"",""coordinates"":[]}"
20240721,2024-07-21,202,7,9.552557730018373,2024,"{""type"":""MultiPoint"",""coordinates"":[]}"
20240722,2024-07-22,203,7,1.3559849817083718,2024,"{""type"":""MultiPoint"",""coordinates"":[]}"
20240723,2024-07-23,204,7,14.721641593225923,2024,"{""type"":""MultiPoint"",""coordinates"":[]}"
20240724,2024-07-24,205,7,0.2781234582265218,2024,"{""type"":""MultiPoint"",""coordinates"":[]}"
20240725,2024-07-25,206,7,4.047265668509383,2024,"{""type"":""MultiPoint"",""coordinates"":[]}"
20240726,2024-07-26,207,7,20.110986583231465,2024,"{""type"":""MultiPoint"",""coordinates"":[]}"
20240727,2024-07-27,208,7,6.144041470712566,2024,"{""type"":""MultiPoint"",""coordinates"":[]}"
20240728,2024-07-28,209,7,3.8465523651789435,2024,"{""type"":""MultiPoint"",""coordinates"":[]}"
20240729,2024-07-29,210,7,17.934435958223883,2024,"{""type"":""MultiPoint"",""coordinates"":[]}"
20240730,2024-07-30,211,7,26.943893098670628,2024,"{""type"":""MultiPoint"",""coordinates"":[]}"
20240731,2024-07-31,212,7,57.97830340347094,2024,"{""type"":""MultiPoint"",""coordinates"":[]}"
20240801,2024-08-01,213,8,4.11405942309703,2024,"{""type"":""MultiPoint"",""coordinates"":[]}"
20240802,2024-08-02,214,8,0.1984943512950375,2024,"{""type"":""MultiPoint"",""coordinates"":[]}"
20240803,2024-08-03,215,8,2.3978134520480268,2024,"{""type"":""MultiPoint"",""coordinates"":[]}"
20240804,2024-08-04,216,8,8.46742210720619,2024,"{""type"":""MultiPoint"",""coordinates"":[]}"
20240805,2024-08-05,217,8,0.5763958724660906,2024,"{""type"":""MultiPoint"",""coordinates"":[]}"
20240806,2024-08-06,218,8,9.84069333980286,2024,"{""type"":""MultiPoint"",""coordinates"":[]}"
20240807,2024-08-07,219,8,1.2584703937571315,2024,"{""type"":""MultiPoint"",""coordinates"":[]}"
20240808,2024-08-08,220,8,2.650725464746253,2024,"{""type"":""MultiPoint"",""coordinates"":[]}"
20240809,2024-08-09,221,8,2.884759383169489,2024,"{""type"":""MultiPoint"",""coordinates"":[]}"
20240810,2024-08-10,222,8,0.0,2024,"{""type"":""MultiPoint"",""coordinates"":[]}"
20240811,2024-08-11,223,8,9.418852313954565,2024,"{""type"":""MultiPoint"",""coordinates"":[]}"
20240812,2024-08-12,224,8,11.214051261281563,2024,"{""type"":""MultiPoint"",""coordinates"":[]}"
20240813,2024-08-13,225,8,2.595545631041501,2024,"{""type"":""MultiPoint"",""coordinates"":[]}"
20240814,2024-08-14,226,8,0.5660766298215114,2024,"{""type"":""MultiPoint"",""coordinates"":[]}"
20240815,2024-08-15,227,8,21.70881379063849,2024,"{""type"":""MultiPoint"",""coordinates"":[]}"
20240816,2024-08-16,228,8,0.0,2024,"{""type"":""MultiPoint"",""coordinates"":[]}"
20240817,2024-08-17,229,8,0.0,2024,"{""type"":""MultiPoint"",""coordinates"":[]}"
20240818,2024-08-18,230,8,15.042882444268765,2024,"{""type"":""MultiPoint"",""coordinates"":[]}"
20240819,2024-08-19,231,8,19.918728419685625,2024,"{""type"":""MultiPoint"",""coordinates"":[]}"
20240820,2024-08-20,232,8,0.0,2024,"{""type"":""MultiPoint"",""coordinates"":[]}"
20240821,2024-08-21,233,8,1.1843755286172915,2024,"{""type"":""MultiPoint"",""coordinates"":[]}"
20240822,2024-08-22,234,8,9.05014221322114,2024,"{""type"":""MultiPoint"",""coordinates"":[]}"
20240823,2024-08-23,235,8,20.151655517868257,2024,"{""type"":""MultiPoint"",""coordinates"":[]}"
20240824,2024-08-24,236,8,1.5747271274948949,2024,"{""type"":""MultiPoint"",""coordinates"":[]}"
20240825,2024-08-25,237,8,3.6164447295592557,2024,"{""type"":""MultiPoint"",""coordinates"":[]}"
20240826,2024-08-26,238,8,2.5857113630706947,2024,"{""type"":""MultiPoint"",""coordinates"":[]}"
20240827,2024-08-27,239,8,1.5011913982517153,2024,"{""type"":""MultiPoint"",""coordinates"":[]}"
20240828,2024-08-28,240,8,10.226229536578217,2024,"{""type"":""MultiPoint"",""coordinates"":[]}"
20240829,2024-08-29,241,8,48.95854038246837,2024,"{""type"":""MultiPoint"",""coordinates"":[]}"
20240830,2024-08-30,242,8,4.377977400634471,2024,"{""type"":""MultiPoint"",""coordinates"":[]}"
20240831,2024-08-31,243,8,3.609993674136974,2024,"{""type"":""MultiPoint"",""coordinates"":[]}"
20240901,2024-09-01,244,9,0.0,2024,"{""type"":""MultiPoint"",""coordinates"":[]}"
20240902,2024-09-02,245,9,22.447202364414796,2024,"{""type"":""MultiPoint"",""coordinates"":[]}"
20240903,2024-09-03,246,9,0.2766262112241803,2024,"{""type"":""MultiPoint"",""coordinates"":[]}"
20240904,2024-09-04,247,9,9.723684767917444,2024,"{""type"":""MultiPoint"",""coordinates"":[]}"
20240905,2024-09-05,248,9,28.2923930151719,2024,"{""type"":""MultiPoint"",""coordinates"":[]}"
20240906,2024-09-06,249,9,7.517115714125503,2024,"{""type"":""MultiPoint"",""coordinates"":[]}"
20240907,2024-09-07,250,9,3.3616865429695957,2024,"{""type"":""MultiPoint"",""coordinates"":[]}"
20240908,2024-09-08,251,9,3.8409515990198524,2024,"{""type"":""MultiPoint"",""coordinates"":[]}"
20240909,2024-09-09,252,9,4.495841978374957,2024,"{""type"":""MultiPoint"",""coordinates"":[]}"
20240910,2024-09-10,253,9,1.938998809024163,2024,"{""type"":""MultiPoint"",""coordinates"":[]}"
20240911,2024-09-11,254,9,2.5149022114113975,2024,"{""type"":""MultiPoint"",""coordinates"":[]}"
20240912,2024-09-12,255,9,5.9431546627353695,2024,"{""type"":""MultiPoint"",""coordinates"":[]}"
20240913,2024-09-13,256,9,19.055618614223974,2024,"{""type"":""MultiPoint"",""coordinates"":[]}"
20240914,2024-09-14,257,9,0.21479999702471766,2024,"{""type"":""MultiPoint"",""coordinates"":[]}"
20240915,2024-09-15,258,9,0.04874457976900545,2024,"{""type"":""MultiPoint"",""coordinates"":[]}"
20240916,2024-09-16,259,9,0.0,2024,"{""type"":""MultiPoint"",""coordinates"":[]}"
20240917,2024-09-17,260,9,9.535298728923982,2024,"{""type"":""MultiPoint"",""coordinates"":[]}"
20240918,2024-09-18,261,9,10.005713624608566,2024,"{""type"":""MultiPoint"",""coordinates"":[]}"
20240919,2024-09-19,262,9,3.802697850633645,2024,"{""type"":""MultiPoint"",""coordinates"":[]}"
20240920,2024-09-20,263,9,10.5977457541951,2024,"{""type"":""MultiPoint"",""coordinates"":[]}"
20240921,2024-09-21,264,9,0.0,2024,"{""type"":""MultiPoint"",""coordinates"":[]}"
20240922,2024-09-22,265,9,0.0,2024,"{""type"":""MultiPoint"",""coordinates"":[]}"
20240923,2024-09-23,266,9,14.748352504385702,2024,"{""type"":""MultiPoint"",""coordinates"":[]}"
20240924,2024-09-24,267,9,2.6054612121196707,2024,"{""type"":""MultiPoint"",""coordinates"":[]}"
20240925,2024-09-25,268,9,0.0,2024,"{""type"":""MultiPoint"",""coordinates"":[]}"
20240926,2024-09-26,269,9,0.0,2024,"{""type"":""MultiPoint"",""coordinates"":[]}"
20240927,2024-09-27,270,9,0.0,2024,"{""type"":""MultiPoint"",""coordinates"":[]}"
20240928,2024-09-28,271,9,17.266602824432685,2024,"{""type"":""MultiPoint"",""coordinates"":[]}"
20240929,2024-09-29,272,9,0.0,2024,"{""type"":""MultiPoint"",""coordinates"":[]}"
20240930,2024-09-30,273,9,0.34318970963373635,2024,"{""type"":""MultiPoint"",""coordinates"":[]}"
20241001,2024-10-01,274,10,0.10837221971775166,2024,"{""type"":""MultiPoint"",""coordinates"":[]}"
20241002,2024-10-02,275,10,1.6350931351339255,2024,"{""type"":""MultiPoint"",""coordinates"":[]}"
20241003,2024-10-03,276,10,8.208777716759997,2024,"{""type"":""MultiPoint"",""coordinates"":[]}"
20241004,2024-10-04,277,10,2.229096926469854,2024,"{""type"":""MultiPoint"",""coordinates"":[]}"
20241005,2024-10-05,278,10,1.5342362314480371,2024,"{""type"":""MultiPoint"",""coordinates"":[]}"
20241006,2024-10-06,279,10,2.8539439169905827,2024,"{""type"":""MultiPoint"",""coordinates"":[]}"
20241007,2024-10-07,280,10,5.570935103888086,2024,"{""type"":""MultiPoint"",""coordinates"":[]}"
20241008,2024-10-08,281,10,0.0,2024,"{""type"":""MultiPoint"",""coordinates"":[]}"
20241009,2024-10-09,282,10,0.0,2024,"{""type"":""MultiPoint"",""coordinates"":[]}"
20241010,2024-10-10,283,10,0.0,2024,"{""type"":""MultiPoint"",""coordinates"":[]}"
20241011,2024-10-11,284,10,0.0,2024,"{""type"":""MultiPoint"",""coordinates"":[]}"
20241012,2024-10-12,285,10,0.3440982738646641,2024,"{""type"":""MultiPoint"",""coordinates"":[]}"
20241013,2024-10-13,286,10,0.521476004153909,2024,"{""type"":""MultiPoint"",""coordinates"":[]}"
20241014,2024-10-14,287,10,0.0,2024,"{""type"":""MultiPoint"",""coordinates"":[]}"
20241015,2024-10-15,288,10,0.0,2024,"{""type"":""MultiPoint"",""coordinates"":[]}"
20241016,2024-10-16,289,10,0.6115011808116215,2024,"{""type"":""MultiPoint"",""coordinates"":[]}"
20241017,2024-10-17,290,10,0.0,2024,"{""type"":""MultiPoint"",""coordinates"":[]}"
20241018,2024-10-18,291,10,0.0,2024,"{""type"":""MultiPoint"",""coordinates"":[]}"
20241019,2024-10-19,292,10,0.07358416945043236,2024,"{""type"":""MultiPoint"",""coordinates"":[]}"
20241020,2024-10-20,293,10,2.4713029175329777,2024,"{""type"":""MultiPoint"",""coordinates"":[]}"
20241021,2024-10-21,294,10,0.05735659566249534,2024,"{""type"":""MultiPoint"",""coordinates"":[]}"
20241022,2024-10-22,295,10,0.0,2024,"{""type"":""MultiPoint"",""coordinates"":[]}"
20241023,2024-10-23,296,10,0.0,2024,"{""type"":""MultiPoint"",""coordinates"":[]}"
20241024,2024-10-24,297,10,0.0,2024,"{""type"":""MultiPoint"",""coordinates"":[]}"
20241025,2024-10-25,298,10,0.0,2024,"{""type"":""MultiPoint"",""coordinates"":[]}"
20241026,2024-10-26,299,10,0.0,2024,"{""type"":""MultiPoint"",""coordinates"":[]}"
20241027,2024-10-27,300,10,0.0,2024,"{""type"":""MultiPoint"",""coordinates"":[]}"
20241028,2024-10-28,301,10,0.0,2024,"{""type"":""MultiPoint"",""coordinates"":[]}"
20241029,2024-10-29,302,10,0.0,2024,"{""type"":""MultiPoint"",""coordinates"":[]}"
20241030,2024-10-30,303,10,0.0,2024,"{""type"":""MultiPoint"",""coordinates"":[]}"
20241031,2024-10-31,304,10,0.0,2024,"{""type"":""MultiPoint"",""coordinates"":[]}"
20241101,2024-11-01,305,11,0.0,2024,"{""type"":""MultiPoint"",""coordinates"":[]}"
20241102,2024-11-02,306,11,0.0,2024,"{""type"":""MultiPoint"",""coordinates"":[]}"
20241103,2024-11-03,307,11,0.0,2024,"{""type"":""MultiPoint"",""coordinates"":[]}"
20241104,2024-11-04,308,11,0.0,2024,"{""type"":""MultiPoint"",""coordinates"":[]}"
20241105,2024-11-05,309,11,0.0,2024,"{""type"":""MultiPoint"",""coordinates"":[]}"
20241106,2024-11-06,310,11,0.0,2024,"{""type"":""MultiPoint"",""coordinates"":[]}"
20241107,2024-11-07,311,11,0.0,2024,"{""type"":""MultiPoint"",""coordinates"":[]}"
20241108,2024-11-08,312,11,0.0,2024,"{""type"":""MultiPoint"",""coordinates"":[]}"
20241109,2024-11-09,313,11,0.0,2024,"{""type"":""MultiPoint"",""coordinates"":[]}"
20241110,2024-11-10,314,11,0.0,2024,"{""type"":""MultiPoint"",""coordinates"":[]}"
20241111,2024-11-11,315,11,0.0,2024,"{""type"":""MultiPoint"",""coordinates"":[]}"
20241112,2024-11-12,316,11,0.0,2024,"{""type"":""MultiPoint"",""coordinates"":[]}"
20241113,2024-11-13,317,11,0.0,2024,"{""type"":""MultiPoint"",""coordinates"":[]}"
20241114,2024-11-14,318,11,0.0,2024,"{""type"":""MultiPoint"",""coordinates"":[]}"
20241115,2024-11-15,319,11,0.0,2024,"{""type"":""MultiPoint"",""coordinates"":[]}"
20241116,2024-11-16,320,11,0.0,2024,"{""type"":""MultiPoint"",""coordinates"":[]}"
20241117,2024-11-17,321,11,0.0,2024,"{""type"":""MultiPoint"",""coordinates"":[]}"
20241118,2024-11-18,322,11,0.0,2024,"{""type"":""MultiPoint"",""coordinates"":[]}"
20241119,2024-11-19,323,11,0.0,2024,"{""type"":""MultiPoint"",""coordinates"":[]}"
20241120,2024-11-20,324,11,0.0,2024,"{""type"":""MultiPoint"",""coordinates"":[]}"
20241121,2024-11-21,325,11,0.0,2024,"{""type"":""MultiPoint"",""coordinates"":[]}"
20241122,2024-11-22,326,11,0.0,2024,"{""type"":""MultiPoint"",""coordinates"":[]}"
20241123,2024-11-23,327,11,0.0,2024,"{""type"":""MultiPoint"",""coordinates"":[]}"
20241124,2024-11-24,328,11,0.0,2024,"{""type"":""MultiPoint"",""coordinates"":[]}"
20241125,2024-11-25,329,11,0.0,2024,"{""type"":""MultiPoint"",""coordinates"":[]}"
20241126,2024-11-26,330,11,0.0,2024,"{""type"":""MultiPoint"",""coordinates"":[]}"
20241127,2024-11-27,331,11,0.0,2024,"{""type"":""MultiPoint"",""coordinates"":[]}"
20241128,2024-11-28,332,11,0.0,2024,"{""type"":""MultiPoint"",""coordinates"":[]}"
20241129,2024-11-29,333,11,0.0,2024,"{""type"":""MultiPoint"",""coordinates"":[]}"
20241130,2024-11-30,334,11,0.0,2024,"{""type"":""MultiPoint"",""coordinates"":[]}"
20241201,2024-12-01,335,12,0.0,2024,"{""type"":""MultiPoint"",""coordinates"":[]}"
20241202,2024-12-02,336,12,0.0,2024,"{""type"":""MultiPoint"",""coordinates"":[]}"
20241203,2024-12-03,337,12,0.0,2024,"{""type"":""MultiPoint"",""coordinates"":[]}"
20241204,2024-12-04,338,12,0.0,2024,"{""type"":""MultiPoint"",""coordinates"":[]}"
20241205,2024-12-05,339,12,0.0,2024,"{""type"":""MultiPoint"",""coordinates"":[]}"
20241206,2024-12-06,340,12,0.0,2024,"{""type"":""MultiPoint"",""coordinates"":[]}"
20241207,2024-12-07,341,12,0.0,2024,"{""type"":""MultiPoint"",""coordinates"":[]}"
20241208,2024-12-08,342,12,0.0,2024,"{""type"":""MultiPoint"",""coordinates"":[]}"
20241209,2024-12-09,343,12,0.0,2024,"{""type"":""MultiPoint"",""coordinates"":[]}"
20241210,2024-12-10,344,12,0.0,2024,"{""type"":""MultiPoint"",""coordinates"":[]}"
20241211,2024-12-11,345,12,0.0,2024,"{""type"":""MultiPoint"",""coordinates"":[]}"
20241212,2024-12-12,346,12,0.0,2024,"{""type"":""MultiPoint"",""coordinates"":[]}"
20241213,2024-12-13,347,12,0.0,2024,"{""type"":""MultiPoint"",""coordinates"":[]}"
20241214,2024-12-14,348,12,0.0,2024,"{""type"":""MultiPoint"",""coordinates"":[]}"
20241215,2024-12-15,349,12,0.0,2024,"{""type"":""MultiPoint"",""coordinates"":[]}"
20241216,2024-12-16,350,12,0.0,2024,"{""type"":""MultiPoint"",""coordinates"":[]}"
20241217,2024-12-17,351,12,0.0,2024,"{""type"":""MultiPoint"",""coordinates"":[]}"
20241218,2024-12-18,352,12,0.0,2024,"{""type"":""MultiPoint"",""coordinates"":[]}"
20241219,2024-12-19,353,12,0.0,2024,"{""type"":""MultiPoint"",""coordinates"":[]}"
20241220,2024-12-20,354,12,0.0,2024,"{""type"":""MultiPoint"",""coordinates"":[]}"
20241221,2024-12-21,355,12,0.0,2024,"{""type"":""MultiPoint"",""coordinates"":[]}"
20241222,2024-12-22,356,12,0.0,2024,"{""type"":""MultiPoint"",""coordinates"":[]}"
20241223,2024-12-23,357,12,0.0,2024,"{""type"":""MultiPoint"",""coordinates"":[]}"
20241224,2024-12-24,358,12,0.0,2024,"{""type"":""MultiPoint"",""coordinates"":[]}"
20241225,2024-12-25,359,12,0.0,2024,"{""type"":""MultiPoint"",""coordinates"":[]}"
20241226,2024-12-26,360,12,0.0,2024,"{""type"":""MultiPoint"",""coordinates"":[]}"
20241227,2024-12-27,361,12,0.0,2024,"{""type"":""MultiPoint"",""coordinates"":[]}"
20241228,2024-12-28,362,12,0.0,2024,"{""type"":""MultiPoint"",""coordinates"":[]}"
20241229,2024-12-29,363,12,0.0,2024,"{""type"":""MultiPoint"",""coordinates"":[]}"
20241230,2024-12-30,364,12,0.0,2024,"{""type"":""MultiPoint"",""coordinates"":[]}"
20241231,2024-12-31,365,12,0.0,2024,"{""type"":""MultiPoint"",""coordinates"":[]}"
20250101,2025-01-01,0,1,0.0,2025,"{""type"":""MultiPoint"",""coordinates"":[]}"
20250102,2025-01-02,1,1,0.0,2025,"{""type"":""MultiPoint"",""coordinates"":[]}"
20250103,2025-01-03,2,1,0.0,2025,"{""type"":""MultiPoint"",""coordinates"":[]}"
20250104,2025-01-04,3,1,0.0,2025,"{""type"":""MultiPoint"",""coordinates"":[]}"
20250105,2025-01-05,4,1,0.0,2025,"{""type"":""MultiPoint"",""coordinates"":[]}"
20250106,2025-01-06,5,1,0.0,2025,"{""type"":""MultiPoint"",""coordinates"":[]}"
20250107,2025-01-07,6,1,0.0,2025,"{""type"":""MultiPoint"",""coordinates"":[]}"
20250108,2025-01-08,7,1,0.0,2025,"{""type"":""MultiPoint"",""coordinates"":[]}"
20250109,2025-01-09,8,1,0.0,2025,"{""type"":""MultiPoint"",""coordinates"":[]}"
20250110,2025-01-10,9,1,0.0,2025,"{""type"":""MultiPoint"",""coordinates"":[]}"
20250111,2025-01-11,10,1,0.0,2025,"{""type"":""MultiPoint"",""coordinates"":[]}"
20250112,2025-01-12,11,1,0.0,2025,"{""type"":""MultiPoint"",""coordinates"":[]}"
20250113,2025-01-13,12,1,0.0,2025,"{""type"":""MultiPoint"",""coordinates"":[]}"
20250114,2025-01-14,13,1,0.0,2025,"{""type"":""MultiPoint"",""coordinates"":[]}"
20250115,2025-01-15,14,1,0.0,2025,"{""type"":""MultiPoint"",""coordinates"":[]}"
20250116,2025-01-16,15,1,0.0,2025,"{""type"":""MultiPoint"",""coordinates"":[]}"
20250117,2025-01-17,16,1,0.0,2025,"{""type"":""MultiPoint"",""coordinates"":[]}"
20250118,2025-01-18,17,1,0.0,2025,"{""type"":""MultiPoint"",""coordinates"":[]}"
20250119,2025-01-19,18,1,0.0,2025,"{""type"":""MultiPoint"",""coordinates"":[]}"
20250120,2025-01-20,19,1,0.0,2025,"{""type"":""MultiPoint"",""coordinates"":[]}"
20250121,2025-01-21,20,1,0.0,2025,"{""type"":""MultiPoint"",""coordinates"":[]}"
20250122,2025-01-22,21,1,2.584354826302098E-7,2025,"{""type"":""MultiPoint"",""coordinates"":[]}"
20250123,2025-01-23,22,1,3.434451807124512E-7,2025,"{""type"":""MultiPoint"",""coordinates"":[]}"
20250124,2025-01-24,23,1,7.88223652040934E-7,2025,"{""type"":""MultiPoint"",""coordinates"":[]}"
20250125,2025-01-25,24,1,3.905443890923352E-6,2025,"{""type"":""MultiPoint"",""coordinates"":[]}"
20250126,2025-01-26,25,1,0.0,2025,"{""type"":""MultiPoint"",""coordinates"":[]}"
20250127,2025-01-27,26,1,0.0,2025,"{""type"":""MultiPoint"",""coordinates"":[]}"
20250128,2025-01-28,27,1,0.0,2025,"{""type"":""MultiPoint"",""coordinates"":[]}"
20250129,2025-01-29,28,1,0.0,2025,"{""type"":""MultiPoint"",""coordinates"":[]}"
20250130,2025-01-30,29,1,0.0,2025,"{""type"":""MultiPoint"",""coordinates"":[]}"
20250131,2025-01-31,30,1,0.0,2025,"{""type"":""MultiPoint"",""coordinates"":[]}"
20250201,2025-02-01,31,2,0.0,2025,"{""type"":""MultiPoint"",""coordinates"":[]}"
20250202,2025-02-02,32,2,0.0,2025,"{""type"":""MultiPoint"",""coordinates"":[]}"
20250203,2025-02-03,33,2,0.0,2025,"{""type"":""MultiPoint"",""coordinates"":[]}"
20250204,2025-02-04,34,2,0.0,2025,"{""type"":""MultiPoint"",""coordinates"":[]}"
20250205,2025-02-05,35,2,0.0,2025,"{""type"":""MultiPoint"",""coordinates"":[]}"
20250206,2025-02-06,36,2,0.0,2025,"{""type"":""MultiPoint"",""coordinates"":[]}"
20250207,2025-02-07,37,2,0.0,2025,"{""type"":""MultiPoint"",""coordinates"":[]}"
20250208,2025-02-08,38,2,0.0,2025,"{""type"":""MultiPoint"",""coordinates"":[]}"
20250209,2025-02-09,39,2,0.0,2025,"{""type"":""MultiPoint"",""coordinates"":[]}"
20250210,2025-02-10,40,2,0.0,2025,"{""type"":""MultiPoint"",""coordinates"":[]}"
20250211,2025-02-11,41,2,0.0,2025,"{""type"":""MultiPoint"",""coordinates"":[]}"
20250212,2025-02-12,42,2,0.0,2025,"{""type"":""MultiPoint"",""coordinates"":[]}"
20250213,2025-02-13,43,2,0.0,2025,"{""type"":""MultiPoint"",""coordinates"":[]}"
20250214,2025-02-14,44,2,0.0,2025,"{""type"":""MultiPoint"",""coordinates"":[]}"
20250215,2025-02-15,45,2,0.0,2025,"{""type"":""MultiPoint"",""coordinates"":[]}"
20250216,2025-02-16,46,2,0.0,2025,"{""type"":""MultiPoint"",""coordinates"":[]}"
20250217,2025-02-17,47,2,1.1864835247344852E-5,2025,"{""type"":""MultiPoint"",""coordinates"":[]}"
20250218,2025-02-18,48,2,0.0,2025,"{""type"":""MultiPoint"",""coordinates"":[]}"
20250219,2025-02-19,49,2,0.0,2025,"{""type"":""MultiPoint"",""coordinates"":[]}"
20250220,2025-02-20,50,2,0.0,2025,"{""type"":""MultiPoint"",""coordinates"":[]}"
20250221,2025-02-21,51,2,0.0,2025,"{""type"":""MultiPoint"",""coordinates"":[]}"
20250222,2025-02-22,52,2,0.0,2025,"{""type"":""MultiPoint"",""coordinates"":[]}"
20250223,2025-02-23,53,2,0.001128266346920337,2025,"{""type"":""MultiPoint"",""coordinates"":[]}"
20250224,2025-02-24,54,2,1.4680465024830114E-4,2025,"{""type"":""MultiPoint"",""coordinates"":[]}"
20250225,2025-02-25,55,2,0.0,2025,"{""type"":""MultiPoint"",""coordinates"":[]}"
20250226,2025-02-26,56,2,0.020377462895649893,2025,"{""type"":""MultiPoint"",""coordinates"":[]}"
20250227,2025-02-27,57,2,0.0,2025,"{""type"":""MultiPoint"",""coordinates"":[]}"
20250228,2025-02-28,58,2,0.027565065007874475,2025,"{""type"":""MultiPoint"",""coordinates"":[]}"
20250301,2025-03-01,59,3,0.0,2025,"{""type"":""MultiPoint"",""coordinates"":[]}"
20250302,2025-03-02,60,3,0.0,2025,"{""type"":""MultiPoint"",""coordinates"":[]}"
20250303,2025-03-03,61,3,0.0,2025,"{""type"":""MultiPoint"",""coordinates"":[]}"
20250304,2025-03-04,62,3,0.0,2025,"{""type"":""MultiPoint"",""coordinates"":[]}"
20250305,2025-03-05,63,3,0.0,2025,"{""type"":""MultiPoint"",""coordinates"":[]}"
20250306,2025-03-06,64,3,0.0,2025,"{""type"":""MultiPoint"",""coordinates"":[]}"
20250307,2025-03-07,65,3,0.0,2025,"{""type"":""MultiPoint"",""coordinates"":[]}"
20250308,2025-03-08,66,3,0.0,2025,"{""type"":""MultiPoint"",""coordinates"":[]}"
20250309,2025-03-09,67,3,0.0,2025,"{""type"":""MultiPoint"",""coordinates"":[]}"
20250310,2025-03-10,68,3,0.0,2025,"{""type"":""MultiPoint"",""coordinates"":[]}"
20250311,2025-03-11,69,3,0.0,2025,"{""type"":""MultiPoint"",""coordinates"":[]}"
20250312,2025-03-12,70,3,0.0,2025,"{""type"":""MultiPoint"",""coordinates"":[]}"
20250313,2025-03-13,71,3,0.0,2025,"{""type"":""MultiPoint"",""coordinates"":[]}"
20250314,2025-03-14,72,3,0.01196858441116553,2025,"{""type"":""MultiPoint"",""coordinates"":[]}"
20250315,2025-03-15,73,3,0.04346619517047893,2025,"{""type"":""MultiPoint"",""coordinates"":[]}"
20250316,2025-03-16,74,3,0.061059962052783294,2025,"{""type"":""MultiPoint"",""coordinates"":[]}"
20250317,2025-03-17,75,3,0.0,2025,"{""type"":""MultiPoint"",""coordinates"":[]}"
20250318,2025-03-18,76,3,0.0,2025,"{""type"":""MultiPoint"",""coordinates"":[]}"
20250319,2025-03-19,77,3,0.0,2025,"{""type"":""MultiPoint"",""coordinates"":[]}"
20250320,2025-03-20,78,3,0.0,2025,"{""type"":""MultiPoint"",""coordinates"":[]}"
20250321,2025-03-21,79,3,0.0,2025,"{""type"":""MultiPoint"",""coordinates"":[]}"
20250322,2025-03-22,80,3,0.01734173175107609,2025,"{""type"":""MultiPoint"",""coordinates"":[]}"
20250323,2025-03-23,81,3,0.0069381058818162086,2025,"{""type"":""MultiPoint"",""coordinates"":[]}"
20250324,2025-03-24,82,3,0.0,2025,"{""type"":""MultiPoint"",""coordinates"":[]}"
20250325,2025-03-25,83,3,0.0,2025,"{""type"":""MultiPoint"",""coordinates"":[]}"
20250326,2025-03-26,84,3,0.0,2025,"{""type"":""MultiPoint"",""coordinates"":[]}"
20250327,2025-03-27,85,3,0.0,2025,"{""type"":""MultiPoint"",""coordinates"":[]}"
20250328,2025-03-28,86,3,0.0,2025,"{""type"":""MultiPoint"",""coordinates"":[]}"
20250329,2025-03-29,87,3,0.0,2025,"{""type"":""MultiPoint"",""coordinates"":[]}"
20250330,2025-03-30,88,3,0.0,2025,"{""type"":""MultiPoint"",""coordinates"":[]}"
20250331,2025-03-31,89,3,0.0,2025,"{""type"":""MultiPoint"",""coordinates"":[]}"
20250401,2025-04-01,90,4,0.0,2025,"{""type"":""MultiPoint"",""coordinates"":[]}"
20250402,2025-04-02,91,4,0.0,2025,"{""type"":""MultiPoint"",""coordinates"":[]}"
20250403,2025-04-03,92,4,0.0,2025,"{""type"":""MultiPoint"",""coordinates"":[]}"
20250404,2025-04-04,93,4,0.0,2025,"{""type"":""MultiPoint"",""coordinates"":[]}"
20250405,2025-04-05,94,4,0.0,2025,"{""type"":""MultiPoint"",""coordinates"":[]}"
20250406,2025-04-06,95,4,0.0,2025,"{""type"":""MultiPoint"",""coordinates"":[]}"
20250407,2025-04-07,96,4,0.0,2025,"{""type"":""MultiPoint"",""coordinates"":[]}"
20250408,2025-04-08,97,4,0.0,2025,"{""type"":""MultiPoint"",""coordinates"":[]}"
20250409,2025-04-09,98,4,0.036161930874140574,2025,"{""type"":""MultiPoint"",""coordinates"":[]}"
20250410,2025-04-10,99,4,0.0,2025,"{""type"":""MultiPoint"",""coordinates"":[]}"
20250411,2025-04-11,100,4,0.0,2025,"{""type"":""MultiPoint"",""coordinates"":[]}"
20250412,2025-04-12,101,4,0.0,2025,"{""type"":""MultiPoint"",""coordinates"":[]}"
20250413,2025-04-13,102,4,0.0,2025,"{""type"":""MultiPoint"",""coordinates"":[]}"
20250414,2025-04-14,103,4,0.0,2025,"{""type"":""MultiPoint"",""coordinates"":[]}"
20250415,2025-04-15,104,4,0.027062695435803346,2025,"{""type"":""MultiPoint"",""coordinates"":[]}"
20250416,2025-04-16,105,4,0.0,2025,"{""type"":""MultiPoint"",""coordinates"":[]}"
20250417,2025-04-17,106,4,0.0,2025,"{""type"":""MultiPoint"",""coordinates"":[]}"
20250418,2025-04-18,107,4,0.0,2025,"{""type"":""MultiPoint"",""coordinates"":[]}"
20250419,2025-04-19,108,4,0.0,2025,"{""type"":""MultiPoint"",""coordinates"":[]}"
20250420,2025-04-20,109,4,0.0,2025,"{""type"":""MultiPoint"",""coordinates"":[]}"
20250421,2025-04-21,110,4,0.1504415406121148,2025,"{""type"":""MultiPoint"",""coordinates"":[]}"
20250422,2025-04-22,111,4,0.0,2025,"{""type"":""MultiPoint"",""coordinates"":[]}"
20250423,2025-04-23,112,4,0.0,2025,"{""type"":""MultiPoint"",""coordinates"":[]}"
20250424,2025-04-24,113,4,0.0,2025,"{""type"":""MultiPoint"",""coordinates"":[]}"
20250425,2025-04-25,114,4,0.010898629824320475,2025,"{""type"":""MultiPoint"",""coordinates"":[]}"
20250426,2025-04-26,115,4,1.5758779691124605,2025,"{""type"":""MultiPoint"",""coordinates"":[]}"
20250427,2025-04-27,116,4,4.370878339144328,2025,"{""type"":""MultiPoint"",""coordinates"":[]}"
20250428,2025-04-28,117,4,0.0,2025,"{""type"":""MultiPoint"",""coordinates"":[]}"
20250429,2025-04-29,118,4,0.0,2025,"{""type"":""MultiPoint"",""coordinates"":[]}"
20250430,2025-04-30,119,4,0.0,2025,"{""type"":""MultiPoint"",""coordinates"":[]}"
20250501,2025-05-01,120,5,0.06903113620449798,2025,"{""type"":""MultiPoint"",""coordinates"":[]}"
20250502,2025-05-02,121,5,0.0,2025,"{""type"":""MultiPoint"",""coordinates"":[]}"
20250503,2025-05-03,122,5,0.5176779936979161,2025,"{""type"":""MultiPoint"",""coordinates"":[]}"
20250504,2025-05-04,123,5,0.008313819615527837,2025,"{""type"":""MultiPoint"",""coordinates"":[]}"
20250505,2025-05-05,124,5,0.0,2025,"{""type"":""MultiPoint"",""coordinates"":[]}"
20250506,2025-05-06,125,5,2.062590450786274,2025,"{""type"":""MultiPoint"",""coordinates"":[]}"
20250507,2025-05-07,126,5,0.04289718075979833,2025,"{""type"":""MultiPoint"",""coordinates"":[]}"
20250508,2025-05-08,127,5,0.47480625384903163,2025,"{""type"":""MultiPoint"",""coordinates"":[]}"
20250509,2025-05-09,128,5,0.004602426264874818,2025,"{""type"":""MultiPoint"",""coordinates"":[]}"
20250510,2025-05-10,129,5,4.5697456851983794E-5,2025,"{""type"":""MultiPoint"",""coordinates"":[]}"
20250511,2025-05-11,130,5,0.0,2025,"{""type"":""MultiPoint"",""coordinates"":[]}"
20250512,2025-05-12,131,5,0.0,2025,"{""type"":""MultiPoint"",""coordinates"":[]}"
20250513,2025-05-13,132,5,0.0,2025,"{""type"":""MultiPoint"",""coordinates"":[]}"
20250514,2025-05-14,133,5,1.2075454681598212,2025,"{""type"":""MultiPoint"",""coordinates"":[]}"
20250515,2025-05-15,134,5,0.0,2025,"{""type"":""MultiPoint"",""coordinates"":[]}"
20250516,2025-05-16,135,5,3.6653688233024795,2025,"{""type"":""MultiPoint"",""coordinates"":[]}"
20250517,2025-05-17,136,5,7.620959533514611,2025,"{""type"":""MultiPoint"",""coordinates"":[]}"
20250518,2025-05-18,137,5,0.182869951975041,2025,"{""type"":""MultiPoint"",""coordinates"":[]}"
20250519,2025-05-19,138,5,1.1293645460172606,2025,"{""type"":""MultiPoint"",""coordinates"":[]}"
20250520,2025-05-20,139,5,1.4353779092192014,2025,"{""type"":""MultiPoint"",""coordinates"":[]}"
20250521,2025-05-21,140,5,0.0,2025,"{""type"":""MultiPoint"",""coordinates"":[]}"
20250522,2025-05-22,141,5,0.0,2025,"{""type"":""MultiPoint"",""coordinates"":[]}"
20250523,2025-05-23,142,5,0.0,2025,"{""type"":""MultiPoint"",""coordinates"":[]}"
20250524,2025-05-24,143,5,0.0,2025,"{""type"":""MultiPoint"",""coordinates"":[]}"
20250525,2025-05-25,144,5,0.0,2025,"{""type"":""MultiPoint"",""coordinates"":[]}"
20250526,2025-05-26,145,5,1.3496730378132618,2025,"{""type"":""MultiPoint"",""coordinates"":[]}"
20250527,2025-05-27,146,5,0.0,2025,"{""type"":""MultiPoint"",""coordinates"":[]}"
20250528,2025-05-28,147,5,0.22819957409218578,2025,"{""type"":""MultiPoint"",""coordinates"":[]}"
20250529,2025-05-29,148,5,0.0,2025,"{""type"":""MultiPoint"",""coordinates"":[]}"
20250530,2025-05-30,149,5,0.4571611006251891,2025,"{""type"":""MultiPoint"",""coordinates"":[]}"
20250531,2025-05-31,150,5,0.08440867715081168,2025,"{""type"":""MultiPoint"",""coordinates"":[]}"
20250601,2025-06-01,151,6,10.106061868371054,2025,"{""type"":""MultiPoint"",""coordinates"":[]}"
20250602,2025-06-02,152,6,10.650319826534465,2025,"{""type"":""MultiPoint"",""coordinates"":[]}"
20250603,2025-06-03,153,6,0.23355163279371136,2025,"{""type"":""MultiPoint"",""coordinates"":[]}"
20250604,2025-06-04,154,6,0.0,2025,"{""type"":""MultiPoint"",""coordinates"":[]}"
20250605,2025-06-05,155,6,0.0,2025,"{""type"":""MultiPoint"",""coordinates"":[]}"
20250606,2025-06-06,156,6,0.0,2025,"{""type"":""MultiPoint"",""coordinates"":[]}"
20250607,2025-06-07,157,6,0.0,2025,"{""type"":""MultiPoint"",""coordinates"":[]}"
20250608,2025-06-08,158,6,4.269985265367265,2025,"{""type"":""MultiPoint"",""coordinates"":[]}"
20250609,2025-06-09,159,6,6.034300779158301,2025,"{""type"":""MultiPoint"",""coordinates"":[]}"
20250610,2025-06-10,160,6,0.02521808181901714,2025,"{""type"":""MultiPoint"",""coordinates"":[]}"
20250611,2025-06-11,161,6,0.0020258858922817227,2025,"{""type"":""MultiPoint"",""coordinates"":[]}"
20250612,2025-06-12,162,6,0.06702577416490116,2025,"{""type"":""MultiPoint"",""coordinates"":[]}"
20250613,2025-06-13,163,6,4.053502761389766,2025,"{""type"":""MultiPoint"",""coordinates"":[]}"
20250614,2025-06-14,164,6,4.763882616341149,2025,"{""type"":""MultiPoint"",""coordinates"":[]}"
20250615,2025-06-15,165,6,4.408486615456929,2025,"{""type"":""MultiPoint"",""coordinates"":[]}"
20250616,2025-06-16,166,6,1.2310685746432248,2025,"{""type"":""MultiPoint"",""coordinates"":[]}"
20250617,2025-06-17,167,6,7.015471831433346,2025,"{""type"":""MultiPoint"",""coordinates"":[]}"
20250618,2025-06-18,168,6,8.65242888644606,2025,"{""type"":""MultiPoint"",""coordinates"":[]}"
20250619,2025-06-19,169,6,0.0,2025,"{""type"":""MultiPoint"",""coordinates"":[]}"
20250620,2025-06-20,170,6,0.6364948237194923,2025,"{""type"":""MultiPoint"",""coordinates"":[]}"
20250621,2025-06-21,171,6,0.0,2025,"{""type"":""MultiPoint"",""coordinates"":[]}"
20250622,2025-06-22,172,6,15.474810781042558,2025,"{""type"":""MultiPoint"",""coordinates"":[]}"
20250623,2025-06-23,173,6,0.5246492301055431,2025,"{""type"":""MultiPoint"",""coordinates"":[]}"
20250624,2025-06-24,174,6,0.7776679624352366,2025,"{""type"":""MultiPoint"",""coordinates"":[]}"
20250625,2025-06-25,175,6,20.686814111160697,2025,"{""type"":""MultiPoint"",""coordinates"":[]}"
20250626,2025-06-26,176,6,1.1357772373449546,2025,"{""type"":""MultiPoint"",""coordinates"":[]}"
20250627,2025-06-27,177,6,5.29007531534589,2025,"{""type"":""MultiPoint"",""coordinates"":[]}"
20250628,2025-06-28,178,6,5.91687210037298,2025,"{""type"":""MultiPoint"",""coordinates"":[]}"
20250629,2025-06-29,179,6,33.07565307730518,2025,"{""type"":""MultiPoint"",""coordinates"":[]}"
20250630,2025-06-30,180,6,2.6334726041226033,2025,"{""type"":""MultiPoint"",""coordinates"":[]}"
20250701,2025-07-01,181,7,21.912742318954063,2025,"{""type"":""MultiPoint"",""coordinates"":[]}"
20250702,2025-07-02,182,7,17.80375233761838,2025,"{""type"":""MultiPoint"",""coordinates"":[]}"
20250703,2025-07-03,183,7,0.5290150990708555,2025,"{""type"":""MultiPoint"",""coordinates"":[]}"
20250704,2025-07-04,184,7,0.13099777211292554,2025,"{""type"":""MultiPoint"",""coordinates"":[]}"
20250705,2025-07-05,185,7,0.44767665844819693,2025,"{""type"":""MultiPoint"",""coordinates"":[]}"
20250706,2025-07-06,186,7,15.120682502553164,2025,"{""type"":""MultiPoint"",""coordinates"":[]}"
20250707,2025-07-07,187,7,9.480898867221985,2025,"{""type"":""MultiPoint"",""coordinates"":[]}"
20250708,2025-07-08,188,7,1.355135122982198,2025,"{""type"":""MultiPoint"",""coordinates"":[]}"
20250709,2025-07-09,189,7,0.0,2025,"{""type"":""MultiPoint"",""coordinates"":[]}"
20250710,2025-07-10,190,7,11.031011651969001,2025,"{""type"":""MultiPoint"",""coordinates"":[]}"
20250711,2025-07-11,191,7,9.778881421677546,2025,"{""type"":""MultiPoint"",""coordinates"":[]}"
20250712,2025-07-12,192,7,7.912899534120068,2025,"{""type"":""MultiPoint"",""coordinates"":[]}"
20250713,2025-07-13,193,7,14.782795299749893,2025,"{""type"":""MultiPoint"",""coordinates"":[]}"
20250714,2025-07-14,194,7,5.013159097409717,2025,"{""type"":""MultiPoint"",""coordinates"":[]}"
20250715,2025-07-15,195,7,14.559078152710011,2025,"{""type"":""MultiPoint"",""coordinates"":[]}"
20250716,2025-07-16,196,7,0.0757211482886112,2025,"{""type"":""MultiPoint"",""coordinates"":[]}"
20250717,2025-07-17,197,7,16.37569334993837,2025,"{""type"":""MultiPoint"",""coordinates"":[]}"
20250718,2025-07-18,198,7,14.046337708314352,2025,"{""type"":""MultiPoint"",""coordinates"":[]}"
20250719,2025-07-19,199,7,0.0,2025,"{""type"":""MultiPoint"",""coordinates"":[]}"
20250720,2025-07-20,200,7,21.60859279439907,2025,"{""type"":""MultiPoint"",""coordinates"":[]}"
20250721,2025-07-21,201,7,0.0,2025,"{""type"":""MultiPoint"",""coordinates"":[]}"
20250722,2025-07-22,202,7,13.69315820402333,2025,"{""type"":""MultiPoint"",""coordinates"":[]}"
20250723,2025-07-23,203,7,0.0,2025,"{""type"":""MultiPoint"",""coordinates"":[]}"
20250724,2025-07-24,204,7,17.553837496258286,2025,"{""type"":""MultiPoint"",""coordinates"":[]}"
20250725,2025-07-25,205,7,0.0,2025,"{""type"":""MultiPoint"",""coordinates"":[]}"
20250726,2025-07-26,206,7,7.826872110602927,2025,"{""type"":""MultiPoint"",""coordinates"":[]}"
20250727,2025-07-27,207,7,0.10689539370099539,2025,"{""type"":""MultiPoint"",""coordinates"":[]}"
20250728,2025-07-28,208,7,0.0,2025,"{""type"":""MultiPoint"",""coordinates"":[]}"
20250729,2025-07-29,209,7,0.0,2025,"{""type"":""MultiPoint"",""coordinates"":[]}"
20250730,2025-07-30,210,7,18.099968907384028,2025,"{""type"":""MultiPoint"",""coordinates"":[]}"
20250731,2025-07-31,211,7,0.621521694491608,2025,"{""type"":""MultiPoint"",""coordinates"":[]}"
20250801,2025-08-01,212,8,19.452317355717497,2025,"{""type"":""MultiPoint"",""coordinates"":[]}"
20250802,2025-08-02,213,8,0.0,2025,"{""type"":""MultiPoint"",""coordinates"":[]}"
20250803,2025-08-03,214,8,0.0,2025,"{""type"":""MultiPoint"",""coordinates"":[]}"
20250804,2025-08-04,215,8,0.0,2025,"{""type"":""MultiPoint"",""coordinates"":[]}"
20250805,2025-08-05,216,8,29.57902061370227,2025,"{""type"":""MultiPoint"",""coordinates"":[]}"
20250806,2025-08-06,217,8,10.035591355076543,2025,"{""type"":""MultiPoint"",""coordinates"":[]}"
20250807,2025-08-07,218,8,0.0,2025,"{""type"":""MultiPoint"",""coordinates"":[]}"
20250808,2025-08-08,219,8,5.79035259195072,2025,"{""type"":""MultiPoint"",""coordinates"":[]}"
20250809,2025-08-09,220,8,3.396402195340975,2025,"{""type"":""MultiPoint"",""coordinates"":[]}"
20250810,2025-08-10,221,8,4.457604210030611,2025,"{""type"":""MultiPoint"",""coordinates"":[]}"
20250811,2025-08-11,222,8,0.22519846636839588,2025,"{""type"":""MultiPoint"",""coordinates"":[]}"
20250812,2025-08-12,223,8,20.07576914337938,2025,"{""type"":""MultiPoint"",""coordinates"":[]}"
20250813,2025-08-13,224,8,25.704485266344175,2025,"{""type"":""MultiPoint"",""coordinates"":[]}"
20250814,2025-08-14,225,8,0.28891231074477686,2025,"{""type"":""MultiPoint"",""coordinates"":[]}"
20250815,2025-08-15,226,8,1.6040030091463824,2025,"{""type"":""MultiPoint"",""coordinates"":[]}"
20250816,2025-08-16,227,8,19.91189041806344,2025,"{""type"":""MultiPoint"",""coordinates"":[]}"
20250817,2025-08-17,228,8,0.0,2025,"{""type"":""MultiPoint"",""coordinates"":[]}"
20250818,2025-08-18,229,8,0.0,2025,"{""type"":""MultiPoint"",""coordinates"":[]}"
20250819,2025-08-19,230,8,0.0,2025,"{""type"":""MultiPoint"",""coordinates"":[]}"
20250820,2025-08-20,231,8,18.72420982286042,2025,"{""type"":""MultiPoint"",""coordinates"":[]}"
20250821,2025-08-21,232,8,1.8824455147333539,2025,"{""type"":""MultiPoint"",""coordinates"":[]}"
20250822,2025-08-22,233,8,0.0,2025,"{""type"":""MultiPoint"",""coordinates"":[]}"
20250823,2025-08-23,234,8,22.879892098972128,2025,"{""type"":""MultiPoint"",""coordinates"":[]}"
20250824,2025-08-24,235,8,1.0111941145679506,2025,"{""type"":""MultiPoint"",""coordinates"":[]}"
20250825,2025-08-25,236,8,12.695601483811764,2025,"{""type"":""MultiPoint"",""coordinates"":[]}"
20250826,2025-08-26,237,8,4.870788879738299,2025,"{""type"":""MultiPoint"",""coordinates"":[]}"
20250827,2025-08-27,238,8,2.96674535599858,2025,"{""type"":""MultiPoint"",""coordinates"":[]}"
20250828,2025-08-28,239,8,12.495444349261362,2025,"{""type"":""MultiPoint"",""coordinates"":[]}"
20250829,2025-08-29,240,8,32.31007446338928,2025,"{""type"":""MultiPoint"",""coordinates"":[]}"
20250830,2025-08-30,241,8,7.51033853733745,2025,"{""type"":""MultiPoint"",""coordinates"":[]}"
20250831,2025-08-31,242,8,3.974268226298655,2025,"{""type"":""MultiPoint"",""coordinates"":[]}"
20250901,2025-09-01,243,9,15.11979263242955,2025,"{""type"":""MultiPoint"",""coordinates"":[]}"
20250902,2025-09-02,244,9,8.70477130677965,2025,"{""type"":""MultiPoint"",""coordinates"":[]}"
20250903,2025-09-03,245,9,18.001471689843406,2025,"{""type"":""MultiPoint"",""coordinates"":[]}"
20250904,2025-09-04,246,9,0.0,2025,"{""type"":""MultiPoint"",""coordinates"":[]}"
20250905,2025-09-05,247,9,7.788877880438695,2025,"{""type"":""MultiPoint"",""coordinates"":[]}"
20250906,2025-09-06,248,9,5.82819127687064,2025,"{""type"":""MultiPoint"",""coordinates"":[]}"
20250907,2025-09-07,249,9,5.379602698954905,2025,"{""type"":""MultiPoint"",""coordinates"":[]}"
20250908,2025-09-08,250,9,4.835908448443504,2025,"{""type"":""MultiPoint"",""coordinates"":[]}"
20250909,2025-09-09,251,9,7.864104026708302,2025,"{""type"":""MultiPoint"",""coordinates"":[]}"
20250910,2025-09-10,252,9,0.0,2025,"{""type"":""MultiPoint"",""coordinates"":[]}"
20250911,2025-09-11,253,9,4.8766730291627605,2025,"{""type"":""MultiPoint"",""coordinates"":[]}"
20250912,2025-09-12,254,9,1.592714808392841,2025,"{""type"":""MultiPoint"",""coordinates"":[]}"
20250913,2025-09-13,255,9,6.4978581338052495,2025,"{""type"":""MultiPoint"",""coordinates"":[]}"
20250914,2025-09-14,256,9,8.467521142289057,2025,"{""type"":""MultiPoint"",""coordinates"":[]}"
20250915,2025-09-15,257,9,5.167911450540366,2025,"{""type"":""MultiPoint"",""coordinates"":[]}"
20250916,2025-09-16,258,9,0.033586970979233834,2025,"{""type"":""MultiPoint"",""coordinates"":[]}"
20250917,2025-09-17,259,9,4.1008762413734345,2025,"{""type"":""MultiPoint"",""coordinates"":[]}"
20250918,2025-09-18,260,9,2.3046599586639434,2025,"{""type"":""MultiPoint"",""coordinates"":[]}"
20250919,2025-09-19,261,9,0.3069544320154672,2025,"{""type"":""MultiPoint"",""coordinates"":[]}"
20250920,2025-09-20,262,9,4.339861116637851,2025,"{""type"":""MultiPoint"",""coordinates"":[]}"
20250921,2025-09-21,263,9,4.772485905955347,2025,"{""type"":""MultiPoint"",""coordinates"":[]}"
20250922,2025-09-22,264,9,7.102607288840361,2025,"{""type"":""MultiPoint"",""coordinates"":[]}"
20250923,2025-09-23,265,9,13.01958771511266,2025,"{""type"":""MultiPoint"",""coordinates"":[]}"
20250924,2025-09-24,266,9,2.4433504362157317,2025,"{""type"":""MultiPoint"",""coordinates"":[]}"
20250925,2025-09-25,267,9,11.846313967471502,2025,"{""type"":""MultiPoint"",""coordinates"":[]}"
20250926,2025-09-26,268,9,2.7102246487062738,2025,"{""type"":""MultiPoint"",""coordinates"":[]}"
20250927,2025-09-27,269,9,0.5035393623390583,2025,"{""type"":""MultiPoint"",""coordinates"":[]}"
20250928,2025-09-28,270,9,4.18968320723972,2025,"{""type"":""MultiPoint"",""coordinates"":[]}"
20250929,2025-09-29,271,9,5.224331149159622,2025,"{""type"":""MultiPoint"",""coordinates"":[]}"
20250930,2025-09-30,272,9,0.9278542245111977,2025,"{""type"":""MultiPoint"",""coordinates"":[]}"
20251001,2025-10-01,273,10,1.8033433512700243,2025,"{""type"":""MultiPoint"",""coordinates"":[]}"
20251002,2025-10-02,274,10,0.0,2025,"{""type"":""MultiPoint"",""coordinates"":[]}"
20251003,2025-10-03,275,10,0.0,2025,"{""type"":""MultiPoint"",""coordinates"":[]}"
20251004,2025-10-04,276,10,0.0,2025,"{""type"":""MultiPoint"",""coordinates"":[]}"
20251005,2025-10-05,277,10,0.13791710770491397,2025,"{""type"":""MultiPoint"",""coordinates"":[]}"
20251006,2025-10-06,278,10,0.4552161338884634,2025,"{""type"":""MultiPoint"",""coordinates"":[]}"
20251007,2025-10-07,279,10,7.377025416944497E-4,2025,"{""type"":""MultiPoint"",""coordinates"":[]}"
20251008,2025-10-08,280,10,0.018571843870659632,2025,"{""type"":""MultiPoint"",""coordinates"":[]}"
20251009,2025-10-09,281,10,0.006226279406805285,2025,"{""type"":""MultiPoint"",""coordinates"":[]}"
20251010,2025-10-10,282,10,0.3973980582652883,2025,"{""type"":""MultiPoint"",""coordinates"":[]}"
20251011,2025-10-11,283,10,0.013773792921894729,2025,"{""type"":""MultiPoint"",""coordinates"":[]}"
20251012,2025-10-12,284,10,2.5985060321574025,2025,"{""type"":""MultiPoint"",""coordinates"":[]}"
20251013,2025-10-13,285,10,2.9108597542135097,2025,"{""type"":""MultiPoint"",""coordinates"":[]}"
20251014,2025-10-14,286,10,0.022846867623105338,2025,"{""type"":""MultiPoint"",""coordinates"":[]}"
20251015,2025-10-15,287,10,0.0,2025,"{""type"":""MultiPoint"",""coordinates"":[]}"
20251016,2025-10-16,288,10,2.7614077809872684,2025,"{""type"":""MultiPoint"",""coordinates"":[]}"
20251017,2025-10-17,289,10,0.0,2025,"{""type"":""MultiPoint"",""coordinates"":[]}"
20251018,2025-10-18,290,10,0.0,2025,"{""type"":""MultiPoint"",""coordinates"":[]}"
20251019,2025-10-19,291,10,0.0,2025,"{""type"":""MultiPoint"",""coordinates"":[]}"
20251020,2025-10-20,292,10,0.0,2025,"{""type"":""MultiPoint"",""coordinates"":[]}"
20251021,2025-10-21,293,10,0.0,2025,"{""type"":""MultiPoint"",""coordinates"":[]}"
20251022,2025-10-22,294,10,0.0,2025,"{""type"":""MultiPoint"",""coordinates"":[]}"
20251023,2025-10-23,295,10,0.0,2025,"{""type"":""MultiPoint"",""coordinates"":[]}"
20251024,2025-10-24,296,10,0.0,2025,"{""type"":""MultiPoint"",""coordinates"":[]}"
20251025,2025-10-25,297,10,0.0,2025,"{""type"":""MultiPoint"",""coordinates"":[]}"
20251026,2025-10-26,298,10,0.03709851632993701,2025,"{""type"":""MultiPoint"",""coordinates"":[]}"
20251027,2025-10-27,299,10,0.0,2025,"{""type"":""MultiPoint"",""coordinates"":[]}"
20251028,2025-10-28,300,10,0.0,2025,"{""type"":""MultiPoint"",""coordinates"":[]}"
20251029,2025-10-29,301,10,0.3689688754674349,2025,"{""type"":""MultiPoint"",""coordinates"":[]}"
20251030,2025-10-30,302,10,0.27113878622482873,2025,"{""type"":""MultiPoint"",""coordinates"":[]}"
20251031,2025-10-31,303,10,0.0,2025,"{""type"":""MultiPoint"",""coordinates"":[]}"
20251101,2025-11-01,304,11,0.0,2025,"{""type"":""MultiPoint"",""coordinates"":[]}"
20251102,2025-11-02,305,11,0.0,2025,"{""type"":""MultiPoint"",""coordinates"":[]}"
20251103,2025-11-03,306,11,0.0,2025,"{""type"":""MultiPoint"",""coordinates"":[]}"
20251104,2025-11-04,307,11,0.0,2025,"{""type"":""MultiPoint"",""coordinates"":[]}"
20251105,2025-11-05,308,11,0.0,2025,"{""type"":""MultiPoint"",""coordinates"":[]}"
20251106,2025-11-06,309,11,0.0,2025,"{""type"":""MultiPoint"",""coordinates"":[]}"
20251107,2025-11-07,310,11,0.0,2025,"{""type"":""MultiPoint"",""coordinates"":[]}"
20251108,2025-11-08,311,11,0.0,2025,"{""type"":""MultiPoint"",""coordinates"":[]}"
20251109,2025-11-09,312,11,0.0,2025,"{""type"":""MultiPoint"",""coordinates"":[]}"
20251110,2025-11-10,313,11,0.0,2025,"{""type"":""MultiPoint"",""coordinates"":[]}"
20251111,2025-11-11,314,11,0.0,2025,"{""type"":""MultiPoint"",""coordinates"":[]}"
20251112,2025-11-12,315,11,0.0,2025,"{""type"":""MultiPoint"",""coordinates"":[]}"
20251113,2025-11-13,316,11,0.0,2025,"{""type"":""MultiPoint"",""coordinates"":[]}"
20251114,2025-11-14,317,11,0.0,2025,"{""type"":""MultiPoint"",""coordinates"":[]}"
20251115,2025-11-15,318,11,0.0,2025,"{""type"":""MultiPoint"",""coordinates"":[]}"
20251116,2025-11-16,319,11,0.0,2025,"{""type"":""MultiPoint"",""coordinates"":[]}"
20251117,2025-11-17,320,11,0.0,2025,"{""type"":""MultiPoint"",""coordinates"":[]}"
20251118,2025-11-18,321,11,0.0,2025,"{""type"":""MultiPoint"",""coordinates"":[]}"
20251119,2025-11-19,322,11,0.0,2025,"{""type"":""MultiPoint"",""coordinates"":[]}"
20251120,2025-11-20,323,11,0.0,2025,"{""type"":""MultiPoint"",""coordinates"":[]}"
20251121,2025-11-21,324,11,0.0,2025,"{""type"":""MultiPoint"",""coordinates"":[]}"
20251122,2025-11-22,325,11,0.0,2025,"{""type"":""MultiPoint"",""coordinates"":[]}"
20251123,2025-11-23,326,11,0.0,2025,"{""type"":""MultiPoint"",""coordinates"":[]}"
20251124,2025-11-24,327,11,0.0,2025,"{""type"":""MultiPoint"",""coordinates"":[]}"
20251125,2025-11-25,328,11,8.582844488654019E-4,2025,"{""type"":""MultiPoint"",""coordinates"":[]}"
20251126,2025-11-26,329,11,0.0,2025,"{""type"":""MultiPoint"",""coordinates"":[]}"
20251127,2025-11-27,330,11,1.240989184466346E-5,2025,"{""type"":""MultiPoint"",""coordinates"":[]}"
20251128,2025-11-28,331,11,0.0,2025,"{""type"":""MultiPoint"",""coordinates"":[]}"
20251129,2025-11-29,332,11,9.236767810412824E-7,2025,"{""type"":""MultiPoint"",""coordinates"":[]}"
20251130,2025-11-30,333,11,0.0,2025,"{""type"":""MultiPoint"",""coordinates"":[]}"
20251201,2025-12-01,334,12,0.0,2025,"{""type"":""MultiPoint"",""coordinates"":[]}"
20251202,2025-12-02,335,12,0.0,2025,"{""type"":""MultiPoint"",""coordinates"":[]}"
20251203,2025-12-03,336,12,0.0,2025,"{""type"":""MultiPoint"",""coordinates"":[]}"
20251204,2025-12-04,337,12,0.0,2025,"{""type"":""MultiPoint"",""coordinates"":[]}"
20251205,2025-12-05,338,12,0.0,2025,"{""type"":""MultiPoint"",""coordinates"":[]}"
20251206,2025-12-06,339,12,0.0,2025,"{""type"":""MultiPoint"",""coordinates"":[]}"
20251207,2025-12-07,340,12,0.0,2025,"{""type"":""MultiPoint"",""coordinates"":[]}"
20251208,2025-12-08,341,12,0.0,2025,"{""type"":""MultiPoint"",""coordinates"":[]}"
20251209,2025-12-09,342,12,0.0,2025,"{""type"":""MultiPoint"",""coordinates"":[]}"
20251210,2025-12-10,343,12,0.0,2025,"{""type"":""MultiPoint"",""coordinates"":[]}"
20251211,2025-12-11,344,12,0.0,2025,"{""type"":""MultiPoint"",""coordinates"":[]}"
20251212,2025-12-12,345,12,0.0,2025,"{""type"":""MultiPoint"",""coordinates"":[]}"
20251213,2025-12-13,346,12,0.0,2025,"{""type"":""MultiPoint"",""coordinates"":[]}"
20251214,2025-12-14,347,12,0.0,2025,"{""type"":""MultiPoint"",""coordinates"":[]}"
20251215,2025-12-15,348,12,0.0,2025,"{""type"":""MultiPoint"",""coordinates"":[]}"
20251216,2025-12-16,349,12,0.0,2025,"{""type"":""MultiPoint"",""coordinates"":[]}"
20251217,2025-12-17,350,12,0.0,2025,"{""type"":""MultiPoint"",""coordinates"":[]}"
20251218,2025-12-18,351,12,0.0,2025,"{""type"":""MultiPoint"",""coordinates"":[]}"
20251219,2025-12-19,352,12,0.0,2025,"{""type"":""MultiPoint"",""coordinates"":[]}"
20251220,2025-12-20,353,12,0.0,2025,"{""type"":""MultiPoint"",""coordinates"":[]}"
20251221,2025-12-21,354,12,0.0,2025,"{""type"":""MultiPoint"",""coordinates"":[]}"
20251222,2025-12-22,355,12,0.0,2025,"{""type"":""MultiPoint"",""coordinates"":[]}"
20251223,2025-12-23,356,12,0.0,2025,"{""type"":""MultiPoint"",""coordinates"":[]}"
20251224,2025-12-24,357,12,0.0,2025,"{""type"":""MultiPoint"",""coordinates"":[]}"
20251225,2025-12-25,358,12,0.0,2025,"{""type"":""MultiPoint"",""coordinates"":[]}"
20251226,2025-12-26,359,12,0.0,2025,"{""type"":""MultiPoint"",""coordinates"":[]}"
20251227,2025-12-27,360,12,0.0,2025,"{""type"":""MultiPoint"",""coordinates"":[]}"
20251228,2025-12-28,361,12,0.0,2025,"{""type"":""MultiPoint"",""coordinates"":[]}"
20251229,2025-12-29,362,12,0.0,2025,"{""type"":""MultiPoint"",""coordinates"":[]}"
20251230,2025-12-30,363,12,0.0,2025,"{""type"":""MultiPoint"",""coordinates"":[]}"
